setting,lambda_reward,condition,seed,method,calibration_budget,do_mae,top_set_disagreement,mean_regret,selected_rank,calibration_replicates
M2_diverse,0.0,confounded,0,MSCSC_correct_source,0,0.025825070408805162,0.4155844155844156,0.0018368810015890126,0.0,5
M2_diverse,0.0,confounded,0,MSCSC_correct_source,16,0.03218388100261575,0.5220779220779221,0.0016580173716363865,0.2,5
M2_diverse,0.0,confounded,0,MSCSC_correct_source,64,0.02914111508985697,0.3454545454545454,0.0013851596669198682,0.0,5
M2_diverse,0.0,confounded,0,MSCSC_source_shuffle,0,0.02549543102550684,0.38961038961038963,0.001539324985545929,0.0,5
M2_diverse,0.0,confounded,0,MSCSC_source_shuffle,16,0.03747392100838489,0.5844155844155844,0.0019413227534502582,0.6,5
M2_diverse,0.0,confounded,0,MSCSC_source_shuffle,64,0.03002034552385973,0.3974025974025975,0.0016350416206340618,0.2,5
M2_diverse,0.0,confounded,0,pooled_rank0,0,0.02603191730840414,0.4025974025974026,0.0018579567305237084,0.0,5
M2_diverse,0.0,confounded,0,pooled_rank0,16,0.03167820180634766,0.5246753246753246,0.0016406069177597772,0.0,5
M2_diverse,0.0,confounded,0,pooled_rank0,64,0.030475337401278467,0.32727272727272727,0.0014210884706551043,0.0,5
M2_diverse,0.0,confounded,1,MSCSC_correct_source,0,0.027728914773825573,0.4675324675324675,0.002086387884442198,0.0,5
M2_diverse,0.0,confounded,1,MSCSC_correct_source,16,0.030932423502361257,0.7246753246753246,0.003567005548448915,0.0,5
M2_diverse,0.0,confounded,1,MSCSC_correct_source,64,0.03394137220751557,0.7766233766233765,0.0030320040659546363,0.4,5
M2_diverse,0.0,confounded,1,MSCSC_source_shuffle,0,0.02783139901332351,0.4805194805194805,0.0021194112318821496,0.0,5
M2_diverse,0.0,confounded,1,MSCSC_source_shuffle,16,0.03063734486773742,0.7532467532467532,0.003775891280806383,0.0,5
M2_diverse,0.0,confounded,1,MSCSC_source_shuffle,64,0.03186086175735355,0.7662337662337662,0.0030493750069307624,0.4,5
M2_diverse,0.0,confounded,1,pooled_rank0,0,0.02879839749755856,0.4805194805194805,0.0023304461900889883,0.0,5
M2_diverse,0.0,confounded,1,pooled_rank0,16,0.03152460482311932,0.7246753246753246,0.003422782124854925,0.0,5
M2_diverse,0.0,confounded,1,pooled_rank0,64,0.030202281149693228,0.7922077922077921,0.003153629305985342,0.0,5
M2_diverse,0.0,confounded,2,MSCSC_correct_source,0,0.02955288091955129,0.42857142857142855,0.00159659050065723,0.0,5
M2_diverse,0.0,confounded,2,MSCSC_correct_source,16,0.049351005046700196,0.3766233766233766,0.001258723551433033,0.4,5
M2_diverse,0.0,confounded,2,MSCSC_correct_source,64,0.03283313653462293,0.46493506493506487,0.0017814431621356157,0.6,5
M2_diverse,0.0,confounded,2,MSCSC_source_shuffle,0,0.02918191984593193,0.4545454545454545,0.0018285900101120598,0.0,5
M2_diverse,0.0,confounded,2,MSCSC_source_shuffle,16,0.04374808128444291,0.38181818181818183,0.0011738418593326063,0.2,5
M2_diverse,0.0,confounded,2,MSCSC_source_shuffle,64,0.03180204709159752,0.41558441558441556,0.0015090079606001046,0.2,5
M2_diverse,0.0,confounded,2,pooled_rank0,0,0.03005345720728017,0.4805194805194805,0.0019921107102050203,0.0,5
M2_diverse,0.0,confounded,2,pooled_rank0,16,0.04089940218674759,0.3116883116883117,0.0009322449161754126,0.0,5
M2_diverse,0.0,confounded,2,pooled_rank0,64,0.03185926991957242,0.4025974025974026,0.001485508490255525,0.0,5
M2_diverse,0.01,confounded,0,MSCSC_correct_source,0,0.025110665849540435,0.5584415584415584,0.003031502300997356,0.0,5
M2_diverse,0.01,confounded,0,MSCSC_correct_source,16,0.04005297113841476,0.6675324675324674,0.0023399334240582336,0.8,5
M2_diverse,0.01,confounded,0,MSCSC_correct_source,64,0.03009009892231862,0.35324675324675325,0.0013851179275176846,0.4,5
M2_diverse,0.01,confounded,0,MSCSC_source_shuffle,0,0.024611151101482334,0.5714285714285714,0.0028022846047931556,0.0,5
M2_diverse,0.01,confounded,0,MSCSC_source_shuffle,16,0.034684891478316125,0.6285714285714286,0.0020251975961343275,0.6,5
M2_diverse,0.01,confounded,0,MSCSC_source_shuffle,64,0.031235567813937055,0.41818181818181815,0.0015027116272121176,0.2,5
M2_diverse,0.01,confounded,0,pooled_rank0,0,0.026629946953122312,0.5714285714285714,0.0027143415294865227,0.0,5
M2_diverse,0.01,confounded,0,pooled_rank0,16,0.031110614765707346,0.5766233766233766,0.0018377102743483496,0.0,5
M2_diverse,0.01,confounded,0,pooled_rank0,64,0.030834523417688088,0.35584415584415585,0.0014686298967643632,0.0,5
M2_diverse,0.01,confounded,1,MSCSC_correct_source,0,0.02876417843794002,0.6623376623376623,0.003334071774098408,0.0,5
M2_diverse,0.01,confounded,1,MSCSC_correct_source,16,0.03872051331557488,0.6805194805194805,0.002917742315456971,0.4,5
M2_diverse,0.01,confounded,1,MSCSC_correct_source,64,0.03193427604489778,0.7688311688311689,0.0028193021144986576,0.2,5
M2_diverse,0.01,confounded,1,MSCSC_source_shuffle,0,0.029848674182125064,0.6753246753246753,0.003502220540161359,0.0,5
M2_diverse,0.01,confounded,1,MSCSC_source_shuffle,16,0.03268859056875368,0.761038961038961,0.0036374201866165275,0.0,5
M2_diverse,0.01,confounded,1,MSCSC_source_shuffle,64,0.035206376881017645,0.6701298701298701,0.002652445847806447,0.4,5
M2_diverse,0.01,confounded,1,pooled_rank0,0,0.02728472783684479,0.7012987012987013,0.003949891395925607,0.0,5
M2_diverse,0.01,confounded,1,pooled_rank0,16,0.030805286437775598,0.7740259740259741,0.0036373058811192136,0.0,5
M2_diverse,0.01,confounded,1,pooled_rank0,64,0.030111277178644848,0.8051948051948052,0.0029217303548510405,0.0,5
M2_diverse,0.01,confounded,2,MSCSC_correct_source,0,0.0293274507674536,0.5844155844155844,0.0025201872738209153,0.0,5
M2_diverse,0.01,confounded,2,MSCSC_correct_source,16,0.04636895997768936,0.39480519480519477,0.0012325885427921345,0.2,5
M2_diverse,0.01,confounded,2,MSCSC_correct_source,64,0.03252045034395592,0.3116883116883117,0.0009851567875584911,0.2,5
M2_diverse,0.01,confounded,2,MSCSC_source_shuffle,0,0.029242958846053442,0.5844155844155844,0.002514286863491755,0.0,5
M2_diverse,0.01,confounded,2,MSCSC_source_shuffle,16,0.038948429477822885,0.36103896103896105,0.0010844088708942593,0.0,5
M2_diverse,0.01,confounded,2,MSCSC_source_shuffle,64,0.031730663979600685,0.35324675324675325,0.0011772764300650648,0.2,5
M2_diverse,0.01,confounded,2,pooled_rank0,0,0.030503927153919353,0.6233766233766234,0.0028976711682604126,0.0,5
M2_diverse,0.01,confounded,2,pooled_rank0,16,0.04023604824630668,0.37922077922077924,0.0011329744318978997,0.0,5
M2_diverse,0.01,confounded,2,pooled_rank0,64,0.031635553441222694,0.36363636363636365,0.0013306192818729465,0.0,5
M2_diverse,0.05,confounded,0,MSCSC_correct_source,0,0.030172169246791253,0.922077922077922,0.005524038539298913,0.0,5
M2_diverse,0.05,confounded,0,MSCSC_correct_source,16,0.037073603961330234,0.5922077922077922,0.0021958070058862946,0.2,5
M2_diverse,0.05,confounded,0,MSCSC_correct_source,64,0.03331499514634031,0.33766233766233766,0.0011157313647095987,0.0,5
M2_diverse,0.05,confounded,0,MSCSC_source_shuffle,0,0.030081384894885793,0.8961038961038961,0.005343957710496702,0.0,5
M2_diverse,0.05,confounded,0,MSCSC_source_shuffle,16,0.036012772200384076,0.5922077922077922,0.0020310809009020684,0.0,5
M2_diverse,0.05,confounded,0,MSCSC_source_shuffle,64,0.03356338246310719,0.33506493506493507,0.001087044345121068,0.0,5
M2_diverse,0.05,confounded,0,pooled_rank0,0,0.03060265205917827,0.922077922077922,0.005555312041638156,0.0,5
M2_diverse,0.05,confounded,0,pooled_rank0,16,0.03732472707263623,0.5714285714285714,0.001990193646147502,0.0,5
M2_diverse,0.05,confounded,0,pooled_rank0,64,0.03429984921105739,0.33766233766233766,0.0012067601200138477,0.0,5
M2_diverse,0.05,confounded,1,MSCSC_correct_source,0,0.03684241834944909,0.8961038961038961,0.00556541784595753,0.0,5
M2_diverse,0.05,confounded,1,MSCSC_correct_source,16,0.04659698573422245,0.7038961038961039,0.0035373820527138757,0.2,5
M2_diverse,0.05,confounded,1,MSCSC_correct_source,64,0.03973632124390971,0.561038961038961,0.0018780333062231266,0.0,5
M2_diverse,0.05,confounded,1,MSCSC_source_shuffle,0,0.03655811349379077,0.8961038961038961,0.00556541784595753,0.0,5
M2_diverse,0.05,confounded,1,MSCSC_source_shuffle,16,0.04187948591630416,0.7558441558441558,0.0034373366427911506,0.0,5
M2_diverse,0.05,confounded,1,MSCSC_source_shuffle,64,0.03994156365733565,0.561038961038961,0.001832351891413763,0.0,5
M2_diverse,0.05,confounded,1,pooled_rank0,0,0.03531991093646746,0.909090909090909,0.0056027610138583255,0.0,5
M2_diverse,0.05,confounded,1,pooled_rank0,16,0.04021612045166905,0.7766233766233765,0.0034241445897547204,0.0,5
M2_diverse,0.05,confounded,1,pooled_rank0,64,0.03742380219750466,0.6025974025974026,0.0020028659052633195,0.0,5
M2_diverse,0.05,confounded,2,MSCSC_correct_source,0,0.034582894974746925,0.935064935064935,0.005712240771753622,0.0,5
M2_diverse,0.05,confounded,2,MSCSC_correct_source,16,0.04685520459582325,0.4675324675324675,0.0015478602162114416,0.2,5
M2_diverse,0.05,confounded,2,MSCSC_correct_source,64,0.03290567427045622,0.2649350649350649,0.0008487001948161109,0.0,5
M2_diverse,0.05,confounded,2,MSCSC_source_shuffle,0,0.034555166853261036,0.935064935064935,0.005746490186160407,0.0,5
M2_diverse,0.05,confounded,2,MSCSC_source_shuffle,16,0.04190447489323211,0.5142857142857142,0.0016055988216406524,0.0,5
M2_diverse,0.05,confounded,2,MSCSC_source_shuffle,64,0.03285388639269513,0.2753246753246753,0.000850397245773777,0.0,5
M2_diverse,0.05,confounded,2,pooled_rank0,0,0.03510653477410491,0.909090909090909,0.005585454517751304,0.0,5
M2_diverse,0.05,confounded,2,pooled_rank0,16,0.041895579038898956,0.46493506493506487,0.00146747500451215,0.0,5
M2_diverse,0.05,confounded,2,pooled_rank0,64,0.03308615848917842,0.2363636363636364,0.0007851922661320131,0.0,5
M5_diverse,0.0,confounded,0,MSCSC_correct_source,0,0.025087374002234243,0.42857142857142855,0.0019031045458938697,0.0,5
M5_diverse,0.0,confounded,0,MSCSC_correct_source,16,0.035724224040321544,0.6337662337662338,0.001974116960716028,0.4,5
M5_diverse,0.0,confounded,0,MSCSC_correct_source,64,0.029184397285280023,0.33246753246753247,0.0013898940536476766,0.0,5
M5_diverse,0.0,confounded,0,MSCSC_source_shuffle,0,0.02610523637349122,0.38961038961038963,0.0017525992691959625,0.0,5
M5_diverse,0.0,confounded,0,MSCSC_source_shuffle,16,0.0358533022785841,0.48571428571428577,0.001596538947282161,0.4,5
M5_diverse,0.0,confounded,0,MSCSC_source_shuffle,64,0.030407116335225786,0.35064935064935066,0.001522217889633931,0.2,5
M5_diverse,0.0,confounded,0,pooled_rank0,0,0.025901827290725394,0.4155844155844156,0.0018727769703784894,0.0,5
M5_diverse,0.0,confounded,0,pooled_rank0,16,0.031331067549138614,0.4597402597402597,0.0013885376746025151,0.0,5
M5_diverse,0.0,confounded,0,pooled_rank0,64,0.02958154909096159,0.3220779220779221,0.0013480413539617606,0.0,5
M5_diverse,0.0,confounded,1,MSCSC_correct_source,0,0.027231823404187235,0.49350649350649356,0.0023602687082665236,0.0,5
M5_diverse,0.0,confounded,1,MSCSC_correct_source,16,0.03258638593846923,0.7688311688311689,0.0033293964419952803,0.2,5
M5_diverse,0.0,confounded,1,MSCSC_correct_source,64,0.029161208304900554,0.6935064935064935,0.002785272610050903,0.4,5
M5_diverse,0.0,confounded,1,MSCSC_source_shuffle,0,0.027324833125821256,0.5194805194805194,0.0022422804129414303,0.0,5
M5_diverse,0.0,confounded,1,MSCSC_source_shuffle,16,0.03153842019803345,0.7012987012987013,0.0031865111009722114,0.2,5
M5_diverse,0.0,confounded,1,MSCSC_source_shuffle,64,0.03327119191157649,0.7298701298701299,0.0029103615904136682,0.4,5
M5_diverse,0.0,confounded,1,pooled_rank0,0,0.02564816427405193,0.5324675324675324,0.002668176141838351,0.0,5
M5_diverse,0.0,confounded,1,pooled_rank0,16,0.029298631739434155,0.7064935064935065,0.0035832822345973022,0.0,5
M5_diverse,0.0,confounded,1,pooled_rank0,64,0.027964137580661446,0.8077922077922077,0.003076878539810419,0.0,5
M5_diverse,0.0,confounded,2,MSCSC_correct_source,0,0.029599878362663045,0.4025974025974026,0.0017284424983302065,0.0,5
M5_diverse,0.0,confounded,2,MSCSC_correct_source,16,0.04280147279130208,0.36363636363636365,0.0011723688562877443,0.2,5
M5_diverse,0.0,confounded,2,MSCSC_correct_source,64,0.03172400466520774,0.37922077922077924,0.0013038061047666249,0.2,5
M5_diverse,0.0,confounded,2,MSCSC_source_shuffle,0,0.028931054299793785,0.4545454545454545,0.0019264824049925835,0.0,5
M5_diverse,0.0,confounded,2,MSCSC_source_shuffle,16,0.0452460777698937,0.387012987012987,0.0012365169129563845,0.2,5
M5_diverse,0.0,confounded,2,MSCSC_source_shuffle,64,0.030433980516896997,0.37402597402597404,0.0012898674851879936,0.0,5
M5_diverse,0.0,confounded,2,pooled_rank0,0,0.028877196296992858,0.4545454545454545,0.0016822143039400817,0.0,5
M5_diverse,0.0,confounded,2,pooled_rank0,16,0.03929890322369379,0.34025974025974026,0.0009969174875211575,0.0,5
M5_diverse,0.0,confounded,2,pooled_rank0,64,0.030569788335159755,0.3246753246753247,0.0011162683692915118,0.0,5
M5_diverse,0.01,confounded,0,MSCSC_correct_source,0,0.02583187633020235,0.6103896103896104,0.003012065466114991,0.0,5
M5_diverse,0.01,confounded,0,MSCSC_correct_source,16,0.03290239486327441,0.5532467532467532,0.0018379036234161396,0.2,5
M5_diverse,0.01,confounded,0,MSCSC_correct_source,64,0.029312117971412706,0.322077922077922,0.001191228220624843,0.0,5
M5_diverse,0.01,confounded,0,MSCSC_source_shuffle,0,0.026486996982830864,0.6233766233766234,0.0030389109101399444,0.0,5
M5_diverse,0.01,confounded,0,MSCSC_source_shuffle,16,0.03419007774711957,0.5558441558441558,0.0018468540281192697,0.2,5
M5_diverse,0.01,confounded,0,MSCSC_source_shuffle,64,0.030152009569643683,0.3194805194805195,0.00118784688839696,0.0,5
M5_diverse,0.01,confounded,0,pooled_rank0,0,0.0261987737767213,0.5714285714285714,0.002839999329990601,0.0,5
M5_diverse,0.01,confounded,0,pooled_rank0,16,0.031057705308264016,0.48571428571428577,0.0015309211728025166,0.0,5
M5_diverse,0.01,confounded,0,pooled_rank0,64,0.028968407037146558,0.3142857142857143,0.0013108780267484493,0.0,5
M5_diverse,0.01,confounded,1,MSCSC_correct_source,0,0.027330742616374953,0.7142857142857143,0.003629416487844184,0.0,5
M5_diverse,0.01,confounded,1,MSCSC_correct_source,16,0.03091842717185812,0.7948051948051947,0.003646582037705194,0.0,5
M5_diverse,0.01,confounded,1,MSCSC_correct_source,64,0.031454376610292586,0.6831168831168831,0.0027317387535444144,0.6,5
M5_diverse,0.01,confounded,1,MSCSC_source_shuffle,0,0.02721973582671101,0.6103896103896104,0.0030144104491876193,0.0,5
M5_diverse,0.01,confounded,1,MSCSC_source_shuffle,16,0.03671631516551625,0.7116883116883116,0.0031055195662731193,0.2,5
M5_diverse,0.01,confounded,1,MSCSC_source_shuffle,64,0.033133010586345324,0.6051948051948053,0.0025889063538808723,0.6,5
M5_diverse,0.01,confounded,1,pooled_rank0,0,0.027651072483633566,0.6493506493506493,0.0036364002698642183,0.0,5
M5_diverse,0.01,confounded,1,pooled_rank0,16,0.03176622463676336,0.7142857142857142,0.0035383697042659355,0.0,5
M5_diverse,0.01,confounded,1,pooled_rank0,64,0.030094986129437007,0.7402597402597403,0.002775670245850926,0.0,5
M5_diverse,0.01,confounded,2,MSCSC_correct_source,0,0.0290580449194822,0.5584415584415584,0.0027218437463614707,0.0,5
M5_diverse,0.01,confounded,2,MSCSC_correct_source,16,0.04038437628579733,0.2077922077922078,0.0006162473189744336,0.2,5
M5_diverse,0.01,confounded,2,MSCSC_correct_source,64,0.029879726304204067,0.34285714285714286,0.0010732847449435436,0.0,5
M5_diverse,0.01,confounded,2,MSCSC_source_shuffle,0,0.02908908081518229,0.5454545454545454,0.0026969008437260737,0.0,5
M5_diverse,0.01,confounded,2,MSCSC_source_shuffle,16,0.04279160171259346,0.4597402597402597,0.0017147300868923742,0.4,5
M5_diverse,0.01,confounded,2,MSCSC_source_shuffle,64,0.03097219622932314,0.39480519480519477,0.0013980150018293766,0.4,5
M5_diverse,0.01,confounded,2,pooled_rank0,0,0.02925782986540625,0.5974025974025974,0.0029081627612716206,0.0,5
M5_diverse,0.01,confounded,2,pooled_rank0,16,0.03838867561016866,0.3948051948051948,0.0011838128996222556,0.0,5
M5_diverse,0.01,confounded,2,pooled_rank0,64,0.029878117790272045,0.3220779220779221,0.0010073241817263085,0.0,5
M5_diverse,0.05,confounded,0,MSCSC_correct_source,0,0.03447926547694542,0.8961038961038961,0.005290445164727237,0.0,5
M5_diverse,0.05,confounded,0,MSCSC_correct_source,16,0.04038089806527724,0.5064935064935066,0.001805270409153389,0.2,5
M5_diverse,0.05,confounded,0,MSCSC_correct_source,64,0.03530136221347297,0.33766233766233766,0.0011456782655673385,0.0,5
M5_diverse,0.05,confounded,0,MSCSC_source_shuffle,0,0.03423126649525878,0.8961038961038961,0.005307893587001603,0.0,5
M5_diverse,0.05,confounded,0,MSCSC_source_shuffle,16,0.043372693491514167,0.48311688311688317,0.0017652484774484827,0.4,5
M5_diverse,0.05,confounded,0,MSCSC_source_shuffle,64,0.034986515081493585,0.34545454545454546,0.0011852049737175825,0.0,5
M5_diverse,0.05,confounded,0,pooled_rank0,0,0.03194625119216646,0.909090909090909,0.005314588117086466,0.0,5
M5_diverse,0.05,confounded,0,pooled_rank0,16,0.03598423824000606,0.5116883116883117,0.0018037805001538832,0.0,5
M5_diverse,0.05,confounded,0,pooled_rank0,64,0.032408061411508635,0.3688311688311688,0.0012317324959371131,0.0,5
M5_diverse,0.05,confounded,1,MSCSC_correct_source,0,0.03842105908947369,0.8831168831168832,0.0054337860586185375,0.0,5
M5_diverse,0.05,confounded,1,MSCSC_correct_source,16,0.0467926671450717,0.7246753246753247,0.0034329419918151063,0.2,5
M5_diverse,0.05,confounded,1,MSCSC_correct_source,64,0.04453199976783969,0.612987012987013,0.0020878477369432797,0.4,5
M5_diverse,0.05,confounded,1,MSCSC_source_shuffle,0,0.03571998501334829,0.8831168831168832,0.005447867060955343,0.0,5
M5_diverse,0.05,confounded,1,MSCSC_source_shuffle,16,0.04443948493014834,0.7064935064935065,0.0032807993684248874,0.2,5
M5_diverse,0.05,confounded,1,MSCSC_source_shuffle,64,0.038994565428999976,0.5012987012987014,0.0016942045344360789,0.2,5
M5_diverse,0.05,confounded,1,pooled_rank0,0,0.0353167988594882,0.8961038961038961,0.005579498848294335,0.0,5
M5_diverse,0.05,confounded,1,pooled_rank0,16,0.04101645236687431,0.7688311688311689,0.003532413147265574,0.0,5
M5_diverse,0.05,confounded,1,pooled_rank0,64,0.038301231016904996,0.6155844155844155,0.0019717437230104486,0.0,5
M5_diverse,0.05,confounded,2,MSCSC_correct_source,0,0.03622289040498429,0.935064935064935,0.005649612451985537,0.0,5
M5_diverse,0.05,confounded,2,MSCSC_correct_source,16,0.04549494106346051,0.4545454545454546,0.0016576371505163852,0.2,5
M5_diverse,0.05,confounded,2,MSCSC_correct_source,64,0.03469871572527278,0.2207792207792208,0.000789866144343241,0.0,5
M5_diverse,0.05,confounded,2,MSCSC_source_shuffle,0,0.03761065821918957,0.935064935064935,0.005696536636687527,0.0,5
M5_diverse,0.05,confounded,2,MSCSC_source_shuffle,16,0.04428194782572506,0.38701298701298703,0.0012961799127650486,0.0,5
M5_diverse,0.05,confounded,2,MSCSC_source_shuffle,64,0.03706297422010414,0.3064935064935065,0.001131825134973489,0.2,5
M5_diverse,0.05,confounded,2,pooled_rank0,0,0.03666503372251651,0.909090909090909,0.005516270013607748,0.0,5
M5_diverse,0.05,confounded,2,pooled_rank0,16,0.043276047892121805,0.4545454545454545,0.0015657520489091587,0.0,5
M5_diverse,0.05,confounded,2,pooled_rank0,64,0.03389199035560182,0.22337662337662337,0.0008323196060638572,0.0,5
M5_diverse,0.05,independent_latents,0,MSCSC_correct_source,0,0.03053799426749379,0.42857142857142855,0.0023201524024642605,0.0,5
M5_diverse,0.05,independent_latents,0,MSCSC_correct_source,16,0.04180255281004526,0.5948051948051948,0.0021212943567339862,0.2,5
M5_diverse,0.05,independent_latents,0,MSCSC_correct_source,64,0.03338903265251011,0.3246753246753247,0.0011500132547279049,0.0,5
M5_diverse,0.05,independent_latents,0,MSCSC_source_shuffle,0,0.031399486547559925,0.4155844155844156,0.0022334190522484095,0.0,5
M5_diverse,0.05,independent_latents,0,MSCSC_source_shuffle,16,0.03734686666911722,0.6025974025974026,0.0021309023417737673,0.0,5
M5_diverse,0.05,independent_latents,0,MSCSC_source_shuffle,64,0.03346797333583906,0.3194805194805195,0.0011327379538438001,0.0,5
M5_diverse,0.05,independent_latents,0,pooled_rank0,0,0.02654230596258831,0.4675324675324675,0.0022409663593442246,0.0,5
M5_diverse,0.05,independent_latents,0,pooled_rank0,16,0.036391972899664476,0.5480519480519479,0.0018005860731587025,0.0,5
M5_diverse,0.05,independent_latents,0,pooled_rank0,64,0.031493540792152795,0.3454545454545455,0.0012105681231453103,0.0,5
M5_diverse,0.05,independent_latents,1,MSCSC_correct_source,0,0.029894416780167948,0.5454545454545454,0.0025834726221383494,0.0,5
M5_diverse,0.05,independent_latents,1,MSCSC_correct_source,16,0.03659776522604404,0.7870129870129869,0.003616379938256079,0.0,5
M5_diverse,0.05,independent_latents,1,MSCSC_correct_source,64,0.03379215488102126,0.6337662337662338,0.00202291591650872,0.0,5
M5_diverse,0.05,independent_latents,1,MSCSC_source_shuffle,0,0.030360706333750386,0.4545454545454545,0.0021117789080018013,0.0,5
M5_diverse,0.05,independent_latents,1,MSCSC_source_shuffle,16,0.04365230333854643,0.6675324675324676,0.0029917732823166684,0.4,5
M5_diverse,0.05,independent_latents,1,MSCSC_source_shuffle,64,0.032925442581565434,0.5480519480519479,0.0018517006074745522,0.0,5
M5_diverse,0.05,independent_latents,1,pooled_rank0,0,0.0262174233445499,0.5324675324675324,0.0027618405538644,0.0,5
M5_diverse,0.05,independent_latents,1,pooled_rank0,16,0.03747709633033823,0.7688311688311688,0.003548745063331812,0.0,5
M5_diverse,0.05,independent_latents,1,pooled_rank0,64,0.03211762179477209,0.6181818181818182,0.001954845656158779,0.0,5
M5_diverse,0.05,independent_latents,2,MSCSC_correct_source,0,0.032154232010214986,0.4155844155844156,0.0017453188889956345,0.0,5
M5_diverse,0.05,independent_latents,2,MSCSC_correct_source,16,0.043241853733783905,0.36883116883116884,0.0011339736869395974,0.0,5
M5_diverse,0.05,independent_latents,2,MSCSC_correct_source,64,0.03515099665514737,0.5064935064935066,0.0017571389413199557,0.2,5
M5_diverse,0.05,independent_latents,2,MSCSC_source_shuffle,0,0.03172150051312932,0.4025974025974026,0.001673503676184138,0.0,5
M5_diverse,0.05,independent_latents,2,MSCSC_source_shuffle,16,0.047007534467976855,0.4727272727272728,0.0015511944471708144,0.2,5
M5_diverse,0.05,independent_latents,2,MSCSC_source_shuffle,64,0.03351652917470747,0.41818181818181815,0.0012973816223195442,0.0,5
M5_diverse,0.05,independent_latents,2,pooled_rank0,0,0.03243505415589048,0.4155844155844156,0.0018087572427277344,0.0,5
M5_diverse,0.05,independent_latents,2,pooled_rank0,16,0.04566528233526035,0.3246753246753247,0.0011228172768127044,0.0,5
M5_diverse,0.05,independent_latents,2,pooled_rank0,64,0.03480365139825689,0.3506493506493506,0.0011869662676866918,0.0,5
M5_redundant,0.0,confounded,0,MSCSC_correct_source,0,0.025087374002234243,0.42857142857142855,0.0019031045458938697,0.0,5
M5_redundant,0.0,confounded,0,MSCSC_correct_source,16,0.035724224040321544,0.6337662337662338,0.001974116960716028,0.4,5
M5_redundant,0.0,confounded,0,MSCSC_correct_source,64,0.029184397285280023,0.33246753246753247,0.0013898940536476766,0.0,5
M5_redundant,0.0,confounded,0,MSCSC_source_shuffle,0,0.02610523637349122,0.38961038961038963,0.0017525992691959625,0.0,5
M5_redundant,0.0,confounded,0,MSCSC_source_shuffle,16,0.0358533022785841,0.48571428571428577,0.001596538947282161,0.4,5
M5_redundant,0.0,confounded,0,MSCSC_source_shuffle,64,0.030407116335225786,0.35064935064935066,0.001522217889633931,0.2,5
M5_redundant,0.0,confounded,0,pooled_rank0,0,0.025901827290725394,0.4155844155844156,0.0018727769703784894,0.0,5
M5_redundant,0.0,confounded,0,pooled_rank0,16,0.031331067549138614,0.4597402597402597,0.0013885376746025151,0.0,5
M5_redundant,0.0,confounded,0,pooled_rank0,64,0.02958154909096159,0.3220779220779221,0.0013480413539617606,0.0,5
M5_redundant,0.0,confounded,1,MSCSC_correct_source,0,0.027231823404187235,0.49350649350649356,0.0023602687082665236,0.0,5
M5_redundant,0.0,confounded,1,MSCSC_correct_source,16,0.03258638593846923,0.7688311688311689,0.0033293964419952803,0.2,5
M5_redundant,0.0,confounded,1,MSCSC_correct_source,64,0.029161208304900554,0.6935064935064935,0.002785272610050903,0.4,5
M5_redundant,0.0,confounded,1,MSCSC_source_shuffle,0,0.027324833125821256,0.5194805194805194,0.0022422804129414303,0.0,5
M5_redundant,0.0,confounded,1,MSCSC_source_shuffle,16,0.03153842019803345,0.7012987012987013,0.0031865111009722114,0.2,5
M5_redundant,0.0,confounded,1,MSCSC_source_shuffle,64,0.03327119191157649,0.7298701298701299,0.0029103615904136682,0.4,5
M5_redundant,0.0,confounded,1,pooled_rank0,0,0.02564816427405193,0.5324675324675324,0.002668176141838351,0.0,5
M5_redundant,0.0,confounded,1,pooled_rank0,16,0.029298631739434155,0.7064935064935065,0.0035832822345973022,0.0,5
M5_redundant,0.0,confounded,1,pooled_rank0,64,0.027964137580661446,0.8077922077922077,0.003076878539810419,0.0,5
M5_redundant,0.0,confounded,2,MSCSC_correct_source,0,0.029599878362663045,0.4025974025974026,0.0017284424983302065,0.0,5
M5_redundant,0.0,confounded,2,MSCSC_correct_source,16,0.04280147279130208,0.36363636363636365,0.0011723688562877443,0.2,5
M5_redundant,0.0,confounded,2,MSCSC_correct_source,64,0.03172400466520774,0.37922077922077924,0.0013038061047666249,0.2,5
M5_redundant,0.0,confounded,2,MSCSC_source_shuffle,0,0.028931054299793785,0.4545454545454545,0.0019264824049925835,0.0,5
M5_redundant,0.0,confounded,2,MSCSC_source_shuffle,16,0.0452460777698937,0.387012987012987,0.0012365169129563845,0.2,5
M5_redundant,0.0,confounded,2,MSCSC_source_shuffle,64,0.030433980516896997,0.37402597402597404,0.0012898674851879936,0.0,5
M5_redundant,0.0,confounded,2,pooled_rank0,0,0.028877196296992858,0.4545454545454545,0.0016822143039400817,0.0,5
M5_redundant,0.0,confounded,2,pooled_rank0,16,0.03929890322369379,0.34025974025974026,0.0009969174875211575,0.0,5
M5_redundant,0.0,confounded,2,pooled_rank0,64,0.030569788335159755,0.3246753246753247,0.0011162683692915118,0.0,5
M5_redundant,0.01,confounded,0,MSCSC_correct_source,0,0.0262928669651324,0.6103896103896104,0.002936225581289582,0.0,5
M5_redundant,0.01,confounded,0,MSCSC_correct_source,16,0.03465138474439045,0.6337662337662338,0.0020557589883705802,0.4,5
M5_redundant,0.01,confounded,0,MSCSC_correct_source,64,0.030672108510531527,0.37402597402597404,0.0014042793077099984,0.2,5
M5_redundant,0.01,confounded,0,MSCSC_source_shuffle,0,0.026518777845142956,0.6103896103896104,0.002948896184287579,0.0,5
M5_redundant,0.01,confounded,0,MSCSC_source_shuffle,16,0.0364128160830896,0.5168831168831168,0.0016129620882877932,0.6,5
M5_redundant,0.01,confounded,0,MSCSC_source_shuffle,64,0.03069173659206126,0.3168831168831169,0.001195572859799523,0.0,5
M5_redundant,0.01,confounded,0,pooled_rank0,0,0.026219763162441435,0.5714285714285714,0.0029277022860471485,0.0,5
M5_redundant,0.01,confounded,0,pooled_rank0,16,0.031072502489377467,0.4701298701298701,0.0014847299061124459,0.0,5
M5_redundant,0.01,confounded,0,pooled_rank0,64,0.029364854486739655,0.3116883116883117,0.0013271640296629978,0.0,5
M5_redundant,0.01,confounded,1,MSCSC_correct_source,0,0.027185085702060862,0.7012987012987013,0.003626315849839276,0.0,5
M5_redundant,0.01,confounded,1,MSCSC_correct_source,16,0.03091707665901624,0.7610389610389611,0.0035332330482511914,0.0,5
M5_redundant,0.01,confounded,1,MSCSC_correct_source,64,0.03035191055725418,0.683116883116883,0.002633375140247481,0.4,5
M5_redundant,0.01,confounded,1,MSCSC_source_shuffle,0,0.027328694134570786,0.6883116883116883,0.003644189824830467,0.0,5
M5_redundant,0.01,confounded,1,MSCSC_source_shuffle,16,0.03144606358111083,0.6883116883116883,0.0034895149832075084,0.0,5
M5_redundant,0.01,confounded,1,MSCSC_source_shuffle,64,0.03435365004827329,0.7064935064935065,0.002934369965938932,0.4,5
M5_redundant,0.01,confounded,1,pooled_rank0,0,0.026743317752101932,0.7012987012987013,0.003855368764626139,0.0,5
M5_redundant,0.01,confounded,1,pooled_rank0,16,0.031137330231981064,0.7376623376623377,0.003641507934883491,0.0,5
M5_redundant,0.01,confounded,1,pooled_rank0,64,0.029623756072633695,0.7298701298701298,0.002687887114734791,0.0,5
M5_redundant,0.01,confounded,2,MSCSC_correct_source,0,0.02904531127098132,0.5454545454545454,0.0027709007459139974,0.0,5
M5_redundant,0.01,confounded,2,MSCSC_correct_source,16,0.04053347514377151,0.4207792207792208,0.0013305492329648391,0.2,5
M5_redundant,0.01,confounded,2,MSCSC_correct_source,64,0.030729315955524694,0.412987012987013,0.0015581698224264174,0.4,5
M5_redundant,0.01,confounded,2,MSCSC_source_shuffle,0,0.028834611283847195,0.5584415584415584,0.002673455724156026,0.0,5
M5_redundant,0.01,confounded,2,MSCSC_source_shuffle,16,0.03984471480711955,0.2597402597402597,0.0008799755341888992,0.4,5
M5_redundant,0.01,confounded,2,MSCSC_source_shuffle,64,0.030596512610029835,0.4051948051948052,0.0014428691968189893,0.4,5
M5_redundant,0.01,confounded,2,pooled_rank0,0,0.029432066229569787,0.5974025974025974,0.0028654478241515297,0.0,5
M5_redundant,0.01,confounded,2,pooled_rank0,16,0.03816430644720144,0.37662337662337664,0.00113385210238551,0.0,5
M5_redundant,0.01,confounded,2,pooled_rank0,64,0.029738624457017648,0.3142857142857143,0.0010049538741121907,0.0,5
M5_redundant,0.05,confounded,0,MSCSC_correct_source,0,0.030606686748598337,0.909090909090909,0.005611156392899065,0.0,5
M5_redundant,0.05,confounded,0,MSCSC_correct_source,16,0.04610248456271089,0.6285714285714287,0.002214791351652757,0.6,5
M5_redundant,0.05,confounded,0,MSCSC_correct_source,64,0.03231696072388849,0.33506493506493507,0.0011585858315552068,0.0,5
M5_redundant,0.05,confounded,0,MSCSC_source_shuffle,0,0.03111856939716459,0.909090909090909,0.0054956981622239455,0.0,5
M5_redundant,0.05,confounded,0,MSCSC_source_shuffle,16,0.035228051378410154,0.5974025974025974,0.002194177498441553,0.0,5
M5_redundant,0.05,confounded,0,MSCSC_source_shuffle,64,0.03151918935430418,0.33506493506493507,0.0011202914790434469,0.0,5
M5_redundant,0.05,confounded,0,pooled_rank0,0,0.029485194042015727,0.909090909090909,0.005557374694323905,0.0,5
M5_redundant,0.05,confounded,0,pooled_rank0,16,0.035764638227310235,0.5922077922077922,0.0019906823288133894,0.0,5
M5_redundant,0.05,confounded,0,pooled_rank0,64,0.030945615893295097,0.37662337662337664,0.0012501542271054563,0.0,5
M5_redundant,0.05,confounded,1,MSCSC_correct_source,0,0.035469636525515456,0.8961038961038961,0.005460543436690358,0.0,5
M5_redundant,0.05,confounded,1,MSCSC_correct_source,16,0.042615830008043885,0.7428571428571429,0.0033509531517530444,0.2,5
M5_redundant,0.05,confounded,1,MSCSC_correct_source,64,0.040511190807378264,0.6207792207792208,0.001998216313569361,0.2,5
M5_redundant,0.05,confounded,1,MSCSC_source_shuffle,0,0.036804988809732604,0.922077922077922,0.00573994627155006,0.0,5
M5_redundant,0.05,confounded,1,MSCSC_source_shuffle,16,0.04778228960471249,0.8389610389610389,0.0038207861356419994,0.4,5
M5_redundant,0.05,confounded,1,MSCSC_source_shuffle,64,0.039135769046252766,0.6155844155844157,0.002133806677042427,0.0,5
M5_redundant,0.05,confounded,1,pooled_rank0,0,0.0362767964411985,0.8961038961038961,0.005486004837857351,0.0,5
M5_redundant,0.05,confounded,1,pooled_rank0,16,0.04090576629189323,0.7662337662337662,0.003413817861148742,0.0,5
M5_redundant,0.05,confounded,1,pooled_rank0,64,0.03908325598838276,0.638961038961039,0.0020763098856771724,0.0,5
M5_redundant,0.05,confounded,2,MSCSC_correct_source,0,0.03359665269556254,0.922077922077922,0.00562332855803597,0.0,5
M5_redundant,0.05,confounded,2,MSCSC_correct_source,16,0.04036984646250081,0.4545454545454545,0.0014710851582484118,0.0,5
M5_redundant,0.05,confounded,2,MSCSC_correct_source,64,0.032404265515058615,0.34285714285714286,0.001101997842251482,0.0,5
M5_redundant,0.05,confounded,2,MSCSC_source_shuffle,0,0.03351995714631141,0.935064935064935,0.005698482596476361,0.0,5
M5_redundant,0.05,confounded,2,MSCSC_source_shuffle,16,0.04024945346751947,0.43896103896103894,0.0014185694033072315,0.0,5
M5_redundant,0.05,confounded,2,MSCSC_source_shuffle,64,0.03231050842482101,0.35584415584415585,0.0011421941034524424,0.0,5
M5_redundant,0.05,confounded,2,pooled_rank0,0,0.035647494627057956,0.9480519480519479,0.00569548750350587,0.0,5
M5_redundant,0.05,confounded,2,pooled_rank0,16,0.04222192451573118,0.4519480519480519,0.0014816331358063028,0.0,5
M5_redundant,0.05,confounded,2,pooled_rank0,64,0.0332774072025571,0.2155844155844156,0.0008303476953668962,0.0,5
