action,bootstrap_unit,ci_high,ci_low,ci_method,condition,kappa,lambda_reward,mean,metric,mixture,model_seed_count,n_anchors,sd,seed_max,seed_min,seed_sd,seed_variation_reported_separately,theoretical_slope
base,anchor_id,0.2770107071235165,0.198723280887096,bootstrap anchors after averaging paired model-seed predictions,confounded,0.0,all,0.2369028923772987,balanced_slope_error,balanced,3,78,0.1829417877822812,0.25423565662190345,0.20861403400541023,0.02470546723773623,True,0.0
base,anchor_id,0.730318816250045,0.6370979429399234,bootstrap anchors after averaging paired model-seed predictions,confounded,0.0,all,0.6837174309611894,balanced_slope_r2,balanced,3,78,0.215810993197226,0.7424927278270328,0.6307212809498175,0.05610938413519347,True,0.0
base,anchor_id,0.10698128105952695,-0.025581815832793748,bootstrap anchors after averaging paired model-seed predictions,confounded,0.0,all,0.03882389076785856,balanced_slope_through_origin_increment,balanced,3,78,0.29884000452190085,0.04600851121370917,0.034731694421560995,0.006242112170535001,True,0.0
base,anchor_id,0.09411027942599201,-0.03409411231554195,bootstrap anchors after averaging paired model-seed predictions,confounded,0.0,all,0.02894124896461764,balanced_slope_with_intercept,balanced,3,78,0.28822733984677673,0.03160408919475414,0.02753745486098116,0.0023072226946366297,True,0.0
minus,anchor_id,0.4438377392826879,0.32877003584173353,bootstrap anchors after averaging paired model-seed predictions,confounded,0.0,all,0.38579105439401956,balanced_slope_error,balanced,3,78,0.26249890546995674,0.4202260370982917,0.3663709788590505,0.029902799241293514,True,-0.6
minus,anchor_id,0.8543420710126236,0.7641736676229935,bootstrap anchors after averaging paired model-seed predictions,confounded,0.0,all,0.8119495780399288,balanced_slope_r2,balanced,3,78,0.19965280458371013,0.8578266223417228,0.7832474685736018,0.040146560676403535,True,-0.6
minus,anchor_id,-0.2072718065570994,-0.3480966256845735,bootstrap anchors after averaging paired model-seed predictions,confounded,0.0,all,-0.27769334088740044,balanced_slope_through_origin_increment,balanced,3,78,0.32290956403168813,-0.2669387877979359,-0.29867450044184785,0.01817213454981173,True,-0.6
minus,anchor_id,-0.18707479674113767,-0.32697743091672654,bootstrap anchors after averaging paired model-seed predictions,confounded,0.0,all,-0.25778573287701234,balanced_slope_with_intercept,balanced,3,78,0.3135306864008842,-0.23430412030314315,-0.2839405979618462,0.024925984189822167,True,-0.6
plus,anchor_id,0.3999937814563425,0.3090822390593167,bootstrap anchors after averaging paired model-seed predictions,confounded,0.0,all,0.3525827891107492,balanced_slope_error,balanced,3,78,0.20953342125434016,0.3619747313365375,0.34228779426835126,0.009874487369122295,True,0.5999999999999999
plus,anchor_id,0.8267886832520224,0.7347141498370819,bootstrap anchors after averaging paired model-seed predictions,confounded,0.0,all,0.7805996664225691,balanced_slope_r2,balanced,3,78,0.21501779563342752,0.7952400709685578,0.7582654437856658,0.019651383957383847,True,0.5999999999999999
plus,anchor_id,0.42451016554394894,0.2940904077161597,bootstrap anchors after averaging paired model-seed predictions,confounded,0.0,all,0.357907222255691,balanced_slope_through_origin_increment,balanced,3,78,0.2989661301685542,0.3823273291128934,0.3391846191198602,0.022128477531837207,True,0.5999999999999999
plus,anchor_id,0.38179046772034536,0.2543576871389038,bootstrap anchors after averaging paired model-seed predictions,confounded,0.0,all,0.31695747659580314,balanced_slope_with_intercept,balanced,3,78,0.29073714846863824,0.33616858692854246,0.2921222732473916,0.022555315424779263,True,0.5999999999999999
base,anchor_id,0.1650168709857994,0.12922593864355525,bootstrap anchors after averaging paired model-seed predictions,confounded,0.0,all,0.14671144033362388,heavy_slope_error,heavy,3,78,0.08167423694719592,0.18256551549210906,0.11833679863642033,0.03276108149784379,True,0.0
base,anchor_id,0.6191964384495136,0.5267346150127128,bootstrap anchors after averaging paired model-seed predictions,confounded,0.0,all,0.5744214163754846,heavy_slope_r2,heavy,3,78,0.20086012451648969,0.6627943479674295,0.49151164215914644,0.08577194117912161,True,0.0
base,anchor_id,0.041374388188651766,-0.022586568477223422,bootstrap anchors after averaging paired model-seed predictions,confounded,0.0,all,0.008994033792094971,heavy_slope_through_origin_increment,heavy,3,78,0.1487861900760642,0.04082781617541346,-0.030592712905033712,0.036335992284113564,True,0.0
base,anchor_id,0.031700970787950665,-0.0353779330183493,bootstrap anchors after averaging paired model-seed predictions,confounded,0.0,all,-0.002495495200471629,heavy_slope_with_intercept,heavy,3,78,0.15268718330259876,0.03201370077251665,-0.04196617011840781,0.037238656383526164,True,0.0
minus,anchor_id,0.23407310202386053,0.17576262567729004,bootstrap anchors after averaging paired model-seed predictions,confounded,0.0,all,0.2046422274151858,heavy_slope_error,heavy,3,78,0.1358332220772961,0.23878985976648037,0.17275986769612064,0.03307323023650227,True,-0.3111111111111111
minus,anchor_id,0.7102390619504485,0.6192298398323655,bootstrap anchors after averaging paired model-seed predictions,confounded,0.0,all,0.6661094979706638,heavy_slope_r2,heavy,3,78,0.20451852442971316,0.7345147909625069,0.6268258188561122,0.059458220411028925,True,-0.3111111111111111
minus,anchor_id,-0.09950529916024861,-0.17377263416471697,bootstrap anchors after averaging paired model-seed predictions,confounded,0.0,all,-0.1364900254310802,heavy_slope_through_origin_increment,heavy,3,78,0.16757032746199496,-0.13300058162303174,-0.1394667134084562,0.0032634190618177675,True,-0.3111111111111111
minus,anchor_id,-0.1059039329895579,-0.18095535160123002,bootstrap anchors after averaging paired model-seed predictions,confounded,0.0,all,-0.14241255967291197,heavy_slope_with_intercept,heavy,3,78,0.171910978555909,-0.12670492761831645,-0.15907404700321198,0.016205627181742982,True,-0.3111111111111111
plus,anchor_id,0.23555781535932568,0.1918988815645163,bootstrap anchors after averaging paired model-seed predictions,confounded,0.0,all,0.21375577465698184,heavy_slope_error,heavy,3,78,0.09987376917854601,0.29110434094411464,0.1606537230952894,0.06852197480759954,True,0.31111111111111134
plus,anchor_id,0.666729357019302,0.5877771290914274,bootstrap anchors after averaging paired model-seed predictions,confounded,0.0,all,0.6278826049727605,heavy_slope_r2,heavy,3,78,0.181402597854618,0.7685022408829906,0.4873278017179531,0.140587230794259,True,0.31111111111111134
plus,anchor_id,0.1834982103966291,0.12091424586618313,bootstrap anchors after averaging paired model-seed predictions,confounded,0.0,all,0.15171571043629767,heavy_slope_through_origin_increment,heavy,3,78,0.14362729147079278,0.2093938325447109,0.07232898487512364,0.07106434207514838,True,0.31111111111111134
plus,anchor_id,0.16671276673041535,0.09994196424055762,bootstrap anchors after averaging paired model-seed predictions,confounded,0.0,all,0.13396063898373564,heavy_slope_with_intercept,heavy,3,78,0.14474896295858303,0.1963410601223257,0.04369527271018987,0.08005224373840097,True,0.31111111111111134
base,anchor_id,2.122844025107442e-15,1.729656982015224e-15,bootstrap anchors after averaging paired model-seed predictions,independent_latents,0.0,all,1.9195064748097943e-15,balanced_slope_error,balanced,3,78,9.319752025625936e-16,2.025242000964571e-15,1.7649699365835818e-15,1.3682668218839026e-16,True,0.0
base,anchor_id,1.0,1.0,bootstrap anchors after averaging paired model-seed predictions,independent_latents,0.0,all,1.0,balanced_slope_r2,balanced,3,78,0.0,1.0,1.0,0.0,True,0.0
base,anchor_id,0.0,0.0,bootstrap anchors after averaging paired model-seed predictions,independent_latents,0.0,all,0.0,balanced_slope_through_origin_increment,balanced,3,78,0.0,0.0,0.0,0.0,True,0.0
base,anchor_id,-1.5670547209605382e-15,-2.0116861642780614e-15,bootstrap anchors after averaging paired model-seed predictions,independent_latents,0.0,all,-1.7893704426192995e-15,balanced_slope_with_intercept,balanced,3,78,9.92877558300079e-16,-1.6999019204883348e-15,-1.8381714546907348e-15,7.758866413960616e-17,True,0.0
minus,anchor_id,2.3207592407304852e-15,1.857149626051849e-15,bootstrap anchors after averaging paired model-seed predictions,independent_latents,0.0,all,2.0821765150479123e-15,balanced_slope_error,balanced,3,78,9.983519551995128e-16,2.236713053274125e-15,1.8707054627383587e-15,1.8952979515864753e-16,True,0.0
minus,anchor_id,1.0,1.0,bootstrap anchors after averaging paired model-seed predictions,independent_latents,0.0,all,1.0,balanced_slope_r2,balanced,3,78,0.0,1.0,1.0,0.0,True,0.0
minus,anchor_id,0.0,0.0,bootstrap anchors after averaging paired model-seed predictions,independent_latents,0.0,all,0.0,balanced_slope_through_origin_increment,balanced,3,78,0.0,0.0,0.0,0.0,True,0.0
minus,anchor_id,-1.716101145328714e-15,-2.1499556984804613e-15,bootstrap anchors after averaging paired model-seed predictions,independent_latents,0.0,all,-1.930351144159002e-15,balanced_slope_with_intercept,balanced,3,78,1.009506740381331e-15,-1.5453653822621225e-15,-2.1391110291312535e-15,3.3380404890804023e-16,True,0.0
plus,anchor_id,2.2638247266471437e-15,1.8110597813177156e-15,bootstrap anchors after averaging paired model-seed predictions,independent_latents,0.0,all,2.0306643356391747e-15,balanced_slope_error,balanced,3,78,1.04400028524708e-15,2.1309775271193476e-15,1.935773478833606e-15,9.771492415070526e-17,True,0.0
plus,anchor_id,1.0,1.0,bootstrap anchors after averaging paired model-seed predictions,independent_latents,0.0,all,1.0,balanced_slope_r2,balanced,3,78,0.0,1.0,1.0,0.0,True,0.0
plus,anchor_id,0.0,0.0,bootstrap anchors after averaging paired model-seed predictions,independent_latents,0.0,all,0.0,balanced_slope_through_origin_increment,balanced,3,78,0.0,0.0,0.0,0.0,True,0.0
plus,anchor_id,-1.7920138307731687e-15,-2.2556912246352386e-15,bootstrap anchors after averaging paired model-seed predictions,independent_latents,0.0,all,-2.0089749969407594e-15,balanced_slope_with_intercept,balanced,3,78,1.0508814564992463e-15,-1.870705462738359e-15,-2.1309775271193476e-15,1.3089632706542379e-16,True,0.0
base,anchor_id,0.0,0.0,bootstrap anchors after averaging paired model-seed predictions,independent_latents,0.0,all,0.0,heavy_slope_error,heavy,3,78,0.0,0.0,0.0,0.0,True,0.0
base,anchor_id,1.0,1.0,bootstrap anchors after averaging paired model-seed predictions,independent_latents,0.0,all,1.0,heavy_slope_r2,heavy,3,78,0.0,1.0,1.0,0.0,True,0.0
base,anchor_id,0.0,0.0,bootstrap anchors after averaging paired model-seed predictions,independent_latents,0.0,all,0.0,heavy_slope_through_origin_increment,heavy,3,78,0.0,0.0,0.0,0.0,True,0.0
base,anchor_id,0.0,0.0,bootstrap anchors after averaging paired model-seed predictions,independent_latents,0.0,all,0.0,heavy_slope_with_intercept,heavy,3,78,0.0,0.0,0.0,0.0,True,0.0
minus,anchor_id,0.0,0.0,bootstrap anchors after averaging paired model-seed predictions,independent_latents,0.0,all,0.0,heavy_slope_error,heavy,3,78,0.0,0.0,0.0,0.0,True,0.0
minus,anchor_id,1.0,1.0,bootstrap anchors after averaging paired model-seed predictions,independent_latents,0.0,all,1.0,heavy_slope_r2,heavy,3,78,0.0,1.0,1.0,0.0,True,0.0
minus,anchor_id,0.0,0.0,bootstrap anchors after averaging paired model-seed predictions,independent_latents,0.0,all,0.0,heavy_slope_through_origin_increment,heavy,3,78,0.0,0.0,0.0,0.0,True,0.0
minus,anchor_id,0.0,0.0,bootstrap anchors after averaging paired model-seed predictions,independent_latents,0.0,all,0.0,heavy_slope_with_intercept,heavy,3,78,0.0,0.0,0.0,0.0,True,0.0
plus,anchor_id,0.0,0.0,bootstrap anchors after averaging paired model-seed predictions,independent_latents,0.0,all,0.0,heavy_slope_error,heavy,3,78,0.0,0.0,0.0,0.0,True,0.0
plus,anchor_id,1.0,1.0,bootstrap anchors after averaging paired model-seed predictions,independent_latents,0.0,all,1.0,heavy_slope_r2,heavy,3,78,0.0,1.0,1.0,0.0,True,0.0
plus,anchor_id,0.0,0.0,bootstrap anchors after averaging paired model-seed predictions,independent_latents,0.0,all,0.0,heavy_slope_through_origin_increment,heavy,3,78,0.0,0.0,0.0,0.0,True,0.0
plus,anchor_id,0.0,0.0,bootstrap anchors after averaging paired model-seed predictions,independent_latents,0.0,all,0.0,heavy_slope_with_intercept,heavy,3,78,0.0,0.0,0.0,0.0,True,0.0
base,anchor_id,0.28272339044828937,0.20008110275168822,bootstrap anchors after averaging paired model-seed predictions,confounded,0.3,all,0.23947353577172714,balanced_slope_error,balanced,3,78,0.1888005549442442,0.2558280625191808,0.2079815285772083,0.027279666205418353,True,0.0
base,anchor_id,0.770323437600049,0.6758657708218639,bootstrap anchors after averaging paired model-seed predictions,confounded,0.3,all,0.7239740310827587,balanced_slope_r2,balanced,3,78,0.22094812075382944,0.8081513454298715,0.6671622718071977,0.07437160024851927,True,0.0
base,anchor_id,0.12713462005457243,-0.01026908382252585,bootstrap anchors after averaging paired model-seed predictions,confounded,0.3,all,0.05807425156722005,balanced_slope_through_origin_increment,balanced,3,78,0.31237410131574095,0.08603281602006094,0.03166473127212033,0.027217123528062017,True,0.0
base,anchor_id,0.11434703102555967,-0.01765182610318508,bootstrap anchors after averaging paired model-seed predictions,confounded,0.3,all,0.04788194887452004,balanced_slope_with_intercept,balanced,3,78,0.29806317377894437,0.069311438600254,0.021259117414989263,0.024443495895553835,True,0.0
minus,anchor_id,0.4464553530588947,0.33109329638267093,bootstrap anchors after averaging paired model-seed predictions,confounded,0.3,all,0.38801803796807316,balanced_slope_error,balanced,3,78,0.2630196041877823,0.3938413533393902,0.38385114929934583,0.005197004546488222,True,-0.6
minus,anchor_id,0.855541985716981,0.766660194342283,bootstrap anchors after averaging paired model-seed predictions,confounded,0.3,all,0.8128824473219048,balanced_slope_r2,balanced,3,78,0.2041942842951731,0.8183061628916056,0.8099202775069817,0.004703740431631171,True,-0.6
minus,anchor_id,-0.19964124702372346,-0.3454513246170615,bootstrap anchors after averaging paired model-seed predictions,confounded,0.3,all,-0.2740360910891479,balanced_slope_through_origin_increment,balanced,3,78,0.332338527907099,-0.25456632203187635,-0.3061725212044069,0.02803806653510857,True,-0.6
minus,anchor_id,-0.1839104723558058,-0.32712136300043027,bootstrap anchors after averaging paired model-seed predictions,confounded,0.3,all,-0.2575830585227659,balanced_slope_with_intercept,balanced,3,78,0.31739319781732417,-0.2381217067105974,-0.27960319438247144,0.020858786798838697,True,-0.6
plus,anchor_id,0.3786589591251565,0.2843205129636978,bootstrap anchors after averaging paired model-seed predictions,confounded,0.3,all,0.3294086369527589,balanced_slope_error,balanced,3,78,0.21684380358445715,0.3586529629148919,0.3123676016630443,0.025441578056012146,True,0.5999999999999999
plus,anchor_id,0.8627677490246571,0.774682293673043,bootstrap anchors after averaging paired model-seed predictions,confounded,0.3,all,0.8197390399085064,balanced_slope_r2,balanced,3,78,0.1958627994948719,0.8462883930872085,0.7976909863798035,0.024609414023408674,True,0.5999999999999999
plus,anchor_id,0.46050169863273166,0.32315598201316814,bootstrap anchors after averaging paired model-seed predictions,confounded,0.3,all,0.39352813668146236,balanced_slope_through_origin_increment,balanced,3,78,0.3172248172927265,0.42991345354440186,0.3221760119597595,0.06179682288495761,True,0.5999999999999999
plus,anchor_id,0.42530491121629443,0.28703575499403544,bootstrap anchors after averaging paired model-seed predictions,confounded,0.3,all,0.35684638912093086,balanced_slope_with_intercept,balanced,3,78,0.3051760200938353,0.3976488563419185,0.28456572931166085,0.06277026255484439,True,0.5999999999999999
base,anchor_id,0.1541321584243628,0.11961581294324951,bootstrap anchors after averaging paired model-seed predictions,confounded,0.3,all,0.13576161053685537,heavy_slope_error,heavy,3,78,0.08141933332903134,0.15558469277524872,0.11846762300577858,0.018687334135634788,True,0.0
base,anchor_id,0.5231377094756724,0.4292751654220653,bootstrap anchors after averaging paired model-seed predictions,confounded,0.3,all,0.477200555812923,heavy_slope_r2,heavy,3,78,0.20930333337801704,0.5597625484314855,0.3854031797350192,0.08754579712235407,True,0.0
base,anchor_id,0.06495255290058825,0.005301853866394749,bootstrap anchors after averaging paired model-seed predictions,confounded,0.3,all,0.03530770523543933,heavy_slope_through_origin_increment,heavy,3,78,0.13754989771535436,0.0703272487557573,0.010048417088255329,0.0313022575146163,True,0.0
base,anchor_id,0.0553973026821082,-0.009186746914839394,bootstrap anchors after averaging paired model-seed predictions,confounded,0.3,all,0.02319135994473291,heavy_slope_with_intercept,heavy,3,78,0.1420853480000522,0.0623516497459992,-0.011374153297928563,0.0370770479857234,True,0.0
minus,anchor_id,0.28772190772416006,0.23110773116101857,bootstrap anchors after averaging paired model-seed predictions,confounded,0.3,all,0.25911067421895345,heavy_slope_error,heavy,3,78,0.13385240464094056,0.3411240628740605,0.19620193786603002,0.07432594690887766,True,-0.3111111111111111
minus,anchor_id,0.5452327066090003,0.44707239789657127,bootstrap anchors after averaging paired model-seed predictions,confounded,0.3,all,0.49390979923410566,heavy_slope_r2,heavy,3,78,0.22602618361489074,0.5541671239083276,0.42934271650873185,0.06252370495667751,True,-0.3111111111111111
minus,anchor_id,-0.03167853807465314,-0.09412114195509676,bootstrap anchors after averaging paired model-seed predictions,confounded,0.3,all,-0.0639482124890329,heavy_slope_through_origin_increment,heavy,3,78,0.14145783935664716,0.0017294340358361192,-0.11490358828184806,0.059694006528044935,True,-0.3111111111111111
minus,anchor_id,-0.03001118483458386,-0.09787243060887539,bootstrap anchors after averaging paired model-seed predictions,confounded,0.3,all,-0.06366774228708667,heavy_slope_with_intercept,heavy,3,78,0.1501489082389981,0.025909999108383958,-0.12838860936723467,0.08009627516260585,True,-0.3111111111111111
plus,anchor_id,0.25229067290425194,0.2035006772104027,bootstrap anchors after averaging paired model-seed predictions,confounded,0.3,all,0.22655358989879687,heavy_slope_error,heavy,3,78,0.10858918568446803,0.24561682878617377,0.21152639898799036,0.017399902683868696,True,0.31111111111111134
plus,anchor_id,0.5482618124648969,0.44550824090166086,bootstrap anchors after averaging paired model-seed predictions,confounded,0.3,all,0.4972859697222128,heavy_slope_r2,heavy,3,78,0.23392220336839584,0.6173753239653078,0.43333712426027116,0.10407368679124811,True,0.31111111111111134
plus,anchor_id,0.16759417449795078,0.10440081517612851,bootstrap anchors after averaging paired model-seed predictions,confounded,0.3,all,0.1353284895775372,heavy_slope_through_origin_increment,heavy,3,78,0.14296357286195888,0.13939151012618714,0.13237729673556678,0.0036368830073697234,True,0.31111111111111134
plus,anchor_id,0.14156800260005298,0.08037986512676476,bootstrap anchors after averaging paired model-seed predictions,confounded,0.3,all,0.11047294596576783,heavy_slope_with_intercept,heavy,3,78,0.14357939454197458,0.12803678900216495,0.10118955443383368,0.015218998286026325,True,0.31111111111111134
base,anchor_id,2.133756473640082e-15,1.7893704426192995e-15,bootstrap anchors after averaging paired model-seed predictions,independent_latents,0.3,all,1.9655963195439277e-15,balanced_slope_error,balanced,3,78,7.4755351983367395e-16,2.187912041202689e-15,1.7893704426192995e-15,2.0322907466960363e-16,True,0.0
base,anchor_id,1.0,1.0,bootstrap anchors after averaging paired model-seed predictions,independent_latents,0.3,all,1.0,balanced_slope_r2,balanced,3,78,0.0,1.0,1.0,0.0,True,0.0
base,anchor_id,0.0,0.0,bootstrap anchors after averaging paired model-seed predictions,independent_latents,0.3,all,0.0,balanced_slope_through_origin_increment,balanced,3,78,0.0,0.0,0.0,0.0,True,0.0
base,anchor_id,-1.648321961896165e-15,-2.011686164278061e-15,bootstrap anchors after averaging paired model-seed predictions,independent_latents,0.3,all,-1.8354602873534328e-15,balanced_slope_with_intercept,balanced,3,78,8.295878630576616e-16,-1.5941663943335578e-15,-2.122844025107442e-15,2.673353973212008e-16,True,0.0
minus,anchor_id,2.185200873865387e-15,1.7758146059327903e-15,bootstrap anchors after averaging paired model-seed predictions,independent_latents,0.3,all,1.9764409888931355e-15,balanced_slope_error,balanced,3,78,9.462349808091201e-16,2.2367130532741244e-15,1.7649699365835818e-15,2.396279326802783e-16,True,0.0
minus,anchor_id,1.0,1.0,bootstrap anchors after averaging paired model-seed predictions,independent_latents,0.3,all,1.0,balanced_slope_r2,balanced,3,78,0.0,1.0,1.0,0.0,True,0.0
minus,anchor_id,0.0,0.0,bootstrap anchors after averaging paired model-seed predictions,independent_latents,0.3,all,0.0,balanced_slope_through_origin_increment,balanced,3,78,0.0,0.0,0.0,0.0,True,0.0
minus,anchor_id,-1.7758146059327895e-15,-2.1852686530488196e-15,bootstrap anchors after averaging paired model-seed predictions,independent_latents,0.3,all,-1.9764409888931355e-15,balanced_slope_with_intercept,balanced,3,78,9.462349808091201e-16,-1.7649699365835818e-15,-2.2367130532741244e-15,2.396279326802783e-16,True,0.0
plus,anchor_id,2.1934021550607254e-15,1.808280834796981e-15,bootstrap anchors after averaging paired model-seed predictions,independent_latents,0.3,all,1.998130327591551e-15,balanced_slope_error,balanced,3,78,8.518007976885393e-16,2.171645037178877e-15,1.8625719607264524e-15,1.5799384358758081e-16,True,0.0
plus,anchor_id,1.0,1.0,bootstrap anchors after averaging paired model-seed predictions,independent_latents,0.3,all,1.0,balanced_slope_r2,balanced,3,78,0.0,1.0,1.0,0.0,True,0.0
plus,anchor_id,0.0,0.0,bootstrap anchors after averaging paired model-seed predictions,independent_latents,0.3,all,0.0,balanced_slope_through_origin_increment,balanced,3,78,0.0,0.0,0.0,0.0,True,0.0
plus,anchor_id,-1.7838803287612632e-15,-2.166222702504273e-15,bootstrap anchors after averaging paired model-seed predictions,independent_latents,0.3,all,-1.976440988893136e-15,balanced_slope_with_intercept,balanced,3,78,8.807497394085595e-16,-1.8625719607264524e-15,-2.1065770210836296e-15,1.228131871376622e-16,True,0.0
base,anchor_id,0.0,0.0,bootstrap anchors after averaging paired model-seed predictions,independent_latents,0.3,all,0.0,heavy_slope_error,heavy,3,78,0.0,0.0,0.0,0.0,True,0.0
base,anchor_id,1.0,1.0,bootstrap anchors after averaging paired model-seed predictions,independent_latents,0.3,all,1.0,heavy_slope_r2,heavy,3,78,0.0,1.0,1.0,0.0,True,0.0
base,anchor_id,0.0,0.0,bootstrap anchors after averaging paired model-seed predictions,independent_latents,0.3,all,0.0,heavy_slope_through_origin_increment,heavy,3,78,0.0,0.0,0.0,0.0,True,0.0
base,anchor_id,0.0,0.0,bootstrap anchors after averaging paired model-seed predictions,independent_latents,0.3,all,0.0,heavy_slope_with_intercept,heavy,3,78,0.0,0.0,0.0,0.0,True,0.0
minus,anchor_id,0.0,0.0,bootstrap anchors after averaging paired model-seed predictions,independent_latents,0.3,all,0.0,heavy_slope_error,heavy,3,78,0.0,0.0,0.0,0.0,True,0.0
minus,anchor_id,1.0,1.0,bootstrap anchors after averaging paired model-seed predictions,independent_latents,0.3,all,1.0,heavy_slope_r2,heavy,3,78,0.0,1.0,1.0,0.0,True,0.0
minus,anchor_id,0.0,0.0,bootstrap anchors after averaging paired model-seed predictions,independent_latents,0.3,all,0.0,heavy_slope_through_origin_increment,heavy,3,78,0.0,0.0,0.0,0.0,True,0.0
minus,anchor_id,0.0,0.0,bootstrap anchors after averaging paired model-seed predictions,independent_latents,0.3,all,0.0,heavy_slope_with_intercept,heavy,3,78,0.0,0.0,0.0,0.0,True,0.0
plus,anchor_id,0.0,0.0,bootstrap anchors after averaging paired model-seed predictions,independent_latents,0.3,all,0.0,heavy_slope_error,heavy,3,78,0.0,0.0,0.0,0.0,True,0.0
plus,anchor_id,1.0,1.0,bootstrap anchors after averaging paired model-seed predictions,independent_latents,0.3,all,1.0,heavy_slope_r2,heavy,3,78,0.0,1.0,1.0,0.0,True,0.0
plus,anchor_id,0.0,0.0,bootstrap anchors after averaging paired model-seed predictions,independent_latents,0.3,all,0.0,heavy_slope_through_origin_increment,heavy,3,78,0.0,0.0,0.0,0.0,True,0.0
plus,anchor_id,0.0,0.0,bootstrap anchors after averaging paired model-seed predictions,independent_latents,0.3,all,0.0,heavy_slope_with_intercept,heavy,3,78,0.0,0.0,0.0,0.0,True,0.0
