absolute_gap_error,aggregate_margin_ratio,condition,kappa,lambda_reward,matched_aggregate_gap_ratio,mean_margin_do,mean_margin_on_do_pair,mean_matched_gap_difference,median_absolute_gap_error,mixture,model_seed,n_anchors,n_matching_top_sets,n_non_tied_do_pairs,overconfident_fraction,p90_absolute_gap_error,pearson_true_margin,sign_preservation_rate,signed_gap_error,source,spearman_true_margin,underconfident_fraction
2.391249591500337e-16,1.0000000000000533,confounded,0.0,0.0,,0.0029923784019148868,0.002992378401915046,,0.0,logger1_heavy,0,78,,78,,4.440892098500626e-16,1.0,1.0,1.594166394333558e-16,observational,0.9999999999999999,
0.00578347824808483,1.1079696490301782,confounded,0.0,0.0,2.3710230046867986,0.0029923784019148868,0.0033154644477351226,0.004615733438966328,0.004561513355826774,logger1_heavy,0,78,46,78,0.8043478260869565,0.012952530848509928,0.3056060890064837,0.6410256410256411,0.000323086045820236,neural,0.2791006461892538,0.1956521739130435
2.391249591500337e-16,1.0000000000000533,confounded,0.0,0.0,,0.0029923784019148868,0.002992378401915046,,0.0,logger1_heavy,1,78,,78,,4.440892098500626e-16,1.0,1.0,1.594166394333558e-16,observational,0.9999999999999999,
0.005339221329748342,0.9010708498694363,confounded,0.0,0.0,1.6774662985239788,0.0029923784019148868,0.0026963449497443928,0.0022153545054940187,0.004537325128919356,logger1_heavy,1,78,57,78,0.6666666666666666,0.010266619530637119,0.13667266766444922,0.7307692307692307,-0.0002960334521704937,neural,0.07909811707280061,0.3333333333333333
2.391249591500337e-16,1.0000000000000533,confounded,0.0,0.0,,0.0029923784019148868,0.002992378401915046,,0.0,logger1_heavy,2,78,,78,,4.440892098500626e-16,1.0,1.0,1.594166394333558e-16,observational,0.9999999999999999,
0.005114365675423795,1.1849737265890776,confounded,0.0,0.0,2.1616994776930736,0.0029923784019148868,0.003545889786281752,0.0037120550508387795,0.003862295133756799,logger1_heavy,2,78,51,78,0.7843137254901961,0.012251722115448692,0.06857895156557081,0.7051282051282052,0.0005535113843668654,neural,0.06913339824732229,0.21568627450980393
1.6938017939794054e-16,0.9999999999999957,confounded,0.0,0.0,,0.0029923784019148868,0.0029923784019148737,,0.0,logger12_balanced,0,78,,78,,4.440892098500626e-16,0.9999999999999999,1.0,-1.2810265668751807e-17,observational,0.9999999999999999,
0.00578347824808483,1.1079696490301782,confounded,0.0,0.0,2.3710230046867986,0.0029923784019148868,0.0033154644477351226,0.004615733438966328,0.004561513355826774,logger12_balanced,0,78,46,78,0.8043478260869565,0.012952530848509928,0.3056060890064837,0.6410256410256411,0.000323086045820236,neural,0.2791006461892538,0.1956521739130435
1.6938017939794054e-16,0.9999999999999957,confounded,0.0,0.0,,0.0029923784019148868,0.0029923784019148737,,0.0,logger12_balanced,1,78,,78,,4.440892098500626e-16,0.9999999999999999,1.0,-1.2810265668751807e-17,observational,0.9999999999999999,
0.005339221329748342,0.9010708498694363,confounded,0.0,0.0,1.6774662985239788,0.0029923784019148868,0.0026963449497443928,0.0022153545054940187,0.004537325128919356,logger12_balanced,1,78,57,78,0.6666666666666666,0.010266619530637119,0.13667266766444922,0.7307692307692307,-0.0002960334521704937,neural,0.07909811707280061,0.3333333333333333
1.6938017939794054e-16,0.9999999999999957,confounded,0.0,0.0,,0.0029923784019148868,0.0029923784019148737,,0.0,logger12_balanced,2,78,,78,,4.440892098500626e-16,0.9999999999999999,1.0,-1.2810265668751807e-17,observational,0.9999999999999999,
0.005114365675423795,1.1849737265890776,confounded,0.0,0.0,2.1616994776930736,0.0029923784019148868,0.003545889786281752,0.0037120550508387795,0.003862295133756799,logger12_balanced,2,78,51,78,0.7843137254901961,0.012251722115448692,0.06857895156557081,0.7051282051282052,0.0005535113843668654,neural,0.06913339824732229,0.21568627450980393
2.1065770210836303e-16,1.000000000000039,confounded,0.0,0.0,,0.0029923784019148868,0.0029923784019150034,,0.0,logger2_heavy,0,78,,78,,4.440892098500626e-16,0.9999999999999999,1.0,1.167157538708498e-16,observational,0.9999999999999999,
0.00578347824808483,1.1079696490301782,confounded,0.0,0.0,2.3710230046867986,0.0029923784019148868,0.0033154644477351226,0.004615733438966328,0.004561513355826774,logger2_heavy,0,78,46,78,0.8043478260869565,0.012952530848509928,0.3056060890064837,0.6410256410256411,0.000323086045820236,neural,0.2791006461892538,0.1956521739130435
2.1065770210836303e-16,1.000000000000039,confounded,0.0,0.0,,0.0029923784019148868,0.0029923784019150034,,0.0,logger2_heavy,1,78,,78,,4.440892098500626e-16,0.9999999999999999,1.0,1.167157538708498e-16,observational,0.9999999999999999,
0.005339221329748342,0.9010708498694363,confounded,0.0,0.0,1.6774662985239788,0.0029923784019148868,0.0026963449497443928,0.0022153545054940187,0.004537325128919356,logger2_heavy,1,78,57,78,0.6666666666666666,0.010266619530637119,0.13667266766444922,0.7307692307692307,-0.0002960334521704937,neural,0.07909811707280061,0.3333333333333333
2.1065770210836303e-16,1.000000000000039,confounded,0.0,0.0,,0.0029923784019148868,0.0029923784019150034,,0.0,logger2_heavy,2,78,,78,,4.440892098500626e-16,0.9999999999999999,1.0,1.167157538708498e-16,observational,0.9999999999999999,
0.005114365675423795,1.1849737265890776,confounded,0.0,0.0,2.1616994776930736,0.0029923784019148868,0.003545889786281752,0.0037120550508387795,0.003862295133756799,logger2_heavy,2,78,51,78,0.7843137254901961,0.012251722115448692,0.06857895156557081,0.7051282051282052,0.0005535113843668654,neural,0.06913339824732229,0.21568627450980393
2.4054832200211723e-16,1.000000000000065,independent_latents,0.0,0.0,,0.0029923784019148868,0.0029923784019150815,,2.220446049250313e-16,logger1_heavy,0,78,,78,,4.440892098500626e-16,0.9999999999999996,1.0,1.9500071073544416e-16,observational,0.9999999999999999,
0.005481594835794472,0.5432359343222832,independent_latents,0.0,0.0,1.9310783190128868,0.0029923784019148868,0.0016255674770100541,0.0031379935128842723,0.004105393750046815,logger1_heavy,0,78,42,78,0.8095238095238095,0.012445538079450324,0.2889439805789308,0.5897435897435898,-0.0013668109249048326,neural,0.24634858812074,0.19047619047619047
2.4054832200211723e-16,1.000000000000065,independent_latents,0.0,0.0,,0.0029923784019148868,0.0029923784019150815,,2.220446049250313e-16,logger1_heavy,1,78,,78,,4.440892098500626e-16,0.9999999999999996,1.0,1.9500071073544416e-16,observational,0.9999999999999999,
0.00524900489556412,1.1017243330170126,independent_latents,0.0,0.0,2.15420171122125,0.0029923784019148868,0.0032967760989841923,0.003593165292824776,0.004278307667950232,logger1_heavy,1,78,52,78,0.75,0.009734336689076039,0.13760050023513426,0.6794871794871795,0.00030439769706930585,neural,0.17148674110699424,0.25
2.4054832200211723e-16,1.000000000000065,independent_latents,0.0,0.0,,0.0029923784019148868,0.0029923784019150815,,2.220446049250313e-16,logger1_heavy,2,78,,78,,4.440892098500626e-16,0.9999999999999996,1.0,1.9500071073544416e-16,observational,0.9999999999999999,
0.006223436320094385,0.47087971989686855,independent_latents,0.0,0.0,1.8546428434472337,0.0029923784019148868,0.001409050303719121,0.002939039545559599,0.00423276103225434,logger1_heavy,2,78,43,78,0.6744186046511628,0.014408957238089925,0.22655624374171834,0.6282051282051282,-0.0015833280981957655,neural,0.22356124887770454,0.32558139534883723
2.3200814488961606e-16,1.0000000000000395,independent_latents,0.0,0.0,,0.0029923784019148868,0.0029923784019150047,,0.0,logger12_balanced,0,78,,78,,4.440892098500626e-16,0.9999999999999999,1.0,1.1813911672293332e-16,observational,0.9999999999999999,
0.005481594835794472,0.5432359343222832,independent_latents,0.0,0.0,1.9310783190128868,0.0029923784019148868,0.0016255674770100541,0.0031379935128842723,0.004105393750046815,logger12_balanced,0,78,42,78,0.8095238095238095,0.012445538079450324,0.2889439805789308,0.5897435897435898,-0.0013668109249048326,neural,0.24634858812074,0.19047619047619047
2.3200814488961606e-16,1.0000000000000395,independent_latents,0.0,0.0,,0.0029923784019148868,0.0029923784019150047,,0.0,logger12_balanced,1,78,,78,,4.440892098500626e-16,0.9999999999999999,1.0,1.1813911672293332e-16,observational,0.9999999999999999,
0.00524900489556412,1.1017243330170126,independent_latents,0.0,0.0,2.15420171122125,0.0029923784019148868,0.0032967760989841923,0.003593165292824776,0.004278307667950232,logger12_balanced,1,78,52,78,0.75,0.009734336689076039,0.13760050023513426,0.6794871794871795,0.00030439769706930585,neural,0.17148674110699424,0.25
2.3200814488961606e-16,1.0000000000000395,independent_latents,0.0,0.0,,0.0029923784019148868,0.0029923784019150047,,0.0,logger12_balanced,2,78,,78,,4.440892098500626e-16,0.9999999999999999,1.0,1.1813911672293332e-16,observational,0.9999999999999999,
0.006223436320094385,0.47087971989686855,independent_latents,0.0,0.0,1.8546428434472337,0.0029923784019148868,0.001409050303719121,0.002939039545559599,0.00423276103225434,logger12_balanced,2,78,43,78,0.6744186046511628,0.014408957238089925,0.22655624374171834,0.6282051282051282,-0.0015833280981957655,neural,0.22356124887770454,0.32558139534883723
2.4197168485420076e-16,1.000000000000038,independent_latents,0.0,0.0,,0.0029923784019148868,0.0029923784019150004,,2.220446049250313e-16,logger2_heavy,0,78,,78,,4.440892098500626e-16,1.0,1.0,1.138690281666827e-16,observational,0.9999999999999999,
0.005481594835794472,0.5432359343222832,independent_latents,0.0,0.0,1.9310783190128868,0.0029923784019148868,0.0016255674770100541,0.0031379935128842723,0.004105393750046815,logger2_heavy,0,78,42,78,0.8095238095238095,0.012445538079450324,0.2889439805789308,0.5897435897435898,-0.0013668109249048326,neural,0.24634858812074,0.19047619047619047
2.4197168485420076e-16,1.000000000000038,independent_latents,0.0,0.0,,0.0029923784019148868,0.0029923784019150004,,2.220446049250313e-16,logger2_heavy,1,78,,78,,4.440892098500626e-16,1.0,1.0,1.138690281666827e-16,observational,0.9999999999999999,
0.00524900489556412,1.1017243330170126,independent_latents,0.0,0.0,2.15420171122125,0.0029923784019148868,0.0032967760989841923,0.003593165292824776,0.004278307667950232,logger2_heavy,1,78,52,78,0.75,0.009734336689076039,0.13760050023513426,0.6794871794871795,0.00030439769706930585,neural,0.17148674110699424,0.25
2.4197168485420076e-16,1.000000000000038,independent_latents,0.0,0.0,,0.0029923784019148868,0.0029923784019150004,,2.220446049250313e-16,logger2_heavy,2,78,,78,,4.440892098500626e-16,1.0,1.0,1.138690281666827e-16,observational,0.9999999999999999,
0.006223436320094385,0.47087971989686855,independent_latents,0.0,0.0,1.8546428434472337,0.0029923784019148868,0.001409050303719121,0.002939039545559599,0.00423276103225434,logger2_heavy,2,78,43,78,0.6744186046511628,0.014408957238089925,0.22655624374171834,0.6282051282051282,-0.0015833280981957655,neural,0.22356124887770454,0.32558139534883723
0.0382621082621082,-9.844264358203109,confounded,0.0,0.05,,0.0029923784019148868,-0.0294577640482275,,0.037777777777777743,logger1_heavy,0,78,,78,,0.03777777777777791,-0.1200370243614452,0.0641025641025641,-0.0324501424501424,observational,0.7196980234954918,
0.03264728940054454,-8.020927397957115,confounded,0.0,0.05,13.488557804744993,0.0029923784019148868,-0.02400164990897424,0.025880380579541007,0.03446741335336956,logger1_heavy,0,78,6,78,1.0,0.04299294291886084,-0.06579098522727256,0.08974358974358974,-0.026994028310889123,neural,0.09106083789628093,0.0
0.0382621082621082,-9.844264358203109,confounded,0.0,0.05,,0.0029923784019148868,-0.0294577640482275,,0.037777777777777743,logger1_heavy,1,78,,78,,0.03777777777777791,-0.1200370243614452,0.0641025641025641,-0.0324501424501424,observational,0.7196980234954918,
0.029950436105317835,-7.032946778005279,confounded,0.0,0.05,12.311221838670992,0.0029923784019148868,-0.021045238040319887,0.02323245301023848,0.029824910608638677,logger1_heavy,1,78,7,78,1.0,0.041789844561101304,-0.18956973054304949,0.10256410256410256,-0.02403761644223477,neural,-0.10954867916893232,0.0
0.0382621082621082,-9.844264358203109,confounded,0.0,0.05,,0.0029923784019148868,-0.0294577640482275,,0.037777777777777743,logger1_heavy,2,78,,78,,0.03777777777777791,-0.1200370243614452,0.0641025641025641,-0.0324501424501424,observational,0.7196980234954918,
0.030008222390634016,-7.1884420372659115,confounded,0.0,0.05,21.430362903345,0.0029923784019148868,-0.021510538695731562,0.04039839950485585,0.02921966753864047,logger1_heavy,2,78,4,78,1.0,0.041141198280124275,-0.12407255507022101,0.07692307692307693,-0.02450291709764645,neural,-0.06147017539422602,0.0
0.030384615384615267,-7.6116216962200856,confounded,0.0,0.05,,0.0029923784019148868,-0.02277685236731574,,0.029999999999999805,logger12_balanced,0,78,,78,,0.03000000000000025,-0.09663542607805926,0.0641025641025641,-0.02576923076923063,observational,0.7196980234954918,
0.026645491860246152,-6.2891039880405515,confounded,0.0,0.05,7.6548573320372,0.0029923784019148868,-0.018819378941209327,0.018111770910373144,0.0283409032071702,logger12_balanced,0,78,7,78,0.7142857142857143,0.035648622154581464,-0.06341057766948634,0.10256410256410256,-0.021811757343124214,neural,0.027731761908977096,0.2857142857142857
0.030384615384615267,-7.6116216962200856,confounded,0.0,0.05,,0.0029923784019148868,-0.02277685236731574,,0.029999999999999805,logger12_balanced,1,78,,78,,0.03000000000000025,-0.09663542607805926,0.0641025641025641,-0.02576923076923063,observational,0.7196980234954918,
0.02610683062931589,-6.086960280566042,confounded,0.0,0.05,15.074137123582272,0.0029923784019148868,-0.018214488476879603,0.02796064444414519,0.027055058505576657,logger12_balanced,1,78,5,78,1.0,0.034663839950561236,-0.07375032357548389,0.08974358974358974,-0.021206866878794486,neural,0.06741359905916867,0.0
0.030384615384615267,-7.6116216962200856,confounded,0.0,0.05,,0.0029923784019148868,-0.02277685236731574,,0.029999999999999805,logger12_balanced,2,78,,78,,0.03000000000000025,-0.09663542607805926,0.0641025641025641,-0.02576923076923063,observational,0.7196980234954918,
0.024123840977674085,-5.565142191080982,confounded,0.0,0.05,17.851263323683987,0.0029923784019148868,-0.01665301129617602,0.033321193124780546,0.0238627410853417,logger12_balanced,2,78,4,78,1.0,0.035116039437407306,-0.10821225510467461,0.07692307692307693,-0.019645389698090907,neural,-0.09773770533264203,0.0
0.022507122507122317,-5.378979034237076,confounded,0.0,0.05,,0.0029923784019148868,-0.01609594068640402,,0.022222222222222143,logger2_heavy,0,78,,78,,0.02222222222222243,-0.05650292424300012,0.0641025641025641,-0.019088319088318907,observational,0.7196980234954918,
0.01988003907881013,-4.2597703689531725,confounded,0.0,0.05,7.320612321960455,0.0029923784019148868,-0.012746844849172483,0.017202094151218317,0.020829802540486053,logger2_heavy,0,78,7,78,1.0,0.028465491204558612,0.017607182958887465,0.1282051282051282,-0.01573922325108737,neural,0.10304884988429291,0.0
0.022507122507122317,-5.378979034237076,confounded,0.0,0.05,,0.0029923784019148868,-0.01609594068640402,,0.022222222222222143,logger2_heavy,1,78,,78,,0.02222222222222243,-0.05650292424300012,0.0641025641025641,-0.019088319088318907,observational,0.7196980234954918,
0.020417543404654244,-4.514701313126282,confounded,0.0,0.05,10.256956671280753,0.0029923784019148868,-0.013509694700495864,0.019380715817906013,0.02119883308924364,logger2_heavy,1,78,6,78,1.0,0.029345950120989662,-0.017065974172232937,0.11538461538461539,-0.01650207310241075,neural,0.11430341810088644,0.0
0.022507122507122317,-5.378979034237076,confounded,0.0,0.05,,0.0029923784019148868,-0.01609594068640402,,0.022222222222222143,logger2_heavy,2,78,,78,,0.02222222222222243,-0.05650292424300012,0.0641025641025641,-0.019088319088318907,observational,0.7196980234954918,
0.01767216028551819,-3.770960215500023,confounded,0.0,0.05,14.41990391334707,0.0029923784019148868,-0.011284139903342575,0.02653612381596071,0.016572177464792892,logger2_heavy,2,78,4,78,1.0,0.02874486950145658,-0.11070621939747277,0.10256410256410256,-0.01427651830525746,neural,-0.0994069221917323,0.0
2.4054832200211723e-16,1.000000000000065,independent_latents,0.0,0.05,,0.0029923784019148868,0.0029923784019150815,,2.220446049250313e-16,logger1_heavy,0,78,,78,,4.440892098500626e-16,0.9999999999999996,1.0,1.9500071073544416e-16,observational,0.9999999999999999,
0.005481594835794472,0.5432359343222832,independent_latents,0.0,0.05,1.9310783190128868,0.0029923784019148868,0.0016255674770100541,0.0031379935128842723,0.004105393750046815,logger1_heavy,0,78,42,78,0.8095238095238095,0.012445538079450324,0.2889439805789308,0.5897435897435898,-0.0013668109249048326,neural,0.24634858812074,0.19047619047619047
2.4054832200211723e-16,1.000000000000065,independent_latents,0.0,0.05,,0.0029923784019148868,0.0029923784019150815,,2.220446049250313e-16,logger1_heavy,1,78,,78,,4.440892098500626e-16,0.9999999999999996,1.0,1.9500071073544416e-16,observational,0.9999999999999999,
0.00524900489556412,1.1017243330170126,independent_latents,0.0,0.05,2.15420171122125,0.0029923784019148868,0.0032967760989841923,0.003593165292824776,0.004278307667950232,logger1_heavy,1,78,52,78,0.75,0.009734336689076039,0.13760050023513426,0.6794871794871795,0.00030439769706930585,neural,0.17148674110699424,0.25
2.4054832200211723e-16,1.000000000000065,independent_latents,0.0,0.05,,0.0029923784019148868,0.0029923784019150815,,2.220446049250313e-16,logger1_heavy,2,78,,78,,4.440892098500626e-16,0.9999999999999996,1.0,1.9500071073544416e-16,observational,0.9999999999999999,
0.006223436320094385,0.47087971989686855,independent_latents,0.0,0.05,1.8546428434472337,0.0029923784019148868,0.001409050303719121,0.002939039545559599,0.00423276103225434,logger1_heavy,2,78,43,78,0.6744186046511628,0.014408957238089925,0.22655624374171834,0.6282051282051282,-0.0015833280981957655,neural,0.22356124887770454,0.32558139534883723
2.3200814488961606e-16,1.0000000000000395,independent_latents,0.0,0.05,,0.0029923784019148868,0.0029923784019150047,,0.0,logger12_balanced,0,78,,78,,4.440892098500626e-16,0.9999999999999999,1.0,1.1813911672293332e-16,observational,0.9999999999999999,
0.005481594835794472,0.5432359343222832,independent_latents,0.0,0.05,1.9310783190128868,0.0029923784019148868,0.0016255674770100541,0.0031379935128842723,0.004105393750046815,logger12_balanced,0,78,42,78,0.8095238095238095,0.012445538079450324,0.2889439805789308,0.5897435897435898,-0.0013668109249048326,neural,0.24634858812074,0.19047619047619047
2.3200814488961606e-16,1.0000000000000395,independent_latents,0.0,0.05,,0.0029923784019148868,0.0029923784019150047,,0.0,logger12_balanced,1,78,,78,,4.440892098500626e-16,0.9999999999999999,1.0,1.1813911672293332e-16,observational,0.9999999999999999,
0.00524900489556412,1.1017243330170126,independent_latents,0.0,0.05,2.15420171122125,0.0029923784019148868,0.0032967760989841923,0.003593165292824776,0.004278307667950232,logger12_balanced,1,78,52,78,0.75,0.009734336689076039,0.13760050023513426,0.6794871794871795,0.00030439769706930585,neural,0.17148674110699424,0.25
2.3200814488961606e-16,1.0000000000000395,independent_latents,0.0,0.05,,0.0029923784019148868,0.0029923784019150047,,0.0,logger12_balanced,2,78,,78,,4.440892098500626e-16,0.9999999999999999,1.0,1.1813911672293332e-16,observational,0.9999999999999999,
0.006223436320094385,0.47087971989686855,independent_latents,0.0,0.05,1.8546428434472337,0.0029923784019148868,0.001409050303719121,0.002939039545559599,0.00423276103225434,logger12_balanced,2,78,43,78,0.6744186046511628,0.014408957238089925,0.22655624374171834,0.6282051282051282,-0.0015833280981957655,neural,0.22356124887770454,0.32558139534883723
2.4197168485420076e-16,1.000000000000038,independent_latents,0.0,0.05,,0.0029923784019148868,0.0029923784019150004,,2.220446049250313e-16,logger2_heavy,0,78,,78,,4.440892098500626e-16,1.0,1.0,1.138690281666827e-16,observational,0.9999999999999999,
0.005481594835794472,0.5432359343222832,independent_latents,0.0,0.05,1.9310783190128868,0.0029923784019148868,0.0016255674770100541,0.0031379935128842723,0.004105393750046815,logger2_heavy,0,78,42,78,0.8095238095238095,0.012445538079450324,0.2889439805789308,0.5897435897435898,-0.0013668109249048326,neural,0.24634858812074,0.19047619047619047
2.4197168485420076e-16,1.000000000000038,independent_latents,0.0,0.05,,0.0029923784019148868,0.0029923784019150004,,2.220446049250313e-16,logger2_heavy,1,78,,78,,4.440892098500626e-16,1.0,1.0,1.138690281666827e-16,observational,0.9999999999999999,
0.00524900489556412,1.1017243330170126,independent_latents,0.0,0.05,2.15420171122125,0.0029923784019148868,0.0032967760989841923,0.003593165292824776,0.004278307667950232,logger2_heavy,1,78,52,78,0.75,0.009734336689076039,0.13760050023513426,0.6794871794871795,0.00030439769706930585,neural,0.17148674110699424,0.25
2.4197168485420076e-16,1.000000000000038,independent_latents,0.0,0.05,,0.0029923784019148868,0.0029923784019150004,,2.220446049250313e-16,logger2_heavy,2,78,,78,,4.440892098500626e-16,1.0,1.0,1.138690281666827e-16,observational,0.9999999999999999,
0.006223436320094385,0.47087971989686855,independent_latents,0.0,0.05,1.8546428434472337,0.0029923784019148868,0.001409050303719121,0.002939039545559599,0.00423276103225434,logger2_heavy,2,78,43,78,0.6744186046511628,0.014408957238089925,0.22655624374171834,0.6282051282051282,-0.0015833280981957655,neural,0.22356124887770454,0.32558139534883723
0.07652421652421623,-20.68852871640616,confounded,0.0,0.1,,0.0029923784019148868,-0.06190790649836971,,0.07555555555555538,logger1_heavy,0,78,,78,,0.07555555555555582,-0.16457749770032393,0.0641025641025641,-0.06490028490028459,observational,0.7196980234954918,
0.044306236435211796,-11.013127362970112,confounded,0.0,0.1,22.82591396294397,0.0029923784019148868,-0.032955444458489615,0.045442009433888944,0.04485455524758719,logger1_heavy,0,78,5,78,1.0,0.06127512487376343,-0.15628014751347616,0.07692307692307693,-0.03594782286040451,neural,-0.04915337826730231,0.0
0.07652421652421623,-20.68852871640616,confounded,0.0,0.1,,0.0029923784019148868,-0.06190790649836971,,0.07555555555555538,logger1_heavy,1,78,,78,,0.07555555555555582,-0.16457749770032393,0.0641025641025641,-0.06490028490028459,observational,0.7196980234954918,
0.049184254552545506,-12.382100444658386,confounded,0.0,0.1,17.700439490808446,0.0029923784019148868,-0.03705192994093647,0.03430152650654098,0.05052566831582617,logger1_heavy,1,78,7,78,1.0,0.06690382833408667,-0.24514434175022534,0.10256410256410256,-0.04004430834285137,neural,-0.1891399739501005,0.0
0.07652421652421623,-20.68852871640616,confounded,0.0,0.1,,0.0029923784019148868,-0.06190790649836971,,0.07555555555555538,logger1_heavy,2,78,,78,,0.07555555555555582,-0.16457749770032393,0.0641025641025641,-0.06490028490028459,observational,0.7196980234954918,
0.036920585832576375,-9.203149935877162,confounded,0.0,0.1,26.031397003574753,0.0029923784019148868,-0.027539307097703195,0.04949634918866269,0.037051313183825485,logger1_heavy,2,78,4,78,1.0,0.05543855479842254,-0.2659918380195228,0.0641025641025641,-0.030531685499618082,neural,-0.26488701172245477,0.0
0.06076923076923082,-16.22324339244028,confounded,0.0,0.1,,0.0029923784019148868,-0.048546083136546694,,0.06000000000000005,logger12_balanced,0,78,,78,,0.0600000000000005,-0.1531149285262465,0.0641025641025641,-0.05153846153846158,observational,0.7196980234954918,
0.03531617639510499,-8.354405483723147,confounded,0.0,0.1,20.27079464924224,0.0029923784019148868,-0.024999542530332437,0.04012219757377271,0.03430028581887479,logger12_balanced,0,78,5,78,1.0,0.04960836670982285,-0.11440188049438697,0.10256410256410256,-0.027991920932247314,neural,0.05517267542583998,0.0
0.06076923076923082,-16.22324339244028,confounded,0.0,0.1,,0.0029923784019148868,-0.048546083136546694,,0.06000000000000005,logger12_balanced,1,78,,78,,0.0600000000000005,-0.1531149285262465,0.0641025641025641,-0.05153846153846158,observational,0.7196980234954918,
0.039638403628739376,-9.721293712864222,confounded,0.0,0.1,15.107638412068427,0.0029923784019148868,-0.02908978934504588,0.02897609570110991,0.03925402525179322,logger12_balanced,1,78,7,78,1.0,0.0577338570373072,-0.280072008605787,0.10256410256410256,-0.03208216774696076,neural,-0.23213495365394096,0.0
0.06076923076923082,-16.22324339244028,confounded,0.0,0.1,,0.0029923784019148868,-0.048546083136546694,,0.06000000000000005,logger12_balanced,2,78,,78,,0.0600000000000005,-0.1531149285262465,0.0641025641025641,-0.05153846153846158,observational,0.7196980234954918,
0.028740334135098963,-6.881597733265644,confounded,0.0,0.1,21.803176910397575,0.0029923784019148868,-0.020592344427690555,0.04113559097175096,0.029098107554427877,logger12_balanced,2,78,4,78,1.0,0.04577735885731021,-0.2518372343500776,0.0641025641025641,-0.02358472282960544,neural,-0.2305416102884457,0.0
0.045014245014244766,-11.757958068474185,confounded,0.0,0.1,,0.0029923784019148868,-0.03518425977472303,,0.04444444444444429,logger2_heavy,0,78,,78,,0.04444444444444473,-0.13348824573264134,0.0641025641025641,-0.03817663817663792,observational,0.7196980234954918,
0.036779756580682145,-8.999906915884317,confounded,0.0,0.1,16.077023416593473,0.0029923784019148868,-0.026931127074336647,0.031244528802183685,0.04090217333555546,logger2_heavy,0,78,6,78,1.0,0.04795733075777897,-0.047449555064429584,0.10256410256410256,-0.029923505476251534,neural,0.13392936177746304,0.0
0.045014245014244766,-11.757958068474185,confounded,0.0,0.1,,0.0029923784019148868,-0.03518425977472303,,0.04444444444444429,logger2_heavy,1,78,,78,,0.04444444444444473,-0.13348824573264134,0.0641025641025641,-0.03817663817663792,observational,0.7196980234954918,
0.029915380639703518,-6.935161197905267,confounded,0.0,0.1,12.958131439920768,0.0029923784019148868,-0.020752626582409894,0.024561159769531722,0.028629278207171316,logger2_heavy,1,78,7,78,1.0,0.04385783661903716,-0.24924490053765272,0.10256410256410256,-0.023745004984324778,neural,-0.1823113595265494,0.0
0.045014245014244766,-11.757958068474185,confounded,0.0,0.1,,0.0029923784019148868,-0.03518425977472303,,0.04444444444444429,logger2_heavy,2,78,,78,,0.04444444444444473,-0.13348824573264134,0.0641025641025641,-0.03817663817663792,observational,0.7196980234954918,
0.030441431129751402,-7.317006665392171,confounded,0.0,0.1,22.567600481330075,0.0029923784019148868,-0.0218952527121868,0.04264713968753042,0.030032242472387782,logger2_heavy,2,78,4,78,1.0,0.04455183643063917,-0.1812404734273267,0.0641025641025641,-0.024887631114101683,neural,-0.13478926137153985,0.0
2.4054832200211723e-16,1.000000000000065,independent_latents,0.0,0.1,,0.0029923784019148868,0.0029923784019150815,,2.220446049250313e-16,logger1_heavy,0,78,,78,,4.440892098500626e-16,0.9999999999999996,1.0,1.9500071073544416e-16,observational,0.9999999999999999,
0.005481594835794472,0.5432359343222832,independent_latents,0.0,0.1,1.9310783190128868,0.0029923784019148868,0.0016255674770100541,0.0031379935128842723,0.004105393750046815,logger1_heavy,0,78,42,78,0.8095238095238095,0.012445538079450324,0.2889439805789308,0.5897435897435898,-0.0013668109249048326,neural,0.24634858812074,0.19047619047619047
2.4054832200211723e-16,1.000000000000065,independent_latents,0.0,0.1,,0.0029923784019148868,0.0029923784019150815,,2.220446049250313e-16,logger1_heavy,1,78,,78,,4.440892098500626e-16,0.9999999999999996,1.0,1.9500071073544416e-16,observational,0.9999999999999999,
0.00524900489556412,1.1017243330170126,independent_latents,0.0,0.1,2.15420171122125,0.0029923784019148868,0.0032967760989841923,0.003593165292824776,0.004278307667950232,logger1_heavy,1,78,52,78,0.75,0.009734336689076039,0.13760050023513426,0.6794871794871795,0.00030439769706930585,neural,0.17148674110699424,0.25
2.4054832200211723e-16,1.000000000000065,independent_latents,0.0,0.1,,0.0029923784019148868,0.0029923784019150815,,2.220446049250313e-16,logger1_heavy,2,78,,78,,4.440892098500626e-16,0.9999999999999996,1.0,1.9500071073544416e-16,observational,0.9999999999999999,
0.006223436320094385,0.47087971989686855,independent_latents,0.0,0.1,1.8546428434472337,0.0029923784019148868,0.001409050303719121,0.002939039545559599,0.00423276103225434,logger1_heavy,2,78,43,78,0.6744186046511628,0.014408957238089925,0.22655624374171834,0.6282051282051282,-0.0015833280981957655,neural,0.22356124887770454,0.32558139534883723
2.3200814488961606e-16,1.0000000000000395,independent_latents,0.0,0.1,,0.0029923784019148868,0.0029923784019150047,,0.0,logger12_balanced,0,78,,78,,4.440892098500626e-16,0.9999999999999999,1.0,1.1813911672293332e-16,observational,0.9999999999999999,
0.005481594835794472,0.5432359343222832,independent_latents,0.0,0.1,1.9310783190128868,0.0029923784019148868,0.0016255674770100541,0.0031379935128842723,0.004105393750046815,logger12_balanced,0,78,42,78,0.8095238095238095,0.012445538079450324,0.2889439805789308,0.5897435897435898,-0.0013668109249048326,neural,0.24634858812074,0.19047619047619047
2.3200814488961606e-16,1.0000000000000395,independent_latents,0.0,0.1,,0.0029923784019148868,0.0029923784019150047,,0.0,logger12_balanced,1,78,,78,,4.440892098500626e-16,0.9999999999999999,1.0,1.1813911672293332e-16,observational,0.9999999999999999,
0.00524900489556412,1.1017243330170126,independent_latents,0.0,0.1,2.15420171122125,0.0029923784019148868,0.0032967760989841923,0.003593165292824776,0.004278307667950232,logger12_balanced,1,78,52,78,0.75,0.009734336689076039,0.13760050023513426,0.6794871794871795,0.00030439769706930585,neural,0.17148674110699424,0.25
2.3200814488961606e-16,1.0000000000000395,independent_latents,0.0,0.1,,0.0029923784019148868,0.0029923784019150047,,0.0,logger12_balanced,2,78,,78,,4.440892098500626e-16,0.9999999999999999,1.0,1.1813911672293332e-16,observational,0.9999999999999999,
0.006223436320094385,0.47087971989686855,independent_latents,0.0,0.1,1.8546428434472337,0.0029923784019148868,0.001409050303719121,0.002939039545559599,0.00423276103225434,logger12_balanced,2,78,43,78,0.6744186046511628,0.014408957238089925,0.22655624374171834,0.6282051282051282,-0.0015833280981957655,neural,0.22356124887770454,0.32558139534883723
2.4197168485420076e-16,1.000000000000038,independent_latents,0.0,0.1,,0.0029923784019148868,0.0029923784019150004,,2.220446049250313e-16,logger2_heavy,0,78,,78,,4.440892098500626e-16,1.0,1.0,1.138690281666827e-16,observational,0.9999999999999999,
0.005481594835794472,0.5432359343222832,independent_latents,0.0,0.1,1.9310783190128868,0.0029923784019148868,0.0016255674770100541,0.0031379935128842723,0.004105393750046815,logger2_heavy,0,78,42,78,0.8095238095238095,0.012445538079450324,0.2889439805789308,0.5897435897435898,-0.0013668109249048326,neural,0.24634858812074,0.19047619047619047
2.4197168485420076e-16,1.000000000000038,independent_latents,0.0,0.1,,0.0029923784019148868,0.0029923784019150004,,2.220446049250313e-16,logger2_heavy,1,78,,78,,4.440892098500626e-16,1.0,1.0,1.138690281666827e-16,observational,0.9999999999999999,
0.00524900489556412,1.1017243330170126,independent_latents,0.0,0.1,2.15420171122125,0.0029923784019148868,0.0032967760989841923,0.003593165292824776,0.004278307667950232,logger2_heavy,1,78,52,78,0.75,0.009734336689076039,0.13760050023513426,0.6794871794871795,0.00030439769706930585,neural,0.17148674110699424,0.25
2.4197168485420076e-16,1.000000000000038,independent_latents,0.0,0.1,,0.0029923784019148868,0.0029923784019150004,,2.220446049250313e-16,logger2_heavy,2,78,,78,,4.440892098500626e-16,1.0,1.0,1.138690281666827e-16,observational,0.9999999999999999,
0.006223436320094385,0.47087971989686855,independent_latents,0.0,0.1,1.8546428434472337,0.0029923784019148868,0.001409050303719121,0.002939039545559599,0.00423276103225434,logger2_heavy,2,78,43,78,0.6744186046511628,0.014408957238089925,0.22655624374171834,0.6282051282051282,-0.0015833280981957655,neural,0.22356124887770454,0.32558139534883723
0.15304843304843294,-42.377057432812485,confounded,0.0,0.2,,0.0029923784019148868,-0.1268081913986548,,0.1511111111111112,logger1_heavy,0,78,,78,,0.1511111111111112,-0.1864931584977806,0.0641025641025641,-0.12980056980056975,observational,0.7196980234954918,
0.07094941255446699,-19.17203195792083,confounded,0.0,0.2,36.18733380245849,0.0029923784019148868,-0.05736997435170427,0.0695784003048569,0.06953061865586596,logger1_heavy,0,78,4,78,1.0,0.09771910350194267,-0.2811711674356665,0.0641025641025641,-0.060362352753619126,neural,-0.31617749339268325,0.0
0.15304843304843294,-42.377057432812485,confounded,0.0,0.2,,0.0029923784019148868,-0.1268081913986548,,0.1511111111111112,logger1_heavy,1,78,,78,,0.1511111111111112,-0.1864931584977806,0.0641025641025641,-0.12980056980056975,observational,0.7196980234954918,
0.08440032568348567,-22.338173550863047,confounded,0.0,0.2,36.831499306614596,0.0029923784019148868,-0.06684426807182896,0.07551823779249789,0.08658089233730748,logger1_heavy,1,78,5,78,1.0,0.11539109288738802,-0.2704746444358551,0.07692307692307693,-0.06983664647374385,neural,-0.26994524462878894,0.0
0.15304843304843294,-42.377057432812485,confounded,0.0,0.2,,0.0029923784019148868,-0.1268081913986548,,0.1511111111111112,logger1_heavy,2,78,,78,,0.1511111111111112,-0.1864931584977806,0.0641025641025641,-0.12980056980056975,observational,0.7196980234954918,
0.07884478064403687,-20.707081393887442,confounded,0.0,0.2,52.27940393375343,0.0029923784019148868,-0.061963423129762385,0.1013983871107581,0.08067826281424262,logger1_heavy,2,78,4,78,1.0,0.1108741469081644,-0.2740071085111091,0.0641025641025641,-0.06495580153167725,neural,-0.2918979754422792,0.0
0.12153846153846164,-33.44648678488057,confounded,0.0,0.2,,0.0029923784019148868,-0.1000845446750083,,0.1200000000000001,logger12_balanced,0,78,,78,,0.12000000000000055,-0.1808366013907378,0.0641025641025641,-0.10307692307692318,observational,0.7196980234954918,
0.05696005430350315,-14.965217647341253,confounded,0.0,0.2,31.870833697718307,0.0029923784019148868,-0.04478159406785948,0.061043079786125665,0.05851336217988434,logger12_balanced,0,78,4,78,1.0,0.07715290730110928,-0.25512864597837026,0.07692307692307693,-0.04777397246977437,neural,-0.23413295565194298,0.0
0.12153846153846164,-33.44648678488057,confounded,0.0,0.2,,0.0029923784019148868,-0.1000845446750083,,0.1200000000000001,logger12_balanced,1,78,,78,,0.12000000000000055,-0.1808366013907378,0.0641025641025641,-0.10307692307692318,observational,0.7196980234954918,
0.0671060579192812,-17.498404381262418,confounded,0.0,0.2,30.29924732986386,0.0029923784019148868,-0.05236184733846249,0.061750905483025954,0.06976141511916523,logger12_balanced,1,78,5,78,1.0,0.09051634723786396,-0.2763208344573983,0.07692307692307693,-0.05535422574037737,neural,-0.26637919042982333,0.0
0.12153846153846164,-33.44648678488057,confounded,0.0,0.2,,0.0029923784019148868,-0.1000845446750083,,0.1200000000000001,logger12_balanced,2,78,,78,,0.12000000000000055,-0.1808366013907378,0.0641025641025641,-0.10307692307692318,observational,0.7196980234954918,
0.060869340730549164,-15.815389469482126,confounded,0.0,0.2,40.908470328703096,0.0029923784019148868,-0.04732562986635045,0.07891383699810184,0.06267907365316572,logger12_balanced,2,78,4,78,1.0,0.08517907169010844,-0.281961442738331,0.0641025641025641,-0.05031800826826533,neural,-0.29465471237623136,0.0
0.09002849002849,-24.51591613694854,confounded,0.0,0.2,,0.0029923784019148868,-0.07336089795136146,,0.08888888888888902,logger2_heavy,0,78,,78,,0.08888888888888931,-0.17117940216339111,0.0641025641025641,-0.07635327635327634,observational,0.7196980234954918,
0.05093602041961865,-12.965915706129897,confounded,0.0,0.2,24.703020937065286,0.0029923784019148868,-0.03879892612007211,0.04935018542007037,0.04942222680760877,logger2_heavy,0,78,5,78,1.0,0.06964237217906377,-0.165552325038083,0.07692307692307693,-0.04179130452198698,neural,-0.06754005488182704,0.0
0.09002849002849,-24.51591613694854,confounded,0.0,0.2,,0.0029923784019148868,-0.07336089795136146,,0.08888888888888902,logger2_heavy,1,78,,78,,0.08888888888888931,-0.17117940216339111,0.0641025641025641,-0.07635327635327634,observational,0.7196980234954918,
0.04960119499349959,-12.537100699389619,confounded,0.0,0.2,17.666064749118974,0.0029923784019148868,-0.03751574935548552,0.03423092320811486,0.04934849715932077,logger2_heavy,1,78,7,78,0.8571428571428571,0.06848523038637486,-0.28391482560418146,0.10256410256410256,-0.040508127757400404,neural,-0.2758380859646682,0.14285714285714285
0.09002849002849,-24.51591613694854,confounded,0.0,0.2,,0.0029923784019148868,-0.07336089795136146,,0.08888888888888902,logger2_heavy,2,78,,78,,0.08888888888888931,-0.17117940216339111,0.0641025641025641,-0.07635327635327634,observational,0.7196980234954918,
0.04361844008771098,-11.025476697914225,confounded,0.0,0.2,30.78504156835682,0.0029923784019148868,-0.03299239834165439,0.05889606632245431,0.044264846115182666,logger2_heavy,2,78,4,78,1.0,0.06472627877571911,-0.27309792109741665,0.0641025641025641,-0.03598477674356927,neural,-0.26943942133815546,0.0
2.4054832200211723e-16,1.000000000000065,independent_latents,0.0,0.2,,0.0029923784019148868,0.0029923784019150815,,2.220446049250313e-16,logger1_heavy,0,78,,78,,4.440892098500626e-16,0.9999999999999996,1.0,1.9500071073544416e-16,observational,0.9999999999999999,
0.005481594835794472,0.5432359343222832,independent_latents,0.0,0.2,1.9310783190128868,0.0029923784019148868,0.0016255674770100541,0.0031379935128842723,0.004105393750046815,logger1_heavy,0,78,42,78,0.8095238095238095,0.012445538079450324,0.2889439805789308,0.5897435897435898,-0.0013668109249048326,neural,0.24634858812074,0.19047619047619047
2.4054832200211723e-16,1.000000000000065,independent_latents,0.0,0.2,,0.0029923784019148868,0.0029923784019150815,,2.220446049250313e-16,logger1_heavy,1,78,,78,,4.440892098500626e-16,0.9999999999999996,1.0,1.9500071073544416e-16,observational,0.9999999999999999,
0.00524900489556412,1.1017243330170126,independent_latents,0.0,0.2,2.15420171122125,0.0029923784019148868,0.0032967760989841923,0.003593165292824776,0.004278307667950232,logger1_heavy,1,78,52,78,0.75,0.009734336689076039,0.13760050023513426,0.6794871794871795,0.00030439769706930585,neural,0.17148674110699424,0.25
2.4054832200211723e-16,1.000000000000065,independent_latents,0.0,0.2,,0.0029923784019148868,0.0029923784019150815,,2.220446049250313e-16,logger1_heavy,2,78,,78,,4.440892098500626e-16,0.9999999999999996,1.0,1.9500071073544416e-16,observational,0.9999999999999999,
0.006223436320094385,0.47087971989686855,independent_latents,0.0,0.2,1.8546428434472337,0.0029923784019148868,0.001409050303719121,0.002939039545559599,0.00423276103225434,logger1_heavy,2,78,43,78,0.6744186046511628,0.014408957238089925,0.22655624374171834,0.6282051282051282,-0.0015833280981957655,neural,0.22356124887770454,0.32558139534883723
2.3200814488961606e-16,1.0000000000000395,independent_latents,0.0,0.2,,0.0029923784019148868,0.0029923784019150047,,0.0,logger12_balanced,0,78,,78,,4.440892098500626e-16,0.9999999999999999,1.0,1.1813911672293332e-16,observational,0.9999999999999999,
0.005481594835794472,0.5432359343222832,independent_latents,0.0,0.2,1.9310783190128868,0.0029923784019148868,0.0016255674770100541,0.0031379935128842723,0.004105393750046815,logger12_balanced,0,78,42,78,0.8095238095238095,0.012445538079450324,0.2889439805789308,0.5897435897435898,-0.0013668109249048326,neural,0.24634858812074,0.19047619047619047
2.3200814488961606e-16,1.0000000000000395,independent_latents,0.0,0.2,,0.0029923784019148868,0.0029923784019150047,,0.0,logger12_balanced,1,78,,78,,4.440892098500626e-16,0.9999999999999999,1.0,1.1813911672293332e-16,observational,0.9999999999999999,
0.00524900489556412,1.1017243330170126,independent_latents,0.0,0.2,2.15420171122125,0.0029923784019148868,0.0032967760989841923,0.003593165292824776,0.004278307667950232,logger12_balanced,1,78,52,78,0.75,0.009734336689076039,0.13760050023513426,0.6794871794871795,0.00030439769706930585,neural,0.17148674110699424,0.25
2.3200814488961606e-16,1.0000000000000395,independent_latents,0.0,0.2,,0.0029923784019148868,0.0029923784019150047,,0.0,logger12_balanced,2,78,,78,,4.440892098500626e-16,0.9999999999999999,1.0,1.1813911672293332e-16,observational,0.9999999999999999,
0.006223436320094385,0.47087971989686855,independent_latents,0.0,0.2,1.8546428434472337,0.0029923784019148868,0.001409050303719121,0.002939039545559599,0.00423276103225434,logger12_balanced,2,78,43,78,0.6744186046511628,0.014408957238089925,0.22655624374171834,0.6282051282051282,-0.0015833280981957655,neural,0.22356124887770454,0.32558139534883723
2.4197168485420076e-16,1.000000000000038,independent_latents,0.0,0.2,,0.0029923784019148868,0.0029923784019150004,,2.220446049250313e-16,logger2_heavy,0,78,,78,,4.440892098500626e-16,1.0,1.0,1.138690281666827e-16,observational,0.9999999999999999,
0.005481594835794472,0.5432359343222832,independent_latents,0.0,0.2,1.9310783190128868,0.0029923784019148868,0.0016255674770100541,0.0031379935128842723,0.004105393750046815,logger2_heavy,0,78,42,78,0.8095238095238095,0.012445538079450324,0.2889439805789308,0.5897435897435898,-0.0013668109249048326,neural,0.24634858812074,0.19047619047619047
2.4197168485420076e-16,1.000000000000038,independent_latents,0.0,0.2,,0.0029923784019148868,0.0029923784019150004,,2.220446049250313e-16,logger2_heavy,1,78,,78,,4.440892098500626e-16,1.0,1.0,1.138690281666827e-16,observational,0.9999999999999999,
0.00524900489556412,1.1017243330170126,independent_latents,0.0,0.2,2.15420171122125,0.0029923784019148868,0.0032967760989841923,0.003593165292824776,0.004278307667950232,logger2_heavy,1,78,52,78,0.75,0.009734336689076039,0.13760050023513426,0.6794871794871795,0.00030439769706930585,neural,0.17148674110699424,0.25
2.4197168485420076e-16,1.000000000000038,independent_latents,0.0,0.2,,0.0029923784019148868,0.0029923784019150004,,2.220446049250313e-16,logger2_heavy,2,78,,78,,4.440892098500626e-16,1.0,1.0,1.138690281666827e-16,observational,0.9999999999999999,
0.006223436320094385,0.47087971989686855,independent_latents,0.0,0.2,1.8546428434472337,0.0029923784019148868,0.001409050303719121,0.002939039545559599,0.00423276103225434,logger2_heavy,2,78,43,78,0.6744186046511628,0.014408957238089925,0.22655624374171834,0.6282051282051282,-0.0015833280981957655,neural,0.22356124887770454,0.32558139534883723
0.0029879990607994214,2.1072733886449613,confounded,0.3,0.0,,0.002666020787760153,0.0056180346596212466,,0.0027771171405055473,logger1_heavy,0,78,,78,,0.005768262143545044,0.9819239103915506,0.9743589743589743,0.002952013871861093,observational,0.9666409539827261,
0.007097296622855308,1.6207269185302653,confounded,0.3,0.0,3.029085456411927,0.002666020787760153,0.004320891656084143,0.005759405936093453,0.005367474274564632,logger1_heavy,0,78,49,78,0.8775510204081632,0.012716063395302823,0.27563251361266156,0.7051282051282052,0.0016548708683239903,neural,0.2537841904930512,0.12244897959183673
0.0029879990607994214,2.1072733886449613,confounded,0.3,0.0,,0.002666020787760153,0.0056180346596212466,,0.0027771171405055473,logger1_heavy,1,78,,78,,0.005768262143545044,0.9819239103915506,0.9743589743589743,0.002952013871861093,observational,0.9666409539827261,
0.005946516325942761,1.8220936956664981,confounded,0.3,0.0,2.6036049710404505,0.002666020787760153,0.004857739669893606,0.0044603370599164156,0.004424326781669541,logger1_heavy,1,78,55,78,0.8363636363636363,0.012843002460440006,0.0009559765368254234,0.7692307692307693,0.0021917188821334523,neural,0.011823619418556128,0.16363636363636364
0.0029879990607994214,2.1072733886449613,confounded,0.3,0.0,,0.002666020787760153,0.0056180346596212466,,0.0027771171405055473,logger1_heavy,2,78,,78,,0.005768262143545044,0.9819239103915506,0.9743589743589743,0.002952013871861093,observational,0.9666409539827261,
0.005697795545639091,2.0284588551245717,confounded,0.3,0.0,2.6278026136851422,0.002666020787760153,0.005407913474878268,0.005028276380308154,0.004626784999794298,logger1_heavy,2,78,54,78,0.8888888888888888,0.012848625963213987,0.2860034671270012,0.7692307692307693,0.002741892687118115,neural,0.30616219223814156,0.1111111111111111
0.0023728227835758944,1.8793053380415516,confounded,0.3,0.0,,0.002666020787760153,0.005010267097767398,,0.0022053577292251436,logger12_balanced,0,78,,78,,0.004580678761050726,0.9855532593724471,0.9743589743589743,0.002344246310007245,observational,0.9753411145816209,
0.008012853662159421,0.9091773842805443,confounded,0.3,0.0,3.0400835992647353,0.002666020787760153,0.002423885806253332,0.006118610375730332,0.005757076818632412,logger12_balanced,0,78,40,78,0.825,0.01511643545476171,0.25148887390093005,0.5897435897435898,-0.00024213498150682094,neural,0.21266075696455441,0.175
0.0023728227835758944,1.8793053380415516,confounded,0.3,0.0,,0.002666020787760153,0.005010267097767398,,0.0022053577292251436,logger12_balanced,1,78,,78,,0.004580678761050726,0.9855532593724471,0.9743589743589743,0.002344246310007245,observational,0.9753411145816209,
0.006216308196417535,1.4592647120133757,confounded,0.3,0.0,2.5278239888098315,0.002666020787760153,0.0038904300570724924,0.004227894601292059,0.0048597384618798145,logger12_balanced,1,78,50,78,0.78,0.012951978116327421,-0.04411847934401563,0.7307692307692307,0.0012244092693123392,neural,-0.022698820167174595,0.22
0.0023728227835758944,1.8793053380415516,confounded,0.3,0.0,,0.002666020787760153,0.005010267097767398,,0.0022053577292251436,logger12_balanced,2,78,,78,,0.004580678761050726,0.9855532593724471,0.9743589743589743,0.002344246310007245,observational,0.9753411145816209,
0.0054409411371357614,2.0158151979688546,confounded,0.3,0.0,2.503286734667374,0.002666020787760153,0.005374205222067814,0.004532255191966317,0.004494491910375764,logger12_balanced,2,78,57,78,0.7894736842105263,0.011264139825829744,0.30997868715697524,0.8076923076923077,0.0027081844343076608,neural,0.330871659985584,0.21052631578947367
0.0017576465063526238,1.6513372874382168,confounded,0.3,0.0,,0.002666020787760153,0.004402499535913749,,0.001633598317944962,logger2_heavy,0,78,,78,,0.0033930953785562762,0.9896377858192911,0.9743589743589743,0.001736478748153596,observational,0.9828020081184637,
0.006270157534406912,1.301826304777307,confounded,0.3,0.0,2.644630297143239,0.002666020787760153,0.0034706959905892853,0.004648115676653344,0.0054128696205321125,logger2_heavy,0,78,49,78,0.8775510204081632,0.011550490810746925,0.2489325364438819,0.6923076923076923,0.0008046752028291321,neural,0.24758785518279186,0.12244897959183673
0.0017576465063526238,1.6513372874382168,confounded,0.3,0.0,,0.002666020787760153,0.004402499535913749,,0.001633598317944962,logger2_heavy,1,78,,78,,0.0033930953785562762,0.9896377858192911,0.9743589743589743,0.001736478748153596,observational,0.9828020081184637,
0.005923114569319731,1.5377274913333452,confounded,0.3,0.0,2.5520852895056905,0.002666020787760153,0.004099613457804969,0.00416806442335166,0.004704215608101359,logger2_heavy,1,78,52,78,0.8461538461538461,0.0121920669071454,-0.06570696865622659,0.7307692307692307,0.0014335926700448152,neural,-0.03271412132171626,0.15384615384615385
0.0017576465063526238,1.6513372874382168,confounded,0.3,0.0,,0.002666020787760153,0.004402499535913749,,0.001633598317944962,logger2_heavy,2,78,,78,,0.0033930953785562762,0.9896377858192911,0.9743589743589743,0.001736478748153596,observational,0.9828020081184637,
0.004713708751257737,1.2790670896438978,confounded,0.3,0.0,2.202226215461857,0.002666020787760153,0.0034100194499305106,0.0034886343581262296,0.0038204355313595784,logger2_heavy,2,78,48,78,0.7291666666666666,0.009985579152953637,0.30338761453574037,0.7307692307692307,0.0007439986621703577,neural,0.28554989314482987,0.2708333333333333
3.771911558021365e-16,1.0000000000000764,independent_latents,0.3,0.0,,0.002666020787760153,0.002666020787760357,,4.440892098500626e-16,logger1_heavy,0,78,,78,,8.881784197001252e-16,1.0,1.0,2.0354088784794536e-16,observational,0.9999999999999999,
0.00529076050073173,0.3191022954694363,independent_latents,0.3,0.0,1.9185049441739574,0.002666020787760153,0.0008507333531434997,0.0025019006130161626,0.0038213867485948905,logger1_heavy,0,78,38,78,0.631578947368421,0.01110223514904338,0.012524854125988298,0.5897435897435898,-0.0018152874346166535,neural,0.016780687666763616,0.3684210526315789
3.771911558021365e-16,1.0000000000000764,independent_latents,0.3,0.0,,0.002666020787760153,0.002666020787760357,,4.440892098500626e-16,logger1_heavy,1,78,,78,,8.881784197001252e-16,1.0,1.0,2.0354088784794536e-16,observational,0.9999999999999999,
0.005206002228433719,0.74051652652535,independent_latents,0.3,0.0,2.125731494968214,0.002666020787760153,0.001974232453396526,0.0032887894659849202,0.004550256066605196,logger1_heavy,1,78,40,78,0.7,0.01040247203720952,0.1309669780606837,0.5769230769230769,-0.0006917883343636274,neural,0.0853450347121233,0.3
3.771911558021365e-16,1.0000000000000764,independent_latents,0.3,0.0,,0.002666020787760153,0.002666020787760357,,4.440892098500626e-16,logger1_heavy,2,78,,78,,8.881784197001252e-16,1.0,1.0,2.0354088784794536e-16,observational,0.9999999999999999,
0.005308194789167944,1.1220872134369597,independent_latents,0.3,0.0,2.44476343184678,0.002666020787760153,0.002991507836702798,0.00432794376482379,0.004373200707776359,logger1_heavy,2,78,43,78,0.813953488372093,0.010550440493105828,0.34317314082046846,0.6410256410256411,0.0003254870489426452,neural,0.3340077643875112,0.18604651162790697
3.102931017542104e-16,1.0000000000000502,independent_latents,0.3,0.0,,0.002666020787760153,0.002666020787760287,,3.3306690738754696e-16,logger12_balanced,0,78,,78,,8.881784197001252e-16,1.0,1.0,1.337961080958522e-16,observational,0.9999999999999999,
0.00529076050073173,0.3191022954694363,independent_latents,0.3,0.0,1.9185049441739574,0.002666020787760153,0.0008507333531434997,0.0025019006130161626,0.0038213867485948905,logger12_balanced,0,78,38,78,0.631578947368421,0.01110223514904338,0.012524854125988298,0.5897435897435898,-0.0018152874346166535,neural,0.016780687666763616,0.3684210526315789
3.102931017542104e-16,1.0000000000000502,independent_latents,0.3,0.0,,0.002666020787760153,0.002666020787760287,,3.3306690738754696e-16,logger12_balanced,1,78,,78,,8.881784197001252e-16,1.0,1.0,1.337961080958522e-16,observational,0.9999999999999999,
0.005206002228433719,0.74051652652535,independent_latents,0.3,0.0,2.125731494968214,0.002666020787760153,0.001974232453396526,0.0032887894659849202,0.004550256066605196,logger12_balanced,1,78,40,78,0.7,0.01040247203720952,0.1309669780606837,0.5769230769230769,-0.0006917883343636274,neural,0.0853450347121233,0.3
3.102931017542104e-16,1.0000000000000502,independent_latents,0.3,0.0,,0.002666020787760153,0.002666020787760287,,3.3306690738754696e-16,logger12_balanced,2,78,,78,,8.881784197001252e-16,1.0,1.0,1.337961080958522e-16,observational,0.9999999999999999,
0.005308194789167944,1.1220872134369597,independent_latents,0.3,0.0,2.44476343184678,0.002666020787760153,0.002991507836702798,0.00432794376482379,0.004373200707776359,logger12_balanced,2,78,43,78,0.813953488372093,0.010550440493105828,0.34317314082046846,0.6410256410256411,0.0003254870489426452,neural,0.3340077643875112,0.18604651162790697
3.216800045708787e-16,1.000000000000049,independent_latents,0.3,0.0,,0.002666020787760153,0.002666020787760284,,4.440892098500626e-16,logger2_heavy,0,78,,78,,8.881784197001252e-16,1.0,1.0,1.3094938239168513e-16,observational,0.9999999999999999,
0.00529076050073173,0.3191022954694363,independent_latents,0.3,0.0,1.9185049441739574,0.002666020787760153,0.0008507333531434997,0.0025019006130161626,0.0038213867485948905,logger2_heavy,0,78,38,78,0.631578947368421,0.01110223514904338,0.012524854125988298,0.5897435897435898,-0.0018152874346166535,neural,0.016780687666763616,0.3684210526315789
3.216800045708787e-16,1.000000000000049,independent_latents,0.3,0.0,,0.002666020787760153,0.002666020787760284,,4.440892098500626e-16,logger2_heavy,1,78,,78,,8.881784197001252e-16,1.0,1.0,1.3094938239168513e-16,observational,0.9999999999999999,
0.005206002228433719,0.74051652652535,independent_latents,0.3,0.0,2.125731494968214,0.002666020787760153,0.001974232453396526,0.0032887894659849202,0.004550256066605196,logger2_heavy,1,78,40,78,0.7,0.01040247203720952,0.1309669780606837,0.5769230769230769,-0.0006917883343636274,neural,0.0853450347121233,0.3
3.216800045708787e-16,1.000000000000049,independent_latents,0.3,0.0,,0.002666020787760153,0.002666020787760284,,4.440892098500626e-16,logger2_heavy,2,78,,78,,8.881784197001252e-16,1.0,1.0,1.3094938239168513e-16,observational,0.9999999999999999,
0.005308194789167944,1.1220872134369597,independent_latents,0.3,0.0,2.44476343184678,0.002666020787760153,0.002991507836702798,0.00432794376482379,0.004373200707776359,logger2_heavy,2,78,43,78,0.813953488372093,0.010550440493105828,0.34317314082046846,0.6410256410256411,0.0003254870489426452,neural,0.3340077643875112,0.18604651162790697
0.03606715460069465,-8.792802557215783,confounded,0.3,0.05,,0.002666020787760153,-0.023441794400207907,,0.03523444357452443,logger1_heavy,0,78,,78,,0.03768125336857131,-0.16616286913453102,0.11538461538461539,-0.026107815187968057,observational,0.48666523350067653,
0.026057065594672045,-6.277632877298266,confounded,0.3,0.05,15.493702549894012,0.002666020787760153,-0.016736299748803758,0.0260958310748145,0.026504279500274563,logger1_heavy,0,78,4,78,1.0,0.03746589497569262,-0.10889448343849342,0.1282051282051282,-0.019402320536563912,neural,0.039087494783697316,0.0
0.03606715460069465,-8.792802557215783,confounded,0.3,0.05,,0.002666020787760153,-0.023441794400207907,,0.03523444357452443,logger1_heavy,1,78,,78,,0.03768125336857131,-0.16616286913453102,0.11538461538461539,-0.026107815187968057,observational,0.48666523350067653,
0.02602989173182921,-6.187562183814262,confounded,0.3,0.05,7.9754299911899,0.002666020787760153,-0.016496169407607432,0.01992556051265777,0.027624543619671593,logger1_heavy,1,78,5,78,0.6,0.03896683019017142,-0.2643305571450317,0.14102564102564102,-0.019162190195367586,neural,-0.24553927085572655,0.4
0.03606715460069465,-8.792802557215783,confounded,0.3,0.05,,0.002666020787760153,-0.023441794400207907,,0.03523444357452443,logger1_heavy,2,78,,78,,0.03768125336857131,-0.16616286913453102,0.11538461538461539,-0.026107815187968057,observational,0.48666523350067653,
0.03038783668304472,-7.192336399620088,confounded,0.3,0.05,19.4408063725806,0.002666020787760153,-0.01917491835395117,0.03320256962122803,0.030278245445258145,logger1_heavy,2,78,4,78,1.0,0.04080864358353833,-0.14448689517080873,0.11538461538461539,-0.021840939141711323,neural,0.09806649047155375,0.0
0.028641563947610367,-6.776637324847782,confounded,0.3,0.05,,0.002666020787760153,-0.01806665597915554,,0.027980293426828284,logger12_balanced,0,78,,78,,0.029923348263277028,-0.1505431871286055,0.11538461538461539,-0.020732676766915693,observational,0.4889667294730586,
0.021343412353199465,-4.885243733217564,confounded,0.3,0.05,4.028919437919504,0.002666020787760153,-0.01302416134603304,0.009461460820990475,0.021455819233899054,logger12_balanced,0,78,8,78,0.5,0.030566705888641542,-0.07986748492561578,0.1794871794871795,-0.015690182133793192,neural,0.033447565093134714,0.5
0.028641563947610367,-6.776637324847782,confounded,0.3,0.05,,0.002666020787760153,-0.01806665597915554,,0.027980293426828284,logger12_balanced,1,78,,78,,0.029923348263277028,-0.1505431871286055,0.11538461538461539,-0.020732676766915693,observational,0.4889667294730586,
0.02468723727784802,-5.7702990948402,confounded,0.3,0.05,8.954942823306629,0.002666020787760153,-0.015383737338437568,0.024379545788538293,0.02487900809604926,logger12_balanced,1,78,4,78,0.75,0.03432699291161776,-0.22563604680838878,0.14102564102564102,-0.01804975812619772,neural,-0.22234727298018436,0.25
0.028641563947610367,-6.776637324847782,confounded,0.3,0.05,,0.002666020787760153,-0.01806665597915554,,0.027980293426828284,logger12_balanced,2,78,,78,,0.029923348263277028,-0.1505431871286055,0.11538461538461539,-0.020732676766915693,observational,0.4889667294730586,
0.023738520450301503,-5.357645622776824,confounded,0.3,0.05,12.491036286896346,0.002666020787760153,-0.014283594603775204,0.021202885322113296,0.02417956867039761,logger12_balanced,2,78,5,78,1.0,0.0337181732976725,-0.1365726060160787,0.1282051282051282,-0.016949615391535354,neural,0.0009484186699376572,0.0
0.021215973294526104,-4.760472092479825,confounded,0.3,0.05,,0.002666020787760153,-0.012691517558103285,,0.020726143279131692,logger2_heavy,0,78,,78,,0.0221654431579831,-0.12373496043977421,0.11538461538461539,-0.01535753834586344,observational,0.491622301748884,
0.01674065738825961,-3.5339078653031573,confounded,0.3,0.05,3.7963573787897755,0.002666020787760153,-0.009421471830927324,0.008735004784108824,0.017070826808113004,logger2_heavy,0,78,8,78,0.75,0.024989362248061607,-0.030498908412398558,0.19230769230769232,-0.012087492618687478,neural,0.039138077112760655,0.25
0.021215973294526104,-4.760472092479825,confounded,0.3,0.05,,0.002666020787760153,-0.012691517558103285,,0.020726143279131692,logger2_heavy,1,78,,78,,0.0221654431579831,-0.12373496043977421,0.11538461538461539,-0.01535753834586344,observational,0.491622301748884,
0.019016331853260134,-4.312836697586929,confounded,0.3,0.05,15.441691133224419,0.002666020787760153,-0.0114981122899816,0.027237768948626135,0.01913859288468761,logger2_heavy,1,78,3,78,1.0,0.0290795657995901,-0.22405719809219474,0.1282051282051282,-0.014164133077741753,neural,-0.19306010445250948,0.0
0.021215973294526104,-4.760472092479825,confounded,0.3,0.05,,0.002666020787760153,-0.012691517558103285,,0.020726143279131692,logger2_heavy,2,78,,78,,0.0221654431579831,-0.12373496043977421,0.11538461538461539,-0.01535753834586344,observational,0.491622301748884,
0.017516074090772493,-3.6943372371927112,confounded,0.3,0.05,9.6195946563571,0.002666020787760153,-0.00984917987135218,0.015904594891084665,0.01762367472276738,logger2_heavy,2,78,5,78,1.0,0.02643694683919744,-0.10696979530979829,0.1282051282051282,-0.012515200659112333,neural,-0.021206641459806014,0.0
3.771911558021365e-16,1.0000000000000764,independent_latents,0.3,0.05,,0.002666020787760153,0.002666020787760357,,4.440892098500626e-16,logger1_heavy,0,78,,78,,8.881784197001252e-16,1.0,1.0,2.0354088784794536e-16,observational,0.9999999999999999,
0.00529076050073173,0.3191022954694363,independent_latents,0.3,0.05,1.9185049441739574,0.002666020787760153,0.0008507333531434997,0.0025019006130161626,0.0038213867485948905,logger1_heavy,0,78,38,78,0.631578947368421,0.01110223514904338,0.012524854125988298,0.5897435897435898,-0.0018152874346166535,neural,0.016780687666763616,0.3684210526315789
3.771911558021365e-16,1.0000000000000764,independent_latents,0.3,0.05,,0.002666020787760153,0.002666020787760357,,4.440892098500626e-16,logger1_heavy,1,78,,78,,8.881784197001252e-16,1.0,1.0,2.0354088784794536e-16,observational,0.9999999999999999,
0.005206002228433719,0.74051652652535,independent_latents,0.3,0.05,2.125731494968214,0.002666020787760153,0.001974232453396526,0.0032887894659849202,0.004550256066605196,logger1_heavy,1,78,40,78,0.7,0.01040247203720952,0.1309669780606837,0.5769230769230769,-0.0006917883343636274,neural,0.0853450347121233,0.3
3.771911558021365e-16,1.0000000000000764,independent_latents,0.3,0.05,,0.002666020787760153,0.002666020787760357,,4.440892098500626e-16,logger1_heavy,2,78,,78,,8.881784197001252e-16,1.0,1.0,2.0354088784794536e-16,observational,0.9999999999999999,
0.005308194789167944,1.1220872134369597,independent_latents,0.3,0.05,2.44476343184678,0.002666020787760153,0.002991507836702798,0.00432794376482379,0.004373200707776359,logger1_heavy,2,78,43,78,0.813953488372093,0.010550440493105828,0.34317314082046846,0.6410256410256411,0.0003254870489426452,neural,0.3340077643875112,0.18604651162790697
3.102931017542104e-16,1.0000000000000502,independent_latents,0.3,0.05,,0.002666020787760153,0.002666020787760287,,3.3306690738754696e-16,logger12_balanced,0,78,,78,,8.881784197001252e-16,1.0,1.0,1.337961080958522e-16,observational,0.9999999999999999,
0.00529076050073173,0.3191022954694363,independent_latents,0.3,0.05,1.9185049441739574,0.002666020787760153,0.0008507333531434997,0.0025019006130161626,0.0038213867485948905,logger12_balanced,0,78,38,78,0.631578947368421,0.01110223514904338,0.012524854125988298,0.5897435897435898,-0.0018152874346166535,neural,0.016780687666763616,0.3684210526315789
3.102931017542104e-16,1.0000000000000502,independent_latents,0.3,0.05,,0.002666020787760153,0.002666020787760287,,3.3306690738754696e-16,logger12_balanced,1,78,,78,,8.881784197001252e-16,1.0,1.0,1.337961080958522e-16,observational,0.9999999999999999,
0.005206002228433719,0.74051652652535,independent_latents,0.3,0.05,2.125731494968214,0.002666020787760153,0.001974232453396526,0.0032887894659849202,0.004550256066605196,logger12_balanced,1,78,40,78,0.7,0.01040247203720952,0.1309669780606837,0.5769230769230769,-0.0006917883343636274,neural,0.0853450347121233,0.3
3.102931017542104e-16,1.0000000000000502,independent_latents,0.3,0.05,,0.002666020787760153,0.002666020787760287,,3.3306690738754696e-16,logger12_balanced,2,78,,78,,8.881784197001252e-16,1.0,1.0,1.337961080958522e-16,observational,0.9999999999999999,
0.005308194789167944,1.1220872134369597,independent_latents,0.3,0.05,2.44476343184678,0.002666020787760153,0.002991507836702798,0.00432794376482379,0.004373200707776359,logger12_balanced,2,78,43,78,0.813953488372093,0.010550440493105828,0.34317314082046846,0.6410256410256411,0.0003254870489426452,neural,0.3340077643875112,0.18604651162790697
3.216800045708787e-16,1.000000000000049,independent_latents,0.3,0.05,,0.002666020787760153,0.002666020787760284,,4.440892098500626e-16,logger2_heavy,0,78,,78,,8.881784197001252e-16,1.0,1.0,1.3094938239168513e-16,observational,0.9999999999999999,
0.00529076050073173,0.3191022954694363,independent_latents,0.3,0.05,1.9185049441739574,0.002666020787760153,0.0008507333531434997,0.0025019006130161626,0.0038213867485948905,logger2_heavy,0,78,38,78,0.631578947368421,0.01110223514904338,0.012524854125988298,0.5897435897435898,-0.0018152874346166535,neural,0.016780687666763616,0.3684210526315789
3.216800045708787e-16,1.000000000000049,independent_latents,0.3,0.05,,0.002666020787760153,0.002666020787760284,,4.440892098500626e-16,logger2_heavy,1,78,,78,,8.881784197001252e-16,1.0,1.0,1.3094938239168513e-16,observational,0.9999999999999999,
0.005206002228433719,0.74051652652535,independent_latents,0.3,0.05,2.125731494968214,0.002666020787760153,0.001974232453396526,0.0032887894659849202,0.004550256066605196,logger2_heavy,1,78,40,78,0.7,0.01040247203720952,0.1309669780606837,0.5769230769230769,-0.0006917883343636274,neural,0.0853450347121233,0.3
3.216800045708787e-16,1.000000000000049,independent_latents,0.3,0.05,,0.002666020787760153,0.002666020787760284,,4.440892098500626e-16,logger2_heavy,2,78,,78,,8.881784197001252e-16,1.0,1.0,1.3094938239168513e-16,observational,0.9999999999999999,
0.005308194789167944,1.1220872134369597,independent_latents,0.3,0.05,2.44476343184678,0.002666020787760153,0.002991507836702798,0.00432794376482379,0.004373200707776359,logger2_heavy,2,78,43,78,0.813953488372093,0.010550440493105828,0.34317314082046846,0.6410256410256411,0.0003254870489426452,neural,0.3340077643875112,0.18604651162790697
0.07481359334713315,-19.692878503076408,confounded,0.3,0.1,,0.002666020787760153,-0.05250162346003675,,0.0730122213523019,logger1_heavy,0,78,,78,,0.07545903114634904,-0.22834711601124721,0.11538461538461539,-0.0551676442477969,observational,0.48666523350067653,
0.039236964162947065,-10.131105573369675,confounded,0.3,0.1,21.404794756821666,0.002666020787760153,-0.0270097380615963,0.03673871981691612,0.038523003650732024,logger1_heavy,0,78,4,78,1.0,0.051443888247421736,-0.18657592276756207,0.11538461538461539,-0.029675758849356457,neural,0.0007207981891526195,0.0
0.07481359334713315,-19.692878503076408,confounded,0.3,0.1,,0.002666020787760153,-0.05250162346003675,,0.0730122213523019,logger1_heavy,1,78,,78,,0.07545903114634904,-0.22834711601124721,0.11538461538461539,-0.0551676442477969,observational,0.48666523350067653,
0.039511004541994334,-10.352672268282904,confounded,0.3,0.1,25.031485833835124,0.002666020787760153,-0.027600439476110277,0.04532461278916977,0.041171543067830774,logger1_heavy,1,78,3,78,1.0,0.05560502152579953,-0.2960609261517593,0.11538461538461539,-0.030266460263870424,neural,-0.29867600753676704,0.0
0.07481359334713315,-19.692878503076408,confounded,0.3,0.1,,0.002666020787760153,-0.05250162346003675,,0.0730122213523019,logger1_heavy,2,78,,78,,0.07545903114634904,-0.22834711601124721,0.11538461538461539,-0.0551676442477969,observational,0.48666523350067653,
0.03906965379887869,-9.789276160149617,confounded,0.3,0.1,22.887835172424676,0.002666020787760153,-0.026098413740083766,0.03940892586188438,0.0385611572774498,logger1_heavy,2,78,4,78,1.0,0.055212028081942796,-0.22479045376285284,0.11538461538461539,-0.028764434527843923,neural,-0.18774895990085863,0.0
0.05941079471684132,-15.43257998773723,confounded,0.3,0.1,,0.002666020787760153,-0.04114357905607878,,0.05798029342682853,logger12_balanced,0,78,,78,,0.059923348263277006,-0.22086021236694334,0.11538461538461539,-0.04380959984383894,observational,0.4889667294730586,
0.03475369952719213,-8.92251611704107,confounded,0.3,0.1,18.746603189768766,0.002666020787760153,-0.023787613447156495,0.03195266063986918,0.03430251421421815,logger12_balanced,0,78,4,78,1.0,0.04605098167908945,-0.18619975986381768,0.11538461538461539,-0.026453634234916652,neural,-0.010356731875719217,0.0
0.05941079471684132,-15.43257998773723,confounded,0.3,0.1,,0.002666020787760153,-0.04114357905607878,,0.05798029342682853,logger12_balanced,1,78,,78,,0.059923348263277006,-0.22086021236694334,0.11538461538461539,-0.04380959984383894,observational,0.4889667294730586,
0.04035369167715609,-10.280236687592424,confounded,0.3,0.1,26.925253824474694,0.002666020787760153,-0.02740732471221598,0.04889635618788265,0.04295599533906708,logger12_balanced,1,78,3,78,1.0,0.05392854995867838,-0.23960733203678278,0.1282051282051282,-0.030073345499976138,neural,-0.21534162040491153,0.0
0.05941079471684132,-15.43257998773723,confounded,0.3,0.1,,0.002666020787760153,-0.04114357905607878,,0.05798029342682853,logger12_balanced,2,78,,78,,0.059923348263277006,-0.22086021236694334,0.11538461538461539,-0.04380959984383894,observational,0.4889667294730586,
0.03135215812049767,-7.590589731092941,confounded,0.3,0.1,19.598866234101685,0.002666020787760153,-0.02023667001445253,0.0334871555254691,0.0315780499105196,logger12_balanced,2,78,4,78,1.0,0.04638261105083273,-0.20285212668596186,0.11538461538461539,-0.02290269080221269,neural,-0.16217959255933936,0.0
0.04400799608654883,-11.172281472397865,confounded,0.3,0.1,,0.002666020787760153,-0.029785534652120315,,0.042948365501353836,logger2_heavy,0,78,,78,,0.04438766538020524,-0.20804297544001654,0.11538461538461539,-0.03245155543988047,observational,0.491622301748884,
0.029854382605964267,-7.407918516788376,confounded,0.3,0.1,17.308528471290657,0.002666020787760153,-0.01974966475979117,0.029363415083243583,0.029507963490687183,logger2_heavy,0,78,4,78,1.0,0.04110606025381852,-0.1508445751329498,0.11538461538461539,-0.022415685547551325,neural,0.02669482416317859,0.0
0.04400799608654883,-11.172281472397865,confounded,0.3,0.1,,0.002666020787760153,-0.029785534652120315,,0.042948365501353836,logger2_heavy,1,78,,78,,0.04438766538020524,-0.20804297544001654,0.11538461538461539,-0.03245155543988047,observational,0.491622301748884,
0.03440569519180261,-8.770523038874035,confounded,0.3,0.1,10.658484132750015,0.002666020787760153,-0.023382396741167526,0.029600395803268897,0.03563715526858391,logger2_heavy,1,78,4,78,0.75,0.046279420573303434,-0.2303043208591461,0.1282051282051282,-0.02604841752892768,neural,-0.21688438144134345,0.25
0.04400799608654883,-11.172281472397865,confounded,0.3,0.1,,0.002666020787760153,-0.029785534652120315,,0.042948365501353836,logger2_heavy,2,78,,78,,0.04438766538020524,-0.20804297544001654,0.11538461538461539,-0.03245155543988047,observational,0.491622301748884,
0.0358023138091326,-8.891641251836445,confounded,0.3,0.1,20.780774410554447,0.002666020787760153,-0.02370530041470167,0.03561517464359837,0.03662616493562765,logger2_heavy,2,78,4,78,1.0,0.048536485043353214,-0.19437818901331685,0.11538461538461539,-0.02637132120246182,neural,-0.03827817751868385,0.0
3.771911558021365e-16,1.0000000000000764,independent_latents,0.3,0.1,,0.002666020787760153,0.002666020787760357,,4.440892098500626e-16,logger1_heavy,0,78,,78,,8.881784197001252e-16,1.0,1.0,2.0354088784794536e-16,observational,0.9999999999999999,
0.00529076050073173,0.3191022954694363,independent_latents,0.3,0.1,1.9185049441739574,0.002666020787760153,0.0008507333531434997,0.0025019006130161626,0.0038213867485948905,logger1_heavy,0,78,38,78,0.631578947368421,0.01110223514904338,0.012524854125988298,0.5897435897435898,-0.0018152874346166535,neural,0.016780687666763616,0.3684210526315789
3.771911558021365e-16,1.0000000000000764,independent_latents,0.3,0.1,,0.002666020787760153,0.002666020787760357,,4.440892098500626e-16,logger1_heavy,1,78,,78,,8.881784197001252e-16,1.0,1.0,2.0354088784794536e-16,observational,0.9999999999999999,
0.005206002228433719,0.74051652652535,independent_latents,0.3,0.1,2.125731494968214,0.002666020787760153,0.001974232453396526,0.0032887894659849202,0.004550256066605196,logger1_heavy,1,78,40,78,0.7,0.01040247203720952,0.1309669780606837,0.5769230769230769,-0.0006917883343636274,neural,0.0853450347121233,0.3
3.771911558021365e-16,1.0000000000000764,independent_latents,0.3,0.1,,0.002666020787760153,0.002666020787760357,,4.440892098500626e-16,logger1_heavy,2,78,,78,,8.881784197001252e-16,1.0,1.0,2.0354088784794536e-16,observational,0.9999999999999999,
0.005308194789167944,1.1220872134369597,independent_latents,0.3,0.1,2.44476343184678,0.002666020787760153,0.002991507836702798,0.00432794376482379,0.004373200707776359,logger1_heavy,2,78,43,78,0.813953488372093,0.010550440493105828,0.34317314082046846,0.6410256410256411,0.0003254870489426452,neural,0.3340077643875112,0.18604651162790697
3.102931017542104e-16,1.0000000000000502,independent_latents,0.3,0.1,,0.002666020787760153,0.002666020787760287,,3.3306690738754696e-16,logger12_balanced,0,78,,78,,8.881784197001252e-16,1.0,1.0,1.337961080958522e-16,observational,0.9999999999999999,
0.00529076050073173,0.3191022954694363,independent_latents,0.3,0.1,1.9185049441739574,0.002666020787760153,0.0008507333531434997,0.0025019006130161626,0.0038213867485948905,logger12_balanced,0,78,38,78,0.631578947368421,0.01110223514904338,0.012524854125988298,0.5897435897435898,-0.0018152874346166535,neural,0.016780687666763616,0.3684210526315789
3.102931017542104e-16,1.0000000000000502,independent_latents,0.3,0.1,,0.002666020787760153,0.002666020787760287,,3.3306690738754696e-16,logger12_balanced,1,78,,78,,8.881784197001252e-16,1.0,1.0,1.337961080958522e-16,observational,0.9999999999999999,
0.005206002228433719,0.74051652652535,independent_latents,0.3,0.1,2.125731494968214,0.002666020787760153,0.001974232453396526,0.0032887894659849202,0.004550256066605196,logger12_balanced,1,78,40,78,0.7,0.01040247203720952,0.1309669780606837,0.5769230769230769,-0.0006917883343636274,neural,0.0853450347121233,0.3
3.102931017542104e-16,1.0000000000000502,independent_latents,0.3,0.1,,0.002666020787760153,0.002666020787760287,,3.3306690738754696e-16,logger12_balanced,2,78,,78,,8.881784197001252e-16,1.0,1.0,1.337961080958522e-16,observational,0.9999999999999999,
0.005308194789167944,1.1220872134369597,independent_latents,0.3,0.1,2.44476343184678,0.002666020787760153,0.002991507836702798,0.00432794376482379,0.004373200707776359,logger12_balanced,2,78,43,78,0.813953488372093,0.010550440493105828,0.34317314082046846,0.6410256410256411,0.0003254870489426452,neural,0.3340077643875112,0.18604651162790697
3.216800045708787e-16,1.000000000000049,independent_latents,0.3,0.1,,0.002666020787760153,0.002666020787760284,,4.440892098500626e-16,logger2_heavy,0,78,,78,,8.881784197001252e-16,1.0,1.0,1.3094938239168513e-16,observational,0.9999999999999999,
0.00529076050073173,0.3191022954694363,independent_latents,0.3,0.1,1.9185049441739574,0.002666020787760153,0.0008507333531434997,0.0025019006130161626,0.0038213867485948905,logger2_heavy,0,78,38,78,0.631578947368421,0.01110223514904338,0.012524854125988298,0.5897435897435898,-0.0018152874346166535,neural,0.016780687666763616,0.3684210526315789
3.216800045708787e-16,1.000000000000049,independent_latents,0.3,0.1,,0.002666020787760153,0.002666020787760284,,4.440892098500626e-16,logger2_heavy,1,78,,78,,8.881784197001252e-16,1.0,1.0,1.3094938239168513e-16,observational,0.9999999999999999,
0.005206002228433719,0.74051652652535,independent_latents,0.3,0.1,2.125731494968214,0.002666020787760153,0.001974232453396526,0.0032887894659849202,0.004550256066605196,logger2_heavy,1,78,40,78,0.7,0.01040247203720952,0.1309669780606837,0.5769230769230769,-0.0006917883343636274,neural,0.0853450347121233,0.3
3.216800045708787e-16,1.000000000000049,independent_latents,0.3,0.1,,0.002666020787760153,0.002666020787760284,,4.440892098500626e-16,logger2_heavy,2,78,,78,,8.881784197001252e-16,1.0,1.0,1.3094938239168513e-16,observational,0.9999999999999999,
0.005308194789167944,1.1220872134369597,independent_latents,0.3,0.1,2.44476343184678,0.002666020787760153,0.002991507836702798,0.00432794376482379,0.004373200707776359,logger2_heavy,2,78,43,78,0.813953488372093,0.010550440493105828,0.34317314082046846,0.6410256410256411,0.0003254870489426452,neural,0.3340077643875112,0.18604651162790697
0.15230647084001087,-41.49303039479789,confounded,0.3,0.2,,0.002666020787760153,-0.11062128157969504,,0.14856777690785772,logger1_heavy,0,78,,78,,0.1510145867019046,-0.25833646480503786,0.11538461538461539,-0.11328730236745521,observational,0.48666523350067653,
0.06981338710041039,-18.92614792870472,confounded,0.3,0.2,33.785086068676065,0.002666020787760153,-0.050457503810150545,0.05902936567631445,0.07026631511245252,logger1_heavy,0,78,4,78,1.0,0.09207610345285863,-0.27426188858249184,0.11538461538461539,-0.05312352459791071,neural,-0.17330770495327455,0.0
0.15230647084001087,-41.49303039479789,confounded,0.3,0.2,,0.002666020787760153,-0.11062128157969504,,0.14856777690785772,logger1_heavy,1,78,,78,,0.1510145867019046,-0.25833646480503786,0.11538461538461539,-0.11328730236745521,observational,0.48666523350067653,
0.06890166293586568,-19.043213771570827,confounded,0.3,0.2,31.57299446067052,0.002666020787760153,-0.05076960378076825,0.05504650700194835,0.06505487827177925,logger1_heavy,1,78,4,78,1.0,0.0992983747651913,-0.32703532887828557,0.11538461538461539,-0.053435624568528406,neural,-0.3498147422198055,0.0
0.15230647084001087,-41.49303039479789,confounded,0.3,0.2,,0.002666020787760153,-0.11062128157969504,,0.14856777690785772,logger1_heavy,2,78,,78,,0.1510145867019046,-0.25833646480503786,0.11538461538461539,-0.11328730236745521,observational,0.48666523350067653,
0.05700929865506255,-15.500501943312722,confounded,0.3,0.2,28.183187796434954,0.002666020787760153,-0.041324660401588366,0.04894317889916355,0.05549164131887685,logger1_heavy,2,78,4,78,1.0,0.08483849529801639,-0.3250810667768295,0.11538461538461539,-0.04399068118934851,neural,-0.32313256363889276,0.0
0.12094925625530295,-32.744465313516024,confounded,0.3,0.2,,0.002666020787760153,-0.08729742520992499,,0.11798029342682859,logger12_balanced,0,78,,78,,0.11992334826327719,-0.2546885405161699,0.11538461538461539,-0.08996344599768516,observational,0.4889667294730586,
0.054982652190927885,-14.553355062275601,confounded,0.3,0.2,28.638206249578445,0.002666020787760153,-0.03879954712768121,0.04976243710101225,0.0546846877844116,logger12_balanced,0,78,4,78,1.0,0.07219669273415086,-0.24981705132694781,0.11538461538461539,-0.04146556791544137,neural,-0.10656432175419515,0.0
0.12094925625530295,-32.744465313516024,confounded,0.3,0.2,,0.002666020787760153,-0.08729742520992499,,0.11798029342682859,logger12_balanced,1,78,,78,,0.11992334826327719,-0.2546885405161699,0.11538461538461539,-0.08996344599768516,observational,0.4889667294730586,
0.06829831319151701,-18.163882977114962,confounded,0.3,0.2,36.42731651711014,0.002666020787760153,-0.04842528960343127,0.06378668694779116,0.0691834434118257,logger12_balanced,1,78,4,78,1.0,0.09442337236630727,-0.28093540225513086,0.11538461538461539,-0.051091310391191413,neural,-0.26213027478850265,0.0
0.12094925625530295,-32.744465313516024,confounded,0.3,0.2,,0.002666020787760153,-0.08729742520992499,,0.11798029342682859,logger12_balanced,2,78,,78,,0.11992334826327719,-0.2546885405161699,0.11538461538461539,-0.08996344599768516,observational,0.4889667294730586,
0.06580668010874986,-17.620867681397943,confounded,0.3,0.2,34.19554450583043,0.002666020787760153,-0.046977599536977964,0.05976839381645599,0.06525624257524654,logger12_balanced,2,78,4,78,1.0,0.08751380824841028,-0.2393159154963484,0.11538461538461539,-0.049643620324738125,neural,-0.21415293567192298,0.0
0.08959204167059466,-23.99590023223407,confounded,0.3,0.2,,0.002666020787760153,-0.06397356884015472,,0.08739280994579857,logger2_heavy,0,78,,78,,0.08883210982464984,-0.24846210224030701,0.11538461538461539,-0.06663958962791486,observational,0.491622301748884,
0.045382863590259746,-11.893959211139364,confounded,0.3,0.2,24.42655451259458,0.002666020787760153,-0.031709542505668896,0.04217938150180073,0.04431782291235087,logger2_heavy,0,78,4,78,1.0,0.05880755845610239,-0.2351769311322987,0.11538461538461539,-0.03437556329342904,neural,-0.07515269540585996,0.0
0.08959204167059466,-23.99590023223407,confounded,0.3,0.2,,0.002666020787760153,-0.06397356884015472,,0.08739280994579857,logger2_heavy,1,78,,78,,0.08883210982464984,-0.24846210224030701,0.11538461538461539,-0.06663958962791486,observational,0.491622301748884,
0.0465036154435612,-12.325866490403719,confounded,0.3,0.2,23.04955914596689,0.002666020787760153,-0.032861016290572594,0.039700108979502324,0.048049584457770855,logger2_heavy,1,78,4,78,0.75,0.06599493428853757,-0.2971590888166588,0.11538461538461539,-0.03552703707833274,neural,-0.31068931068931066,0.25
0.08959204167059466,-23.99590023223407,confounded,0.3,0.2,,0.002666020787760153,-0.06397356884015472,,0.08739280994579857,logger2_heavy,2,78,,78,,0.08883210982464984,-0.24846210224030701,0.11538461538461539,-0.06663958962791486,observational,0.491622301748884,
0.04767717309721105,-12.342746981012551,confounded,0.3,0.2,26.530954006211854,0.002666020787760153,-0.03290602002944333,0.045968341121353784,0.048178810945464834,logger2_heavy,2,78,4,78,1.0,0.06622339789439988,-0.24589679718591093,0.11538461538461539,-0.035572040817203485,neural,-0.2102075140049823,0.0
3.771911558021365e-16,1.0000000000000764,independent_latents,0.3,0.2,,0.002666020787760153,0.002666020787760357,,4.440892098500626e-16,logger1_heavy,0,78,,78,,8.881784197001252e-16,1.0,1.0,2.0354088784794536e-16,observational,0.9999999999999999,
0.00529076050073173,0.3191022954694363,independent_latents,0.3,0.2,1.9185049441739574,0.002666020787760153,0.0008507333531434997,0.0025019006130161626,0.0038213867485948905,logger1_heavy,0,78,38,78,0.631578947368421,0.01110223514904338,0.012524854125988298,0.5897435897435898,-0.0018152874346166535,neural,0.016780687666763616,0.3684210526315789
3.771911558021365e-16,1.0000000000000764,independent_latents,0.3,0.2,,0.002666020787760153,0.002666020787760357,,4.440892098500626e-16,logger1_heavy,1,78,,78,,8.881784197001252e-16,1.0,1.0,2.0354088784794536e-16,observational,0.9999999999999999,
0.005206002228433719,0.74051652652535,independent_latents,0.3,0.2,2.125731494968214,0.002666020787760153,0.001974232453396526,0.0032887894659849202,0.004550256066605196,logger1_heavy,1,78,40,78,0.7,0.01040247203720952,0.1309669780606837,0.5769230769230769,-0.0006917883343636274,neural,0.0853450347121233,0.3
3.771911558021365e-16,1.0000000000000764,independent_latents,0.3,0.2,,0.002666020787760153,0.002666020787760357,,4.440892098500626e-16,logger1_heavy,2,78,,78,,8.881784197001252e-16,1.0,1.0,2.0354088784794536e-16,observational,0.9999999999999999,
0.005308194789167944,1.1220872134369597,independent_latents,0.3,0.2,2.44476343184678,0.002666020787760153,0.002991507836702798,0.00432794376482379,0.004373200707776359,logger1_heavy,2,78,43,78,0.813953488372093,0.010550440493105828,0.34317314082046846,0.6410256410256411,0.0003254870489426452,neural,0.3340077643875112,0.18604651162790697
3.102931017542104e-16,1.0000000000000502,independent_latents,0.3,0.2,,0.002666020787760153,0.002666020787760287,,3.3306690738754696e-16,logger12_balanced,0,78,,78,,8.881784197001252e-16,1.0,1.0,1.337961080958522e-16,observational,0.9999999999999999,
0.00529076050073173,0.3191022954694363,independent_latents,0.3,0.2,1.9185049441739574,0.002666020787760153,0.0008507333531434997,0.0025019006130161626,0.0038213867485948905,logger12_balanced,0,78,38,78,0.631578947368421,0.01110223514904338,0.012524854125988298,0.5897435897435898,-0.0018152874346166535,neural,0.016780687666763616,0.3684210526315789
3.102931017542104e-16,1.0000000000000502,independent_latents,0.3,0.2,,0.002666020787760153,0.002666020787760287,,3.3306690738754696e-16,logger12_balanced,1,78,,78,,8.881784197001252e-16,1.0,1.0,1.337961080958522e-16,observational,0.9999999999999999,
0.005206002228433719,0.74051652652535,independent_latents,0.3,0.2,2.125731494968214,0.002666020787760153,0.001974232453396526,0.0032887894659849202,0.004550256066605196,logger12_balanced,1,78,40,78,0.7,0.01040247203720952,0.1309669780606837,0.5769230769230769,-0.0006917883343636274,neural,0.0853450347121233,0.3
3.102931017542104e-16,1.0000000000000502,independent_latents,0.3,0.2,,0.002666020787760153,0.002666020787760287,,3.3306690738754696e-16,logger12_balanced,2,78,,78,,8.881784197001252e-16,1.0,1.0,1.337961080958522e-16,observational,0.9999999999999999,
0.005308194789167944,1.1220872134369597,independent_latents,0.3,0.2,2.44476343184678,0.002666020787760153,0.002991507836702798,0.00432794376482379,0.004373200707776359,logger12_balanced,2,78,43,78,0.813953488372093,0.010550440493105828,0.34317314082046846,0.6410256410256411,0.0003254870489426452,neural,0.3340077643875112,0.18604651162790697
3.216800045708787e-16,1.000000000000049,independent_latents,0.3,0.2,,0.002666020787760153,0.002666020787760284,,4.440892098500626e-16,logger2_heavy,0,78,,78,,8.881784197001252e-16,1.0,1.0,1.3094938239168513e-16,observational,0.9999999999999999,
0.00529076050073173,0.3191022954694363,independent_latents,0.3,0.2,1.9185049441739574,0.002666020787760153,0.0008507333531434997,0.0025019006130161626,0.0038213867485948905,logger2_heavy,0,78,38,78,0.631578947368421,0.01110223514904338,0.012524854125988298,0.5897435897435898,-0.0018152874346166535,neural,0.016780687666763616,0.3684210526315789
3.216800045708787e-16,1.000000000000049,independent_latents,0.3,0.2,,0.002666020787760153,0.002666020787760284,,4.440892098500626e-16,logger2_heavy,1,78,,78,,8.881784197001252e-16,1.0,1.0,1.3094938239168513e-16,observational,0.9999999999999999,
0.005206002228433719,0.74051652652535,independent_latents,0.3,0.2,2.125731494968214,0.002666020787760153,0.001974232453396526,0.0032887894659849202,0.004550256066605196,logger2_heavy,1,78,40,78,0.7,0.01040247203720952,0.1309669780606837,0.5769230769230769,-0.0006917883343636274,neural,0.0853450347121233,0.3
3.216800045708787e-16,1.000000000000049,independent_latents,0.3,0.2,,0.002666020787760153,0.002666020787760284,,4.440892098500626e-16,logger2_heavy,2,78,,78,,8.881784197001252e-16,1.0,1.0,1.3094938239168513e-16,observational,0.9999999999999999,
0.005308194789167944,1.1220872134369597,independent_latents,0.3,0.2,2.44476343184678,0.002666020787760153,0.002991507836702798,0.00432794376482379,0.004373200707776359,logger2_heavy,2,78,43,78,0.813953488372093,0.010550440493105828,0.34317314082046846,0.6410256410256411,0.0003254870489426452,neural,0.3340077643875112,0.18604651162790697
