condition,kappa,lambda_reward,mixture,model_seed,n_anchors,neural_calibration_mae,neural_gap_absolute_error,nn_do_rank_error,nn_obs_rank_error,nn_regret,obs_do_rank_error,obs_regret,random_action_regret
confounded,0.0,0.0,logger1_heavy,0,78,0.02257186964917454,0.00578347824808483,0.41025641025641024,0.41025641025641024,0.001692100478083342,0.0,0.0,0.0030295417686908876
confounded,0.0,0.0,logger1_heavy,1,78,0.02559207808089634,0.005339221329748342,0.2692307692307692,0.2692307692307692,0.0009544150085085007,0.0,0.0,0.0030295417686908876
confounded,0.0,0.0,logger1_heavy,2,78,0.023932443766281015,0.005114365675423795,0.34615384615384615,0.34615384615384615,0.001458401991181007,0.0,0.0,0.0030295417686908876
confounded,0.0,0.0,logger12_balanced,0,78,0.02257186964917454,0.00578347824808483,0.41025641025641024,0.41025641025641024,0.001692100478083342,0.0,0.0,0.0030295417686908876
confounded,0.0,0.0,logger12_balanced,1,78,0.02559207808089634,0.005339221329748342,0.2692307692307692,0.2692307692307692,0.0009544150085085007,0.0,0.0,0.0030295417686908876
confounded,0.0,0.0,logger12_balanced,2,78,0.023932443766281015,0.005114365675423795,0.34615384615384615,0.34615384615384615,0.001458401991181007,0.0,0.0,0.0030295417686908876
confounded,0.0,0.0,logger2_heavy,0,78,0.02257186964917454,0.00578347824808483,0.41025641025641024,0.41025641025641024,0.001692100478083342,0.0,0.0,0.0030295417686908876
confounded,0.0,0.0,logger2_heavy,1,78,0.02559207808089634,0.005339221329748342,0.2692307692307692,0.2692307692307692,0.0009544150085085007,0.0,0.0,0.0030295417686908876
confounded,0.0,0.0,logger2_heavy,2,78,0.023932443766281015,0.005114365675423795,0.34615384615384615,0.34615384615384615,0.001458401991181007,0.0,0.0,0.0030295417686908876
independent_latents,0.0,0.0,logger1_heavy,0,78,0.019387557789329633,0.005481594835794472,0.46153846153846156,0.46153846153846156,0.002048367142766294,0.0,0.0,0.0030295417686908876
independent_latents,0.0,0.0,logger1_heavy,1,78,0.027599841831950453,0.00524900489556412,0.3333333333333333,0.3333333333333333,0.0016667066270727776,0.0,0.0,0.0030295417686908876
independent_latents,0.0,0.0,logger1_heavy,2,78,0.026271291741873454,0.006223436320094385,0.44871794871794873,0.44871794871794873,0.002072192888340616,0.0,0.0,0.0030295417686908876
independent_latents,0.0,0.0,logger12_balanced,0,78,0.019387557789329633,0.005481594835794472,0.46153846153846156,0.46153846153846156,0.002048367142766294,0.0,0.0,0.0030295417686908876
independent_latents,0.0,0.0,logger12_balanced,1,78,0.027599841831950453,0.00524900489556412,0.3333333333333333,0.3333333333333333,0.0016667066270727776,0.0,0.0,0.0030295417686908876
independent_latents,0.0,0.0,logger12_balanced,2,78,0.026271291741873454,0.006223436320094385,0.44871794871794873,0.44871794871794873,0.002072192888340616,0.0,0.0,0.0030295417686908876
independent_latents,0.0,0.0,logger2_heavy,0,78,0.019387557789329633,0.005481594835794472,0.46153846153846156,0.46153846153846156,0.002048367142766294,0.0,0.0,0.0030295417686908876
independent_latents,0.0,0.0,logger2_heavy,1,78,0.027599841831950453,0.00524900489556412,0.3333333333333333,0.3333333333333333,0.0016667066270727776,0.0,0.0,0.0030295417686908876
independent_latents,0.0,0.0,logger2_heavy,2,78,0.026271291741873454,0.006223436320094385,0.44871794871794873,0.44871794871794873,0.002072192888340616,0.0,0.0,0.0030295417686908876
confounded,0.0,0.05,logger1_heavy,0,78,0.038058259093419325,0.03264728940054454,0.9230769230769231,0.02564102564102564,0.005759501790866002,0.9487179487179487,0.005877633093443531,0.0030295417686908876
confounded,0.0,0.05,logger1_heavy,1,78,0.03615734168639645,0.029950436105317835,0.9102564102564102,0.05128205128205128,0.005679730709551423,0.9487179487179487,0.005877633093443531,0.0030295417686908876
confounded,0.0,0.05,logger1_heavy,2,78,0.036609172344932765,0.030008222390634016,0.9487179487179487,0.0,0.005877633093443531,0.9487179487179487,0.005877633093443531,0.0030295417686908876
confounded,0.0,0.05,logger12_balanced,0,78,0.034257651815412335,0.026645491860246152,0.9102564102564102,0.038461538461538464,0.005588795723747603,0.9487179487179487,0.005877633093443531,0.0030295417686908876
confounded,0.0,0.05,logger12_balanced,1,78,0.031543607082830084,0.02610683062931589,0.9358974358974359,0.02564102564102564,0.005789929921387598,0.9487179487179487,0.005877633093443531,0.0030295417686908876
confounded,0.0,0.05,logger12_balanced,2,78,0.0329173954069221,0.024123840977674085,0.9487179487179487,0.0,0.005877633093443531,0.9487179487179487,0.005877633093443531,0.0030295417686908876
confounded,0.0,0.05,logger2_heavy,0,78,0.028219097049924462,0.01988003907881013,0.9102564102564102,0.05128205128205128,0.005564436782056622,0.9487179487179487,0.005877633093443531,0.0030295417686908876
confounded,0.0,0.05,logger2_heavy,1,78,0.02838822752640918,0.020417543404654244,0.9230769230769231,0.038461538461538464,0.005727367590636927,0.9487179487179487,0.005877633093443531,0.0030295417686908876
confounded,0.0,0.05,logger2_heavy,2,78,0.029462274947197952,0.01767216028551819,0.9487179487179487,0.05128205128205128,0.005774725458079244,0.9487179487179487,0.005877633093443531,0.0030295417686908876
independent_latents,0.0,0.05,logger1_heavy,0,78,0.019387557789329633,0.005481594835794472,0.46153846153846156,0.46153846153846156,0.002048367142766294,0.0,0.0,0.0030295417686908876
independent_latents,0.0,0.05,logger1_heavy,1,78,0.027599841831950453,0.00524900489556412,0.3333333333333333,0.3333333333333333,0.0016667066270727776,0.0,0.0,0.0030295417686908876
independent_latents,0.0,0.05,logger1_heavy,2,78,0.026271291741873454,0.006223436320094385,0.44871794871794873,0.44871794871794873,0.002072192888340616,0.0,0.0,0.0030295417686908876
independent_latents,0.0,0.05,logger12_balanced,0,78,0.019387557789329633,0.005481594835794472,0.46153846153846156,0.46153846153846156,0.002048367142766294,0.0,0.0,0.0030295417686908876
independent_latents,0.0,0.05,logger12_balanced,1,78,0.027599841831950453,0.00524900489556412,0.3333333333333333,0.3333333333333333,0.0016667066270727776,0.0,0.0,0.0030295417686908876
independent_latents,0.0,0.05,logger12_balanced,2,78,0.026271291741873454,0.006223436320094385,0.44871794871794873,0.44871794871794873,0.002072192888340616,0.0,0.0,0.0030295417686908876
independent_latents,0.0,0.05,logger2_heavy,0,78,0.019387557789329633,0.005481594835794472,0.46153846153846156,0.46153846153846156,0.002048367142766294,0.0,0.0,0.0030295417686908876
independent_latents,0.0,0.05,logger2_heavy,1,78,0.027599841831950453,0.00524900489556412,0.3333333333333333,0.3333333333333333,0.0016667066270727776,0.0,0.0,0.0030295417686908876
independent_latents,0.0,0.05,logger2_heavy,2,78,0.026271291741873454,0.006223436320094385,0.44871794871794873,0.44871794871794873,0.002072192888340616,0.0,0.0,0.0030295417686908876
confounded,0.0,0.1,logger1_heavy,0,78,0.04872446285788719,0.044306236435211796,0.9358974358974359,0.01282051282051282,0.005812438237137814,0.9487179487179487,0.005877633093443531,0.0030295417686908876
confounded,0.0,0.1,logger1_heavy,1,78,0.053981699524501235,0.049184254552545506,0.9102564102564102,0.038461538461538464,0.005708594509830542,0.9487179487179487,0.005877633093443531,0.0030295417686908876
confounded,0.0,0.1,logger1_heavy,2,78,0.04741943719616104,0.036920585832576375,0.9487179487179487,0.0,0.005877633093443531,0.9487179487179487,0.005877633093443531,0.0030295417686908876
confounded,0.0,0.1,logger12_balanced,0,78,0.04181824958352965,0.03531617639510499,0.9358974358974359,0.01282051282051282,0.005812438237137814,0.9487179487179487,0.005877633093443531,0.0030295417686908876
confounded,0.0,0.1,logger12_balanced,1,78,0.04518957443459875,0.039638403628739376,0.9102564102564102,0.038461538461538464,0.005708594509830542,0.9487179487179487,0.005877633093443531,0.0030295417686908876
confounded,0.0,0.1,logger12_balanced,2,78,0.041931349929938286,0.028740334135098963,0.9487179487179487,0.01282051282051282,0.005860408368890631,0.9487179487179487,0.005877633093443531,0.0030295417686908876
confounded,0.0,0.1,logger2_heavy,0,78,0.04266424029365234,0.036779756580682145,0.9230769230769231,0.02564102564102564,0.005759501790866002,0.9487179487179487,0.005877633093443531,0.0030295417686908876
confounded,0.0,0.1,logger2_heavy,1,78,0.039165491478891944,0.029915380639703518,0.9102564102564102,0.0641025641025641,0.005637670454155001,0.9487179487179487,0.005877633093443531,0.0030295417686908876
confounded,0.0,0.1,logger2_heavy,2,78,0.038816553585120005,0.030441431129751402,0.9487179487179487,0.0,0.005877633093443531,0.9487179487179487,0.005877633093443531,0.0030295417686908876
independent_latents,0.0,0.1,logger1_heavy,0,78,0.019387557789329633,0.005481594835794472,0.46153846153846156,0.46153846153846156,0.002048367142766294,0.0,0.0,0.0030295417686908876
independent_latents,0.0,0.1,logger1_heavy,1,78,0.027599841831950453,0.00524900489556412,0.3333333333333333,0.3333333333333333,0.0016667066270727776,0.0,0.0,0.0030295417686908876
independent_latents,0.0,0.1,logger1_heavy,2,78,0.026271291741873454,0.006223436320094385,0.44871794871794873,0.44871794871794873,0.002072192888340616,0.0,0.0,0.0030295417686908876
independent_latents,0.0,0.1,logger12_balanced,0,78,0.019387557789329633,0.005481594835794472,0.46153846153846156,0.46153846153846156,0.002048367142766294,0.0,0.0,0.0030295417686908876
independent_latents,0.0,0.1,logger12_balanced,1,78,0.027599841831950453,0.00524900489556412,0.3333333333333333,0.3333333333333333,0.0016667066270727776,0.0,0.0,0.0030295417686908876
independent_latents,0.0,0.1,logger12_balanced,2,78,0.026271291741873454,0.006223436320094385,0.44871794871794873,0.44871794871794873,0.002072192888340616,0.0,0.0,0.0030295417686908876
independent_latents,0.0,0.1,logger2_heavy,0,78,0.019387557789329633,0.005481594835794472,0.46153846153846156,0.46153846153846156,0.002048367142766294,0.0,0.0,0.0030295417686908876
independent_latents,0.0,0.1,logger2_heavy,1,78,0.027599841831950453,0.00524900489556412,0.3333333333333333,0.3333333333333333,0.0016667066270727776,0.0,0.0,0.0030295417686908876
independent_latents,0.0,0.1,logger2_heavy,2,78,0.026271291741873454,0.006223436320094385,0.44871794871794873,0.44871794871794873,0.002072192888340616,0.0,0.0,0.0030295417686908876
confounded,0.0,0.2,logger1_heavy,0,78,0.08262807888072993,0.07094941255446699,0.9487179487179487,0.0,0.005877633093443531,0.9487179487179487,0.005877633093443531,0.0030295417686908876
confounded,0.0,0.2,logger1_heavy,1,78,0.0877229884636468,0.08440032568348567,0.9358974358974359,0.02564102564102564,0.005784808895496878,0.9487179487179487,0.005877633093443531,0.0030295417686908876
confounded,0.0,0.2,logger1_heavy,2,78,0.08277928937237919,0.07884478064403687,0.9487179487179487,0.0,0.005877633093443531,0.9487179487179487,0.005877633093443531,0.0030295417686908876
confounded,0.0,0.2,logger12_balanced,0,78,0.06825670578018335,0.05696005430350315,0.9487179487179487,0.0,0.005877633093443531,0.9487179487179487,0.005877633093443531,0.0030295417686908876
confounded,0.0,0.2,logger12_balanced,1,78,0.07208194579936013,0.0671060579192812,0.9358974358974359,0.02564102564102564,0.005784808895496878,0.9487179487179487,0.005877633093443531,0.0030295417686908876
confounded,0.0,0.2,logger12_balanced,2,78,0.06626364891287453,0.060869340730549164,0.9487179487179487,0.0,0.005877633093443531,0.9487179487179487,0.005877633093443531,0.0030295417686908876
confounded,0.0,0.2,logger2_heavy,0,78,0.05608549501898947,0.05093602041961865,0.9358974358974359,0.01282051282051282,0.005812438237137814,0.9487179487179487,0.005877633093443531,0.0030295417686908876
confounded,0.0,0.2,logger2_heavy,1,78,0.05659078114946894,0.04960119499349959,0.9102564102564102,0.038461538461538464,0.005708594509830542,0.9487179487179487,0.005877633093443531,0.0030295417686908876
confounded,0.0,0.2,logger2_heavy,2,78,0.05223139850154393,0.04361844008771098,0.9487179487179487,0.0,0.005877633093443531,0.9487179487179487,0.005877633093443531,0.0030295417686908876
independent_latents,0.0,0.2,logger1_heavy,0,78,0.019387557789329633,0.005481594835794472,0.46153846153846156,0.46153846153846156,0.002048367142766294,0.0,0.0,0.0030295417686908876
independent_latents,0.0,0.2,logger1_heavy,1,78,0.027599841831950453,0.00524900489556412,0.3333333333333333,0.3333333333333333,0.0016667066270727776,0.0,0.0,0.0030295417686908876
independent_latents,0.0,0.2,logger1_heavy,2,78,0.026271291741873454,0.006223436320094385,0.44871794871794873,0.44871794871794873,0.002072192888340616,0.0,0.0,0.0030295417686908876
independent_latents,0.0,0.2,logger12_balanced,0,78,0.019387557789329633,0.005481594835794472,0.46153846153846156,0.46153846153846156,0.002048367142766294,0.0,0.0,0.0030295417686908876
independent_latents,0.0,0.2,logger12_balanced,1,78,0.027599841831950453,0.00524900489556412,0.3333333333333333,0.3333333333333333,0.0016667066270727776,0.0,0.0,0.0030295417686908876
independent_latents,0.0,0.2,logger12_balanced,2,78,0.026271291741873454,0.006223436320094385,0.44871794871794873,0.44871794871794873,0.002072192888340616,0.0,0.0,0.0030295417686908876
independent_latents,0.0,0.2,logger2_heavy,0,78,0.019387557789329633,0.005481594835794472,0.46153846153846156,0.46153846153846156,0.002048367142766294,0.0,0.0,0.0030295417686908876
independent_latents,0.0,0.2,logger2_heavy,1,78,0.027599841831950453,0.00524900489556412,0.3333333333333333,0.3333333333333333,0.0016667066270727776,0.0,0.0,0.0030295417686908876
independent_latents,0.0,0.2,logger2_heavy,2,78,0.026271291741873454,0.006223436320094385,0.44871794871794873,0.44871794871794873,0.002072192888340616,0.0,0.0,0.0030295417686908876
confounded,0.3,0.0,logger1_heavy,0,78,0.023605701252627738,0.007097296622855308,0.3717948717948718,0.3974358974358974,0.0014924679035431322,0.02564102564102564,6.799316769771735e-06,0.0027819140424818647
confounded,0.3,0.0,logger1_heavy,1,78,0.02777358083907574,0.005946516325942761,0.2948717948717949,0.3076923076923077,0.0012256508537239203,0.02564102564102564,6.799316769771735e-06,0.0027819140424818647
confounded,0.3,0.0,logger1_heavy,2,78,0.02120605326778453,0.005697795545639091,0.3076923076923077,0.3076923076923077,0.0008858873687426957,0.02564102564102564,6.799316769771735e-06,0.0027819140424818647
confounded,0.3,0.0,logger12_balanced,0,78,0.025108806411191818,0.008012853662159421,0.48717948717948717,0.5128205128205128,0.0020085176823516414,0.02564102564102564,6.799316769771735e-06,0.0027819140424818647
confounded,0.3,0.0,logger12_balanced,1,78,0.02841425436634264,0.006216308196417535,0.358974358974359,0.3717948717948718,0.0014476245461489971,0.02564102564102564,6.799316769771735e-06,0.0027819140424818647
confounded,0.3,0.0,logger12_balanced,2,78,0.01941228737624528,0.0054409411371357614,0.2692307692307692,0.28205128205128205,0.0008727992333964798,0.02564102564102564,6.799316769771735e-06,0.0027819140424818647
confounded,0.3,0.0,logger2_heavy,0,78,0.023334524856544792,0.006270157534406912,0.3717948717948718,0.3974358974358974,0.0015488448931006854,0.02564102564102564,6.799316769771735e-06,0.0027819140424818647
confounded,0.3,0.0,logger2_heavy,1,78,0.027563547881917873,0.005923114569319731,0.3333333333333333,0.34615384615384615,0.0013748124127019312,0.02564102564102564,6.799316769771735e-06,0.0027819140424818647
confounded,0.3,0.0,logger2_heavy,2,78,0.0200328740676118,0.004713708751257737,0.38461538461538464,0.3974358974358974,0.0015833050836798672,0.02564102564102564,6.799316769771735e-06,0.0027819140424818647
independent_latents,0.3,0.0,logger1_heavy,0,78,0.022935027282814796,0.00529076050073173,0.5128205128205128,0.5128205128205128,0.0021253883642395974,0.0,0.0,0.0027819140424818647
independent_latents,0.3,0.0,logger1_heavy,1,78,0.023637409261389773,0.005206002228433719,0.48717948717948717,0.48717948717948717,0.0018446075268282386,0.0,0.0,0.0027819140424818647
independent_latents,0.3,0.0,logger1_heavy,2,78,0.028415382068410145,0.005308194789167944,0.44871794871794873,0.44871794871794873,0.0017444976303937943,0.0,0.0,0.0027819140424818647
independent_latents,0.3,0.0,logger12_balanced,0,78,0.022935027282814796,0.00529076050073173,0.5128205128205128,0.5128205128205128,0.0021253883642395974,0.0,0.0,0.0027819140424818647
independent_latents,0.3,0.0,logger12_balanced,1,78,0.023637409261389773,0.005206002228433719,0.48717948717948717,0.48717948717948717,0.0018446075268282386,0.0,0.0,0.0027819140424818647
independent_latents,0.3,0.0,logger12_balanced,2,78,0.028415382068410145,0.005308194789167944,0.44871794871794873,0.44871794871794873,0.0017444976303937943,0.0,0.0,0.0027819140424818647
independent_latents,0.3,0.0,logger2_heavy,0,78,0.022935027282814796,0.00529076050073173,0.5128205128205128,0.5128205128205128,0.0021253883642395974,0.0,0.0,0.0027819140424818647
independent_latents,0.3,0.0,logger2_heavy,1,78,0.023637409261389773,0.005206002228433719,0.48717948717948717,0.48717948717948717,0.0018446075268282386,0.0,0.0,0.0027819140424818647
independent_latents,0.3,0.0,logger2_heavy,2,78,0.028415382068410145,0.005308194789167944,0.44871794871794873,0.44871794871794873,0.0017444976303937943,0.0,0.0,0.0027819140424818647
confounded,0.3,0.05,logger1_heavy,0,78,0.03633665103377749,0.026057065594672045,0.9487179487179487,0.0,0.0054403672426722085,0.9487179487179487,0.0054403672426722085,0.0027819140424818647
confounded,0.3,0.05,logger1_heavy,1,78,0.039775538652749944,0.02602989173182921,0.9358974358974359,0.038461538461538464,0.005240976763640572,0.9487179487179487,0.0054403672426722085,0.0027819140424818647
confounded,0.3,0.05,logger1_heavy,2,78,0.03658066355144791,0.03038783668304472,0.9487179487179487,0.01282051282051282,0.005413377728935753,0.9487179487179487,0.0054403672426722085,0.0027819140424818647
confounded,0.3,0.05,logger12_balanced,0,78,0.03325051955426753,0.021343412353199465,0.8974358974358975,0.0641025641025641,0.0049943979980788195,0.9487179487179487,0.0054403672426722085,0.0027819140424818647
confounded,0.3,0.05,logger12_balanced,1,78,0.036608040629415826,0.02468723727784802,0.9487179487179487,0.02564102564102564,0.005293913188671933,0.9487179487179487,0.0054403672426722085,0.0027819140424818647
confounded,0.3,0.05,logger12_balanced,2,78,0.03192765543642211,0.023738520450301503,0.9358974358974359,0.01282051282051282,0.005387430817640848,0.9487179487179487,0.0054403672426722085,0.0027819140424818647
confounded,0.3,0.05,logger2_heavy,0,78,0.031241858860998086,0.01674065738825961,0.8974358974358975,0.08974358974358974,0.004922833155158844,0.9487179487179487,0.0054403672426722085,0.0027819140424818647
confounded,0.3,0.05,logger2_heavy,1,78,0.03427206797681415,0.019016331853260134,0.9615384615384616,0.0641025641025641,0.005138758802406809,0.9487179487179487,0.0054403672426722085,0.0027819140424818647
confounded,0.3,0.05,logger2_heavy,2,78,0.025787385267580377,0.017516074090772493,0.9358974358974359,0.05128205128205128,0.005233233702385853,0.9487179487179487,0.0054403672426722085,0.0027819140424818647
independent_latents,0.3,0.05,logger1_heavy,0,78,0.022935027282814796,0.00529076050073173,0.5128205128205128,0.5128205128205128,0.0021253883642395974,0.0,0.0,0.0027819140424818647
independent_latents,0.3,0.05,logger1_heavy,1,78,0.023637409261389773,0.005206002228433719,0.48717948717948717,0.48717948717948717,0.0018446075268282386,0.0,0.0,0.0027819140424818647
independent_latents,0.3,0.05,logger1_heavy,2,78,0.028415382068410145,0.005308194789167944,0.44871794871794873,0.44871794871794873,0.0017444976303937943,0.0,0.0,0.0027819140424818647
independent_latents,0.3,0.05,logger12_balanced,0,78,0.022935027282814796,0.00529076050073173,0.5128205128205128,0.5128205128205128,0.0021253883642395974,0.0,0.0,0.0027819140424818647
independent_latents,0.3,0.05,logger12_balanced,1,78,0.023637409261389773,0.005206002228433719,0.48717948717948717,0.48717948717948717,0.0018446075268282386,0.0,0.0,0.0027819140424818647
independent_latents,0.3,0.05,logger12_balanced,2,78,0.028415382068410145,0.005308194789167944,0.44871794871794873,0.44871794871794873,0.0017444976303937943,0.0,0.0,0.0027819140424818647
independent_latents,0.3,0.05,logger2_heavy,0,78,0.022935027282814796,0.00529076050073173,0.5128205128205128,0.5128205128205128,0.0021253883642395974,0.0,0.0,0.0027819140424818647
independent_latents,0.3,0.05,logger2_heavy,1,78,0.023637409261389773,0.005206002228433719,0.48717948717948717,0.48717948717948717,0.0018446075268282386,0.0,0.0,0.0027819140424818647
independent_latents,0.3,0.05,logger2_heavy,2,78,0.028415382068410145,0.005308194789167944,0.44871794871794873,0.44871794871794873,0.0017444976303937943,0.0,0.0,0.0027819140424818647
confounded,0.3,0.1,logger1_heavy,0,78,0.051822457642615394,0.039236964162947065,0.9487179487179487,0.0,0.0054403672426722085,0.9487179487179487,0.0054403672426722085,0.0027819140424818647
confounded,0.3,0.1,logger1_heavy,1,78,0.051375553472140525,0.039511004541994334,0.9615384615384616,0.02564102564102564,0.005378537069944652,0.9487179487179487,0.0054403672426722085,0.0027819140424818647
confounded,0.3,0.1,logger1_heavy,2,78,0.04842882742169081,0.03906965379887869,0.9487179487179487,0.0,0.0054403672426722085,0.9487179487179487,0.0054403672426722085,0.0027819140424818647
confounded,0.3,0.1,logger12_balanced,0,78,0.04413139567593249,0.03475369952719213,0.9487179487179487,0.0,0.0054403672426722085,0.9487179487179487,0.0054403672426722085,0.0027819140424818647
confounded,0.3,0.1,logger12_balanced,1,78,0.05029779090250183,0.04035369167715609,0.9615384615384616,0.02564102564102564,0.005378537069944652,0.9487179487179487,0.0054403672426722085,0.0027819140424818647
confounded,0.3,0.1,logger12_balanced,2,78,0.042225645036518204,0.03135215812049767,0.9487179487179487,0.0,0.0054403672426722085,0.9487179487179487,0.0054403672426722085,0.0027819140424818647
confounded,0.3,0.1,logger2_heavy,0,78,0.039115620578879184,0.029854382605964267,0.9487179487179487,0.0,0.0054403672426722085,0.9487179487179487,0.0054403672426722085,0.0027819140424818647
confounded,0.3,0.1,logger2_heavy,1,78,0.044801086435780575,0.03440569519180261,0.9487179487179487,0.02564102564102564,0.005293913188671933,0.9487179487179487,0.0054403672426722085,0.0027819140424818647
confounded,0.3,0.1,logger2_heavy,2,78,0.04151116338344797,0.0358023138091326,0.9487179487179487,0.0,0.0054403672426722085,0.9487179487179487,0.0054403672426722085,0.0027819140424818647
independent_latents,0.3,0.1,logger1_heavy,0,78,0.022935027282814796,0.00529076050073173,0.5128205128205128,0.5128205128205128,0.0021253883642395974,0.0,0.0,0.0027819140424818647
independent_latents,0.3,0.1,logger1_heavy,1,78,0.023637409261389773,0.005206002228433719,0.48717948717948717,0.48717948717948717,0.0018446075268282386,0.0,0.0,0.0027819140424818647
independent_latents,0.3,0.1,logger1_heavy,2,78,0.028415382068410145,0.005308194789167944,0.44871794871794873,0.44871794871794873,0.0017444976303937943,0.0,0.0,0.0027819140424818647
independent_latents,0.3,0.1,logger12_balanced,0,78,0.022935027282814796,0.00529076050073173,0.5128205128205128,0.5128205128205128,0.0021253883642395974,0.0,0.0,0.0027819140424818647
independent_latents,0.3,0.1,logger12_balanced,1,78,0.023637409261389773,0.005206002228433719,0.48717948717948717,0.48717948717948717,0.0018446075268282386,0.0,0.0,0.0027819140424818647
independent_latents,0.3,0.1,logger12_balanced,2,78,0.028415382068410145,0.005308194789167944,0.44871794871794873,0.44871794871794873,0.0017444976303937943,0.0,0.0,0.0027819140424818647
independent_latents,0.3,0.1,logger2_heavy,0,78,0.022935027282814796,0.00529076050073173,0.5128205128205128,0.5128205128205128,0.0021253883642395974,0.0,0.0,0.0027819140424818647
independent_latents,0.3,0.1,logger2_heavy,1,78,0.023637409261389773,0.005206002228433719,0.48717948717948717,0.48717948717948717,0.0018446075268282386,0.0,0.0,0.0027819140424818647
independent_latents,0.3,0.1,logger2_heavy,2,78,0.028415382068410145,0.005308194789167944,0.44871794871794873,0.44871794871794873,0.0017444976303937943,0.0,0.0,0.0027819140424818647
confounded,0.3,0.2,logger1_heavy,0,78,0.07780072573893752,0.06981338710041039,0.9487179487179487,0.0,0.0054403672426722085,0.9487179487179487,0.0054403672426722085,0.0027819140424818647
confounded,0.3,0.2,logger1_heavy,1,78,0.08223268368883536,0.06890166293586568,0.9487179487179487,0.0,0.0054403672426722085,0.9487179487179487,0.0054403672426722085,0.0027819140424818647
confounded,0.3,0.2,logger1_heavy,2,78,0.07012050494852566,0.05700929865506255,0.9487179487179487,0.0,0.0054403672426722085,0.9487179487179487,0.0054403672426722085,0.0027819140424818647
confounded,0.3,0.2,logger12_balanced,0,78,0.06437109287456662,0.054982652190927885,0.9487179487179487,0.0,0.0054403672426722085,0.9487179487179487,0.0054403672426722085,0.0027819140424818647
confounded,0.3,0.2,logger12_balanced,1,78,0.07701325818889929,0.06829831319151701,0.9487179487179487,0.0,0.0054403672426722085,0.9487179487179487,0.0054403672426722085,0.0027819140424818647
confounded,0.3,0.2,logger12_balanced,2,78,0.0710942582914381,0.06580668010874986,0.9487179487179487,0.0,0.0054403672426722085,0.9487179487179487,0.0054403672426722085,0.0027819140424818647
confounded,0.3,0.2,logger2_heavy,0,78,0.05663206740216227,0.045382863590259746,0.9487179487179487,0.0,0.0054403672426722085,0.9487179487179487,0.0054403672426722085,0.0027819140424818647
confounded,0.3,0.2,logger2_heavy,1,78,0.05751073867043972,0.0465036154435612,0.9487179487179487,0.0,0.0054403672426722085,0.9487179487179487,0.0054403672426722085,0.0027819140424818647
confounded,0.3,0.2,logger2_heavy,2,78,0.05624991529825488,0.04767717309721105,0.9487179487179487,0.0,0.0054403672426722085,0.9487179487179487,0.0054403672426722085,0.0027819140424818647
independent_latents,0.3,0.2,logger1_heavy,0,78,0.022935027282814796,0.00529076050073173,0.5128205128205128,0.5128205128205128,0.0021253883642395974,0.0,0.0,0.0027819140424818647
independent_latents,0.3,0.2,logger1_heavy,1,78,0.023637409261389773,0.005206002228433719,0.48717948717948717,0.48717948717948717,0.0018446075268282386,0.0,0.0,0.0027819140424818647
independent_latents,0.3,0.2,logger1_heavy,2,78,0.028415382068410145,0.005308194789167944,0.44871794871794873,0.44871794871794873,0.0017444976303937943,0.0,0.0,0.0027819140424818647
independent_latents,0.3,0.2,logger12_balanced,0,78,0.022935027282814796,0.00529076050073173,0.5128205128205128,0.5128205128205128,0.0021253883642395974,0.0,0.0,0.0027819140424818647
independent_latents,0.3,0.2,logger12_balanced,1,78,0.023637409261389773,0.005206002228433719,0.48717948717948717,0.48717948717948717,0.0018446075268282386,0.0,0.0,0.0027819140424818647
independent_latents,0.3,0.2,logger12_balanced,2,78,0.028415382068410145,0.005308194789167944,0.44871794871794873,0.44871794871794873,0.0017444976303937943,0.0,0.0,0.0027819140424818647
independent_latents,0.3,0.2,logger2_heavy,0,78,0.022935027282814796,0.00529076050073173,0.5128205128205128,0.5128205128205128,0.0021253883642395974,0.0,0.0,0.0027819140424818647
independent_latents,0.3,0.2,logger2_heavy,1,78,0.023637409261389773,0.005206002228433719,0.48717948717948717,0.48717948717948717,0.0018446075268282386,0.0,0.0,0.0027819140424818647
independent_latents,0.3,0.2,logger2_heavy,2,78,0.028415382068410145,0.005308194789167944,0.44871794871794873,0.44871794871794873,0.0017444976303937943,0.0,0.0,0.0027819140424818647
