kappa,lambda_reward,condition,mixture,seed,variant,do_mae,do_rmse,rank_error,strict_flip,mean_regret,worst_tie_mean_regret
0.0,0.0,confounded,logger12_balanced,0,current_random_init,0.011128955367826508,0.016406401811588086,0.2459546925566343,0.2459546925566343,0.0007907530984878009,0.0007907530984878009
0.0,0.0,confounded,logger12_balanced,0,collapsed_constrained_reference,0.01112728205971229,0.016828247960306814,0.255663430420712,0.255663430420712,0.0009703612660630621,0.0009703612660630621
0.0,0.0,confounded,logger12_balanced,0,true_behavior_fixed,0.010933516766170718,0.015626901591625404,0.21359223300970873,0.21359223300970873,0.0007595533876352065,0.0007595533876352065
0.0,0.0,confounded,logger12_balanced,0,true_behavior_fixed_em,0.016365696126035403,0.022222524171415323,0.18446601941747573,0.18446601941747573,0.0006356304347382741,0.0006356304347382741
0.0,0.0,confounded,logger12_balanced,0,oracle_reward_fixed_learn_behavior,0.01207970331469208,0.01705908980091262,0.2297734627831715,0.2297734627831715,0.0007816006605589165,0.0007816006605589165
0.0,0.0,confounded,logger12_balanced,0,oracle_compatible_plugin,0.01207970331469208,0.01705908980091262,0.2297734627831715,0.2297734627831715,0.0007816006605589165,0.0007816006605589165
0.0,0.0,confounded,logger12_balanced,0,oracle_initialized_joint,0.011073070578140977,0.01542859801839583,0.21035598705501618,0.21035598705501618,0.000737906775503894,0.000737906775503894
0.0,0.0,confounded,logger12_balanced,0,oracle_u_aware_ceiling,0.012995706662819687,0.017797551876535735,0.2297734627831715,0.2297734627831715,0.0007590111860289727,0.0007590111860289727
0.0,0.0,confounded,logger12_balanced,1,current_random_init,0.010103871850349258,0.015717505509017318,0.2686084142394822,0.2686084142394822,0.0010156344462020597,0.0010156344462020597
0.0,0.0,confounded,logger12_balanced,1,collapsed_constrained_reference,0.01671338483399538,0.021786164809916787,0.2168284789644013,0.2168284789644013,0.0007833506103431018,0.0007833506103431018
0.0,0.0,confounded,logger12_balanced,1,true_behavior_fixed,0.03406329219167025,0.041791683500774154,0.35275080906148865,0.35275080906148865,0.0014743963965009766,0.0014743963965009766
0.0,0.0,confounded,logger12_balanced,1,true_behavior_fixed_em,0.012227055552012993,0.017594708266880622,0.284789644012945,0.284789644012945,0.0010618900705136431,0.0010618900705136431
0.0,0.0,confounded,logger12_balanced,1,oracle_reward_fixed_learn_behavior,0.011092264121797011,0.016339158523787766,0.21359223300970873,0.21359223300970873,0.000933752250739862,0.000933752250739862
0.0,0.0,confounded,logger12_balanced,1,oracle_compatible_plugin,0.011092264121797011,0.016339158523787766,0.21359223300970873,0.21359223300970873,0.000933752250739862,0.000933752250739862
0.0,0.0,confounded,logger12_balanced,1,oracle_initialized_joint,0.011484014038992352,0.017044966643303072,0.23300970873786409,0.23300970873786409,0.0007777003695617823,0.0007777003695617823
0.0,0.0,confounded,logger12_balanced,1,oracle_u_aware_ceiling,0.009983043633998339,0.015005522808887345,0.2621359223300971,0.2621359223300971,0.0007915888598979124,0.0007915888598979124
0.0,0.0,confounded,logger12_balanced,2,current_random_init,0.01249387188910031,0.018090939531830483,0.23624595469255663,0.23624595469255663,0.0008136359989696388,0.0008136359989696388
0.0,0.0,confounded,logger12_balanced,2,collapsed_constrained_reference,0.013633544345980169,0.019123367375336934,0.2815533980582524,0.2815533980582524,0.0009710752836532853,0.0009710752836532853
0.0,0.0,confounded,logger12_balanced,2,true_behavior_fixed,0.013402931613253595,0.01904729086204967,0.27184466019417475,0.27184466019417475,0.0011625654050577744,0.0011625654050577744
0.0,0.0,confounded,logger12_balanced,2,true_behavior_fixed_em,0.012388021000829471,0.017561395832975304,0.2621359223300971,0.2621359223300971,0.0010411684712720627,0.0010411684712720627
0.0,0.0,confounded,logger12_balanced,2,oracle_reward_fixed_learn_behavior,0.012481513317605157,0.018865916150905233,0.2459546925566343,0.2459546925566343,0.001001083383644554,0.001001083383644554
0.0,0.0,confounded,logger12_balanced,2,oracle_compatible_plugin,0.012481513317605157,0.018865916150905233,0.2459546925566343,0.2459546925566343,0.001001083383644554,0.001001083383644554
0.0,0.0,confounded,logger12_balanced,2,oracle_initialized_joint,0.012780390157412804,0.018350083979439515,0.18446601941747573,0.18446601941747573,0.0006630831737141013,0.0006630831737141013
0.0,0.0,confounded,logger12_balanced,2,oracle_u_aware_ceiling,0.012540143270877898,0.019117941651045932,0.30097087378640774,0.30097087378640774,0.0011834240910294153,0.0011834240910294153
0.0,0.0,confounded,logger12_balanced,3,current_random_init,0.01083671182442412,0.01573635376104266,0.24919093851132687,0.24919093851132687,0.0008652874399804655,0.0008652874399804655
0.0,0.0,confounded,logger12_balanced,3,collapsed_constrained_reference,0.012413488157503644,0.017169340577990556,0.19741100323624594,0.19741100323624594,0.0007117240836681404,0.0007117240836681404
0.0,0.0,confounded,logger12_balanced,3,true_behavior_fixed,0.011831278832072623,0.01643725989633961,0.3074433656957929,0.3074433656957929,0.001139413653974276,0.001139413653974276
0.0,0.0,confounded,logger12_balanced,3,true_behavior_fixed_em,0.01502159491101355,0.019158195848165253,0.24919093851132687,0.24919093851132687,0.0008454696298695901,0.0008454696298695901
0.0,0.0,confounded,logger12_balanced,3,oracle_reward_fixed_learn_behavior,0.012055513032551745,0.016600932267502158,0.22653721682847897,0.22653721682847897,0.0008705582774918095,0.0008705582774918095
0.0,0.0,confounded,logger12_balanced,3,oracle_compatible_plugin,0.012055513032551745,0.016600932267502158,0.22653721682847897,0.22653721682847897,0.0008705582774918095,0.0008705582774918095
0.0,0.0,confounded,logger12_balanced,3,oracle_initialized_joint,0.010017687080988467,0.014706377443378445,0.21359223300970873,0.21359223300970873,0.0007574458537274796,0.0007574458537274796
0.0,0.0,confounded,logger12_balanced,3,oracle_u_aware_ceiling,0.009358600586442343,0.014452690512122309,0.23300970873786409,0.23300970873786409,0.0007736808088645987,0.0007736808088645987
0.0,0.0,confounded,logger12_balanced,4,current_random_init,0.012454661368536556,0.01905376148511781,0.20064724919093851,0.20064724919093851,0.0006843114395387468,0.0006843114395387468
0.0,0.0,confounded,logger12_balanced,4,collapsed_constrained_reference,0.013231443963285523,0.01862487766405545,0.28802588996763756,0.28802588996763756,0.0011634237026874128,0.0011634237026874128
0.0,0.0,confounded,logger12_balanced,4,true_behavior_fixed,0.013378392967879049,0.019202197941576297,0.37216828478964403,0.37216828478964403,0.001523234699367154,0.001523234699367154
0.0,0.0,confounded,logger12_balanced,4,true_behavior_fixed_em,0.012609883402845887,0.017694102446953013,0.3106796116504854,0.3106796116504854,0.0011884420161176537,0.0011884420161176537
0.0,0.0,confounded,logger12_balanced,4,oracle_reward_fixed_learn_behavior,0.012740209270473484,0.01913005207050937,0.313915857605178,0.313915857605178,0.0012650129621755728,0.0012650129621755728
0.0,0.0,confounded,logger12_balanced,4,oracle_compatible_plugin,0.012740209270473484,0.01913005207050937,0.313915857605178,0.313915857605178,0.0012650129621755728,0.0012650129621755728
0.0,0.0,confounded,logger12_balanced,4,oracle_initialized_joint,0.010033363788166877,0.0161302482464555,0.22653721682847897,0.22653721682847897,0.0008062424400081216,0.0008062424400081216
0.0,0.0,confounded,logger12_balanced,4,oracle_u_aware_ceiling,0.012306298360360573,0.018412529038668524,0.2686084142394822,0.2686084142394822,0.00088481061065554,0.00088481061065554
0.0,0.002,confounded,logger12_balanced,0,current_random_init,0.012873110959939395,0.018040386814230085,0.33980582524271846,0.33980582524271846,0.0012348152405246792,0.0012348152405246792
0.0,0.002,confounded,logger12_balanced,0,collapsed_constrained_reference,0.01204275982477322,0.017537177938806936,0.29449838187702265,0.29449838187702265,0.0011197842166794942,0.0011197842166794942
0.0,0.002,confounded,logger12_balanced,0,true_behavior_fixed,0.01771740184518672,0.02384981032738213,0.22330097087378642,0.22330097087378642,0.0007472940339671027,0.0007472940339671027
0.0,0.002,confounded,logger12_balanced,0,true_behavior_fixed_em,0.012431415393625349,0.01798084488763875,0.23624595469255663,0.23624595469255663,0.0009144898837556663,0.0009144898837556663
0.0,0.002,confounded,logger12_balanced,0,oracle_reward_fixed_learn_behavior,0.01430308384970057,0.01982948048350237,0.18770226537216828,0.18770226537216828,0.0006850233616505644,0.0006850233616505644
0.0,0.002,confounded,logger12_balanced,0,oracle_compatible_plugin,0.01430308384970057,0.01982948048350237,0.18770226537216828,0.18770226537216828,0.0006850233616505644,0.0006850233616505644
0.0,0.002,confounded,logger12_balanced,0,oracle_initialized_joint,0.00991916230056443,0.014733938760709546,0.21359223300970873,0.21359223300970873,0.0006923529303168496,0.0006923529303168496
0.0,0.002,confounded,logger12_balanced,0,oracle_u_aware_ceiling,0.012238490022090015,0.01648147154807126,0.18122977346278318,0.18122977346278318,0.0005896531305464937,0.0005896531305464937
0.0,0.002,confounded,logger12_balanced,1,current_random_init,0.010842127391026092,0.016244259760993657,0.36245954692556637,0.36245954692556637,0.0013552119623125075,0.0013552119623125075
0.0,0.002,confounded,logger12_balanced,1,collapsed_constrained_reference,0.014822623950615963,0.019585302138837798,0.2168284789644013,0.2168284789644013,0.0008660554234295639,0.0008660554234295639
0.0,0.002,confounded,logger12_balanced,1,true_behavior_fixed,0.015208723893679754,0.020772014069606534,0.255663430420712,0.255663430420712,0.0009498358050454897,0.0009498358050454897
0.0,0.002,confounded,logger12_balanced,1,true_behavior_fixed_em,0.01691224350439023,0.02153646500538247,0.2686084142394822,0.2686084142394822,0.0010703114399295808,0.0010703114399295808
0.0,0.002,confounded,logger12_balanced,1,oracle_reward_fixed_learn_behavior,0.01118615650076436,0.016852220464951623,0.23300970873786409,0.23300970873786409,0.0008840442066563246,0.0008840442066563246
0.0,0.002,confounded,logger12_balanced,1,oracle_compatible_plugin,0.01118615650076436,0.016852220464951623,0.23300970873786409,0.23300970873786409,0.0008840442066563246,0.0008840442066563246
0.0,0.002,confounded,logger12_balanced,1,oracle_initialized_joint,0.009712097177971404,0.0156492189252512,0.2750809061488673,0.2750809061488673,0.0009722925580559186,0.0009722925580559186
0.0,0.002,confounded,logger12_balanced,1,oracle_u_aware_ceiling,0.011823506926277604,0.01676008876900731,0.2524271844660194,0.2524271844660194,0.0007836825581678196,0.0007836825581678196
0.0,0.002,confounded,logger12_balanced,2,current_random_init,0.010333813380580275,0.016156131169051593,0.32362459546925565,0.32362459546925565,0.0011838139265480743,0.0011856492809249478
0.0,0.002,confounded,logger12_balanced,2,collapsed_constrained_reference,0.01359892881300288,0.018944483164470297,0.313915857605178,0.313915857605178,0.0011625611055007792,0.0011625611055007792
0.0,0.002,confounded,logger12_balanced,2,true_behavior_fixed,0.021046061935460693,0.03527202500566011,0.36245954692556637,0.36245954692556637,0.0016060835278849954,0.0016060835278849954
0.0,0.002,confounded,logger12_balanced,2,true_behavior_fixed_em,0.014260591109826342,0.019529335359275736,0.32038834951456313,0.32038834951456313,0.0013083840482127776,0.001319340687546794
0.0,0.002,confounded,logger12_balanced,2,oracle_reward_fixed_learn_behavior,0.011518841539225428,0.017216329449183405,0.2588996763754045,0.2588996763754045,0.0010122705501770508,0.0010122705501770508
0.0,0.002,confounded,logger12_balanced,2,oracle_compatible_plugin,0.011518841539225428,0.017216329449183405,0.2588996763754045,0.2588996763754045,0.0010122705501770508,0.0010122705501770508
0.0,0.002,confounded,logger12_balanced,2,oracle_initialized_joint,0.00994068059606241,0.015517095403842354,0.29449838187702265,0.29449838187702265,0.0011529453946082088,0.0011529453946082088
0.0,0.002,confounded,logger12_balanced,2,oracle_u_aware_ceiling,0.013768775970049444,0.01890248616852264,0.1941747572815534,0.1941747572815534,0.0006319087212504527,0.0006319087212504527
0.0,0.002,confounded,logger12_balanced,3,current_random_init,0.009667332093763107,0.014680959270149408,0.26537216828478966,0.26537216828478966,0.0009698307744979573,0.0009698307744979573
0.0,0.002,confounded,logger12_balanced,3,collapsed_constrained_reference,0.014391047179732091,0.01959324163083492,0.2588996763754045,0.2588996763754045,0.0009327471212177313,0.0009327471212177313
0.0,0.002,confounded,logger12_balanced,3,true_behavior_fixed,0.013313073385944839,0.01773898788061463,0.33980582524271846,0.33980582524271846,0.001427050013209842,0.001427050013209842
0.0,0.002,confounded,logger12_balanced,3,true_behavior_fixed_em,0.011835162025120392,0.017175321538251336,0.3042071197411003,0.3042071197411003,0.0012549399436322273,0.0012549399436322273
0.0,0.002,confounded,logger12_balanced,3,oracle_reward_fixed_learn_behavior,0.010598980947033298,0.015338429679407456,0.2686084142394822,0.2686084142394822,0.0009972795134268752,0.0009972795134268752
0.0,0.002,confounded,logger12_balanced,3,oracle_compatible_plugin,0.010598980947033298,0.015338429679407456,0.2686084142394822,0.2686084142394822,0.0009972795134268752,0.0009972795134268752
0.0,0.002,confounded,logger12_balanced,3,oracle_initialized_joint,0.010940993783533842,0.0157180162164226,0.2459546925566343,0.2459546925566343,0.0009137884408569346,0.0009137884408569346
0.0,0.002,confounded,logger12_balanced,3,oracle_u_aware_ceiling,0.011345077636080501,0.016752023457927565,0.1715210355987055,0.1715210355987055,0.0006383810756819138,0.0006383810756819138
0.0,0.002,confounded,logger12_balanced,4,current_random_init,0.010487714392988142,0.016964751614130504,0.3106796116504854,0.3106796116504854,0.001157869505894974,0.001157869505894974
0.0,0.002,confounded,logger12_balanced,4,collapsed_constrained_reference,0.013004318990707073,0.0181556945767881,0.44660194174757284,0.44660194174757284,0.0019741416703642164,0.0019741416703642164
0.0,0.002,confounded,logger12_balanced,4,true_behavior_fixed,0.014221581785170998,0.01961617728839476,0.3365695792880259,0.3365695792880259,0.001390889468969387,0.001390889468969387
0.0,0.002,confounded,logger12_balanced,4,true_behavior_fixed_em,0.019074273231410158,0.023482262888997334,0.45307443365695793,0.45307443365695793,0.0020079468365733354,0.0020079468365733354
0.0,0.002,confounded,logger12_balanced,4,oracle_reward_fixed_learn_behavior,0.01355317068862372,0.01832617370912235,0.313915857605178,0.313915857605178,0.0013784086136598228,0.0013784086136598228
0.0,0.002,confounded,logger12_balanced,4,oracle_compatible_plugin,0.01355317068862372,0.01832617370912235,0.313915857605178,0.313915857605178,0.0013784086136598228,0.0013784086136598228
0.0,0.002,confounded,logger12_balanced,4,oracle_initialized_joint,0.010898537111207989,0.017273452703016272,0.28802588996763756,0.28802588996763756,0.0010923270082337782,0.0010923270082337782
0.0,0.002,confounded,logger12_balanced,4,oracle_u_aware_ceiling,0.011151997790749126,0.01669756443327388,0.23300970873786409,0.23300970873786409,0.0007666479969277694,0.0007666479969277694
0.0,0.005,confounded,logger12_balanced,0,current_random_init,0.012128746493828472,0.0171911484141556,0.511326860841424,0.511326860841424,0.0021619781940189755,0.0021619781940189755
0.0,0.005,confounded,logger12_balanced,0,collapsed_constrained_reference,0.013288016066850853,0.018299428529370766,0.37216828478964403,0.37216828478964403,0.0013940763626216445,0.0013940763626216445
0.0,0.005,confounded,logger12_balanced,0,true_behavior_fixed,0.011533330866502193,0.015867367940242155,0.33980582524271846,0.33980582524271846,0.0013516707142864814,0.0013516707142864814
0.0,0.005,confounded,logger12_balanced,0,true_behavior_fixed_em,0.016469135029327387,0.020532058972013795,0.40129449838187703,0.40129449838187703,0.001631142777514189,0.001631142777514189
0.0,0.005,confounded,logger12_balanced,0,oracle_reward_fixed_learn_behavior,0.012176989656395755,0.01768099096492934,0.2168284789644013,0.2168284789644013,0.0007126153474347272,0.0007126153474347272
0.0,0.005,confounded,logger12_balanced,0,oracle_compatible_plugin,0.012176989656395755,0.01768099096492934,0.2168284789644013,0.2168284789644013,0.0007126153474347272,0.0007126153474347272
0.0,0.005,confounded,logger12_balanced,0,oracle_initialized_joint,0.011084486172591067,0.01589729932878188,0.3106796116504854,0.3106796116504854,0.001318020372163274,0.001318020372163274
0.0,0.005,confounded,logger12_balanced,0,oracle_u_aware_ceiling,0.012347735652565157,0.0171828055871953,0.21035598705501618,0.21035598705501618,0.0007194568059510848,0.0007194568059510848
0.0,0.005,confounded,logger12_balanced,1,current_random_init,0.010245595515800057,0.015523418269472431,0.47572815533980584,0.47572815533980584,0.0021067418680440386,0.0021067418680440386
0.0,0.005,confounded,logger12_balanced,1,collapsed_constrained_reference,0.020820795032955648,0.027838548416255757,0.540453074433657,0.540453074433657,0.0025492104982957364,0.0025492104982957364
0.0,0.005,confounded,logger12_balanced,1,true_behavior_fixed,0.012978454417439528,0.01859878829860056,0.32362459546925565,0.32362459546925565,0.0013158651986546288,0.0013158651986546288
0.0,0.005,confounded,logger12_balanced,1,true_behavior_fixed_em,0.011682053627868874,0.017020746320872526,0.3268608414239482,0.3268608414239482,0.0014060377829002236,0.0014060377829002236
0.0,0.005,confounded,logger12_balanced,1,oracle_reward_fixed_learn_behavior,0.00998001255876052,0.015953453857539834,0.2621359223300971,0.2621359223300971,0.0009785409696010678,0.0009785409696010678
0.0,0.005,confounded,logger12_balanced,1,oracle_compatible_plugin,0.00998001255876052,0.015953453857539834,0.2621359223300971,0.2621359223300971,0.0009785409696010678,0.0009785409696010678
0.0,0.005,confounded,logger12_balanced,1,oracle_initialized_joint,0.009804771996462342,0.01569384759335017,0.3786407766990291,0.3786407766990291,0.0016114338409952082,0.0016114338409952082
0.0,0.005,confounded,logger12_balanced,1,oracle_u_aware_ceiling,0.009820487569374623,0.014828627330691511,0.19741100323624594,0.19741100323624594,0.0006317222342302519,0.0006317222342302519
0.0,0.005,confounded,logger12_balanced,2,current_random_init,0.011755617668992687,0.017623392501801206,0.4110032362459547,0.4110032362459547,0.001622602191594071,0.001622602191594071
0.0,0.005,confounded,logger12_balanced,2,collapsed_constrained_reference,0.012544405960458613,0.0181263974504221,0.459546925566343,0.459546925566343,0.001962747539352146,0.001962747539352146
0.0,0.005,confounded,logger12_balanced,2,true_behavior_fixed,0.020484319273273505,0.033537380493984977,0.45307443365695793,0.45307443365695793,0.002031955510004742,0.002031955510004742
0.0,0.005,confounded,logger12_balanced,2,true_behavior_fixed_em,0.013668495371036864,0.019116782664309925,0.42718446601941745,0.42394822006472493,0.001865084972899836,0.001866775867717696
0.0,0.005,confounded,logger12_balanced,2,oracle_reward_fixed_learn_behavior,0.012667198684994815,0.018457818342729675,0.2297734627831715,0.22653721682847897,0.0007396063322178348,0.0007515162771499697
0.0,0.005,confounded,logger12_balanced,2,oracle_compatible_plugin,0.012667198684994815,0.018457818342729675,0.2297734627831715,0.22653721682847897,0.0007396063322178348,0.0007515162771499697
0.0,0.005,confounded,logger12_balanced,2,oracle_initialized_joint,0.012561102415909523,0.018081365826107924,0.284789644012945,0.284789644012945,0.0010545061477287075,0.0010545061477287075
0.0,0.005,confounded,logger12_balanced,2,oracle_u_aware_ceiling,0.010212100808037439,0.016399998687300528,0.23300970873786409,0.23300970873786409,0.0008169389417138743,0.0008169389417138743
0.0,0.005,confounded,logger12_balanced,3,current_random_init,0.011044465181035686,0.015151427552039558,0.45307443365695793,0.45307443365695793,0.001952682625867227,0.001952682625867227
0.0,0.005,confounded,logger12_balanced,3,collapsed_constrained_reference,0.011829272364060946,0.016221917114103198,0.43042071197411,0.43042071197411,0.0017902994901415846,0.0017902994901415846
0.0,0.005,confounded,logger12_balanced,3,true_behavior_fixed,0.01442562545639095,0.02054317910800892,0.41423948220064727,0.41423948220064727,0.0016791584260583314,0.0016791584260583314
0.0,0.005,confounded,logger12_balanced,3,true_behavior_fixed_em,0.010795266296985538,0.014792537654486517,0.4110032362459547,0.4110032362459547,0.0018137209968672363,0.0018137209968672363
0.0,0.005,confounded,logger12_balanced,3,oracle_reward_fixed_learn_behavior,0.012424611844539774,0.017780926252752034,0.1941747572815534,0.1941747572815534,0.0006175719986957735,0.0006175719986957735
0.0,0.005,confounded,logger12_balanced,3,oracle_compatible_plugin,0.012424611844539774,0.017780926252752034,0.1941747572815534,0.1941747572815534,0.0006175719986957735,0.0006175719986957735
0.0,0.005,confounded,logger12_balanced,3,oracle_initialized_joint,0.010712492961319113,0.015481670316938142,0.4368932038834951,0.4368932038834951,0.0018155278194292256,0.0018155278194292256
0.0,0.005,confounded,logger12_balanced,3,oracle_u_aware_ceiling,0.010135125028239917,0.014860177270552671,0.21035598705501618,0.20711974110032363,0.0007500878685057276,0.0007666297018284648
0.0,0.005,confounded,logger12_balanced,4,current_random_init,0.01000632158984545,0.01655612915081694,0.44336569579288027,0.44336569579288027,0.0020282392487259763,0.0020282392487259763
0.0,0.005,confounded,logger12_balanced,4,collapsed_constrained_reference,0.014724438666729997,0.021252654493002832,0.4854368932038835,0.4854368932038835,0.002210570626748973,0.002210570626748973
0.0,0.005,confounded,logger12_balanced,4,true_behavior_fixed,0.013779354181265887,0.019084710385169533,0.49838187702265374,0.49838187702265374,0.0022517810403003954,0.0022517810403003954
0.0,0.005,confounded,logger12_balanced,4,true_behavior_fixed_em,0.014858257234043553,0.021205345716084685,0.4854368932038835,0.4854368932038835,0.00228871214474593,0.00228871214474593
0.0,0.005,confounded,logger12_balanced,4,oracle_reward_fixed_learn_behavior,0.01521865993448631,0.019812304207408902,0.36893203883495146,0.36893203883495146,0.00152202645164406,0.00152202645164406
0.0,0.005,confounded,logger12_balanced,4,oracle_compatible_plugin,0.01521865993448631,0.019812304207408902,0.36893203883495146,0.36893203883495146,0.00152202645164406,0.00152202645164406
0.0,0.005,confounded,logger12_balanced,4,oracle_initialized_joint,0.012953380901900008,0.01894001487214244,0.3300970873786408,0.3300970873786408,0.0013075027304225177,0.0013075027304225177
0.0,0.005,confounded,logger12_balanced,4,oracle_u_aware_ceiling,0.010985744209751349,0.0167044479087183,0.2459546925566343,0.2459546925566343,0.0008385316047686104,0.0008385316047686104
0.0,0.01,confounded,logger12_balanced,0,current_random_init,0.01343233090439824,0.018136460889802676,0.7087378640776699,0.7087378640776699,0.003943203876351595,0.003943203876351595
0.0,0.01,confounded,logger12_balanced,0,collapsed_constrained_reference,0.012706503546213452,0.01769403573241546,0.6019417475728155,0.6019417475728155,0.003324554628734056,0.003324554628734056
0.0,0.01,confounded,logger12_balanced,0,true_behavior_fixed,0.015160368947800183,0.021073242041962374,0.7216828478964401,0.7216828478964401,0.004327802004099284,0.004327802004099284
0.0,0.01,confounded,logger12_balanced,0,true_behavior_fixed_em,0.012382509092982861,0.01757475368431361,0.6116504854368932,0.6116504854368932,0.0032279705645626173,0.0032279705645626173
0.0,0.01,confounded,logger12_balanced,0,oracle_reward_fixed_learn_behavior,0.012681063618059634,0.017733504799616058,0.18122977346278318,0.18122977346278318,0.0006349945045263475,0.0006349945045263475
0.0,0.01,confounded,logger12_balanced,0,oracle_compatible_plugin,0.012681063618059634,0.017733504799616058,0.18122977346278318,0.18122977346278318,0.0006349945045263475,0.0006349945045263475
0.0,0.01,confounded,logger12_balanced,0,oracle_initialized_joint,0.011313931483853729,0.01580105280000521,0.37540453074433655,0.37540453074433655,0.0016314279339725358,0.0016314279339725358
0.0,0.01,confounded,logger12_balanced,0,oracle_u_aware_ceiling,0.010310966512607048,0.01552758669594102,0.13915857605177995,0.13915857605177995,0.0004558019409050405,0.0004558019409050405
0.0,0.01,confounded,logger12_balanced,1,current_random_init,0.011567558423191869,0.01733761567441446,0.6763754045307443,0.6763754045307443,0.0037985628256977134,0.0037985628256977134
0.0,0.01,confounded,logger12_balanced,1,collapsed_constrained_reference,0.020376956924763708,0.025468222895613218,0.6796116504854369,0.6796116504854369,0.004015559019816013,0.004015559019816013
0.0,0.01,confounded,logger12_balanced,1,true_behavior_fixed,0.015983369567320254,0.02129598339310827,0.6181229773462783,0.6181229773462783,0.0032364053487658217,0.0032364053487658217
0.0,0.01,confounded,logger12_balanced,1,true_behavior_fixed_em,0.015095662144055668,0.020157386137093166,0.6666666666666666,0.6666666666666666,0.0037740045794969687,0.0037740045794969687
0.0,0.01,confounded,logger12_balanced,1,oracle_reward_fixed_learn_behavior,0.011726077860063163,0.017299371632792927,0.2686084142394822,0.2686084142394822,0.001092861124860163,0.001092861124860163
0.0,0.01,confounded,logger12_balanced,1,oracle_compatible_plugin,0.011726077860063163,0.017299371632792927,0.2686084142394822,0.2686084142394822,0.001092861124860163,0.001092861124860163
0.0,0.01,confounded,logger12_balanced,1,oracle_initialized_joint,0.01234295153449023,0.01838425141004642,0.49514563106796117,0.49514563106796117,0.002433747799568272,0.002433747799568272
0.0,0.01,confounded,logger12_balanced,1,oracle_u_aware_ceiling,0.00977822758701245,0.015275616966560481,0.255663430420712,0.255663430420712,0.00088662789449786,0.00088662789449786
0.0,0.01,confounded,logger12_balanced,2,current_random_init,0.013094134476915393,0.018194639269839958,0.7087378640776699,0.7087378640776699,0.003943277738017673,0.003943277738017673
0.0,0.01,confounded,logger12_balanced,2,collapsed_constrained_reference,0.020749127507016914,0.03211770816962667,0.6763754045307443,0.6763754045307443,0.003785010433720357,0.003785010433720357
0.0,0.01,confounded,logger12_balanced,2,true_behavior_fixed,0.02576343928349034,0.03931719176068176,0.5954692556634305,0.5954692556634305,0.0031035738969311644,0.0031035738969311644
0.0,0.01,confounded,logger12_balanced,2,true_behavior_fixed_em,0.01217580042556913,0.017995608873367347,0.5566343042071198,0.5566343042071198,0.00273069363412494,0.00273069363412494
0.0,0.01,confounded,logger12_balanced,2,oracle_reward_fixed_learn_behavior,0.013998131254894013,0.01948634976187342,0.2686084142394822,0.26537216828478966,0.0010666624636007551,0.0010755078096862266
0.0,0.01,confounded,logger12_balanced,2,oracle_compatible_plugin,0.013998131254894013,0.01948634976187342,0.2686084142394822,0.26537216828478966,0.0010666624636007551,0.0010755078096862266
0.0,0.01,confounded,logger12_balanced,2,oracle_initialized_joint,0.01244579799423059,0.018056812836700194,0.42394822006472493,0.42394822006472493,0.0019700172741058826,0.0019700172741058826
0.0,0.01,confounded,logger12_balanced,2,oracle_u_aware_ceiling,0.011186576242374378,0.017385101666807706,0.255663430420712,0.255663430420712,0.0009608169361132904,0.0009608169361132904
0.0,0.01,confounded,logger12_balanced,3,current_random_init,0.011429568545671,0.01578411155400534,0.686084142394822,0.686084142394822,0.004036589392056119,0.004036589392056119
0.0,0.01,confounded,logger12_balanced,3,collapsed_constrained_reference,0.01770999865544819,0.023624150946135777,0.5533980582524272,0.5533980582524272,0.0025851702090482704,0.0025851702090482704
0.0,0.01,confounded,logger12_balanced,3,true_behavior_fixed,0.015335934437136012,0.020177983569207393,0.5469255663430421,0.5469255663430421,0.0026887907889182917,0.0026887907889182917
0.0,0.01,confounded,logger12_balanced,3,true_behavior_fixed_em,0.016570549711571146,0.020766673372369284,0.5275080906148867,0.5275080906148867,0.0026123961478015964,0.0026123961478015964
0.0,0.01,confounded,logger12_balanced,3,oracle_reward_fixed_learn_behavior,0.012885502588244179,0.01716042875952468,0.2459546925566343,0.2459546925566343,0.0009356134315825069,0.0009356134315825069
0.0,0.01,confounded,logger12_balanced,3,oracle_compatible_plugin,0.012885502588244179,0.01716042875952468,0.2459546925566343,0.2459546925566343,0.0009356134315825069,0.0009356134315825069
0.0,0.01,confounded,logger12_balanced,3,oracle_initialized_joint,0.012330690562940986,0.016706160862314707,0.540453074433657,0.540453074433657,0.002636751409761921,0.002636751409761921
0.0,0.01,confounded,logger12_balanced,3,oracle_u_aware_ceiling,0.010200551014549274,0.014717048866594981,0.24271844660194175,0.24271844660194175,0.0008720359233021701,0.0008720359233021701
0.0,0.01,confounded,logger12_balanced,4,current_random_init,0.012355322908662958,0.01796226444430669,0.6796116504854369,0.6796116504854369,0.003787100920067716,0.003787100920067716
0.0,0.01,confounded,logger12_balanced,4,collapsed_constrained_reference,0.014966472481678754,0.020580957175531423,0.7022653721682848,0.7022653721682848,0.0038525332733043718,0.0038525332733043718
0.0,0.01,confounded,logger12_balanced,4,true_behavior_fixed,0.013284933382396258,0.019018117826024077,0.6472491909385113,0.6472491909385113,0.003440080074671769,0.003440080074671769
0.0,0.01,confounded,logger12_balanced,4,true_behavior_fixed_em,0.012881115409448494,0.018132944234532832,0.6537216828478964,0.6537216828478964,0.003557796861799326,0.003557796861799326
0.0,0.01,confounded,logger12_balanced,4,oracle_reward_fixed_learn_behavior,0.01362111189601784,0.019225462977003636,0.3365695792880259,0.3365695792880259,0.0013085419788578987,0.0013085419788578987
0.0,0.01,confounded,logger12_balanced,4,oracle_compatible_plugin,0.01362111189601784,0.019225462977003636,0.3365695792880259,0.3365695792880259,0.0013085419788578987,0.0013085419788578987
0.0,0.01,confounded,logger12_balanced,4,oracle_initialized_joint,0.012025099507083704,0.019155482469641254,0.39805825242718446,0.39805825242718446,0.0017740978663306369,0.0017740978663306369
0.0,0.01,confounded,logger12_balanced,4,oracle_u_aware_ceiling,0.01148838179629684,0.017597334039154866,0.24919093851132687,0.24919093851132687,0.0008649035257049827,0.0008649035257049827
0.0,0.02,confounded,logger12_balanced,0,current_random_init,0.015002884323658754,0.01976211245341908,0.8932038834951457,0.8932038834951457,0.00631296779368609,0.00631296779368609
0.0,0.02,confounded,logger12_balanced,0,collapsed_constrained_reference,0.015185283968429105,0.02064944487711462,0.8802588996763754,0.8802588996763754,0.006177108786349389,0.006177108786349389
0.0,0.02,confounded,logger12_balanced,0,true_behavior_fixed,0.017518004127266507,0.02356254893748289,0.8252427184466019,0.8252427184466019,0.005611948143384983,0.005611948143384983
0.0,0.02,confounded,logger12_balanced,0,true_behavior_fixed_em,0.018444333269447975,0.024374119981481836,0.8349514563106796,0.8349514563106796,0.00584554889420027,0.00584554889420027
0.0,0.02,confounded,logger12_balanced,0,oracle_reward_fixed_learn_behavior,0.011471990657346871,0.016876276416010545,0.18770226537216828,0.18770226537216828,0.0006621904548374774,0.0006621904548374774
0.0,0.02,confounded,logger12_balanced,0,oracle_compatible_plugin,0.011471990657346871,0.016876276416010545,0.18770226537216828,0.18770226537216828,0.0006621904548374774,0.0006621904548374774
0.0,0.02,confounded,logger12_balanced,0,oracle_initialized_joint,0.010597034100713264,0.015008434557629872,0.42718446601941745,0.42718446601941745,0.0020911800520085084,0.0020911800520085084
0.0,0.02,confounded,logger12_balanced,0,oracle_u_aware_ceiling,0.011568707137776503,0.016590106203998038,0.2621359223300971,0.2621359223300971,0.0009219902842450468,0.0009219902842450468
0.0,0.02,confounded,logger12_balanced,1,current_random_init,0.01497433970423503,0.02034468840750194,0.8802588996763754,0.8802588996763754,0.006264194225778758,0.006264194225778758
0.0,0.02,confounded,logger12_balanced,1,collapsed_constrained_reference,0.02425039056971363,0.03131982728456416,0.8543689320388349,0.8543689320388349,0.005973323009045954,0.005973323009045954
0.0,0.02,confounded,logger12_balanced,1,true_behavior_fixed,0.016617354146472234,0.023007022570192145,0.8058252427184466,0.8058252427184466,0.00545662071330907,0.00545662071330907
0.0,0.02,confounded,logger12_balanced,1,true_behavior_fixed_em,0.02062360648336825,0.02707588440736142,0.8317152103559871,0.8317152103559871,0.005675036524937228,0.005675036524937228
0.0,0.02,confounded,logger12_balanced,1,oracle_reward_fixed_learn_behavior,0.011852363281599925,0.016482044054905064,0.2168284789644013,0.2168284789644013,0.0007606561099675835,0.0007606561099675835
0.0,0.02,confounded,logger12_balanced,1,oracle_compatible_plugin,0.011852363281599925,0.016482044054905064,0.2168284789644013,0.2168284789644013,0.0007606561099675835,0.0007606561099675835
0.0,0.02,confounded,logger12_balanced,1,oracle_initialized_joint,0.01317349693206684,0.018108103396136773,0.5792880258899676,0.5792880258899676,0.0032237719237110172,0.0032237719237110172
0.0,0.02,confounded,logger12_balanced,1,oracle_u_aware_ceiling,0.009960655402065522,0.015503874020919869,0.23300970873786409,0.23300970873786409,0.0007569649961518349,0.0007569649961518349
0.0,0.02,confounded,logger12_balanced,2,current_random_init,0.014192310297454547,0.019049604490837417,0.8867313915857605,0.8867313915857605,0.006298861348062193,0.006298861348062193
0.0,0.02,confounded,logger12_balanced,2,collapsed_constrained_reference,0.017154637646188037,0.023269377234145957,0.8705501618122977,0.8705501618122977,0.005940306367424151,0.005940306367424151
0.0,0.02,confounded,logger12_balanced,2,true_behavior_fixed,0.014673236814337649,0.020153689524966024,0.8543689320388349,0.8543689320388349,0.006019813432677675,0.006019813432677675
0.0,0.02,confounded,logger12_balanced,2,true_behavior_fixed_em,0.016148329362848927,0.022191207047207815,0.8446601941747572,0.8446601941747572,0.005898908400660164,0.005898908400660164
0.0,0.02,confounded,logger12_balanced,2,oracle_reward_fixed_learn_behavior,0.01322408248764705,0.018553039309418477,0.2783171521035599,0.2783171521035599,0.0010183040556504463,0.0010183040556504463
0.0,0.02,confounded,logger12_balanced,2,oracle_compatible_plugin,0.01322408248764705,0.018553039309418477,0.2783171521035599,0.2783171521035599,0.0010183040556504463,0.0010183040556504463
0.0,0.02,confounded,logger12_balanced,2,oracle_initialized_joint,0.01000320137104857,0.015200198713884836,0.32362459546925565,0.32362459546925565,0.0013567510793058648,0.0013567510793058648
0.0,0.02,confounded,logger12_balanced,2,oracle_u_aware_ceiling,0.010702082293041938,0.016595739802462768,0.23300970873786409,0.23300970873786409,0.000820919542255345,0.000820919542255345
0.0,0.02,confounded,logger12_balanced,3,current_random_init,0.014549432128978303,0.019807028183689013,0.889967637540453,0.889967637540453,0.0062600479293972435,0.0062600479293972435
0.0,0.02,confounded,logger12_balanced,3,collapsed_constrained_reference,0.01881558097473291,0.02406166155267365,0.8867313915857605,0.8867313915857605,0.006284055899446468,0.006284055899446468
0.0,0.02,confounded,logger12_balanced,3,true_behavior_fixed,0.015556913006308614,0.02061418173588982,0.8414239482200647,0.8414239482200647,0.005718070635232722,0.005718070635232722
0.0,0.02,confounded,logger12_balanced,3,true_behavior_fixed_em,0.017126479758547027,0.02254662911843782,0.8317152103559871,0.8317152103559871,0.005539930959235619,0.005539930959235619
0.0,0.02,confounded,logger12_balanced,3,oracle_reward_fixed_learn_behavior,0.010587412516252727,0.015779952739683537,0.20064724919093851,0.20064724919093851,0.000695493163322071,0.000695493163322071
0.0,0.02,confounded,logger12_balanced,3,oracle_compatible_plugin,0.010587412516252727,0.015779952739683537,0.20064724919093851,0.20064724919093851,0.000695493163322071,0.000695493163322071
0.0,0.02,confounded,logger12_balanced,3,oracle_initialized_joint,0.012389772528546564,0.01728890987681857,0.5145631067961165,0.5145631067961165,0.0027805581060091965,0.0027805581060091965
0.0,0.02,confounded,logger12_balanced,3,oracle_u_aware_ceiling,0.009960576245768482,0.014987667239489078,0.1941747572815534,0.1941747572815534,0.0006675455412159123,0.0006675455412159123
0.0,0.02,confounded,logger12_balanced,4,current_random_init,0.014721642818352285,0.019819972069275743,0.8673139158576052,0.8673139158576052,0.006070550599892617,0.006070550599892617
0.0,0.02,confounded,logger12_balanced,4,collapsed_constrained_reference,0.015996225919172928,0.02094059120957508,0.883495145631068,0.883495145631068,0.006147532027117201,0.006147532027117201
0.0,0.02,confounded,logger12_balanced,4,true_behavior_fixed,0.014934618698283076,0.02051828027283907,0.8252427184466019,0.8252427184466019,0.005569155109506234,0.005569155109506234
0.0,0.02,confounded,logger12_balanced,4,true_behavior_fixed_em,0.014180320330008852,0.019639830197454942,0.7864077669902912,0.7864077669902912,0.005112975610724699,0.005112975610724699
0.0,0.02,confounded,logger12_balanced,4,oracle_reward_fixed_learn_behavior,0.015887603054530967,0.020647271267696443,0.42718446601941745,0.42718446601941745,0.0017741431171640408,0.0017741431171640408
0.0,0.02,confounded,logger12_balanced,4,oracle_compatible_plugin,0.015887603054530967,0.020647271267696443,0.42718446601941745,0.42718446601941745,0.0017741431171640408,0.0017741431171640408
0.0,0.02,confounded,logger12_balanced,4,oracle_initialized_joint,0.01422075459865528,0.019914480794905317,0.5016181229773463,0.5016181229773463,0.002424342596423665,0.002424342596423665
0.0,0.02,confounded,logger12_balanced,4,oracle_u_aware_ceiling,0.011089482785223249,0.017139741844184042,0.2168284789644013,0.2168284789644013,0.00074147488510953,0.00074147488510953
0.0,0.05,confounded,logger12_balanced,0,current_random_init,0.025418263392364877,0.03164964272230783,0.9029126213592233,0.9029126213592233,0.006548415558808166,0.006548415558808166
0.0,0.05,confounded,logger12_balanced,0,collapsed_constrained_reference,0.024477484143505975,0.03108215860853173,0.9093851132686084,0.9093851132686084,0.006587003636213636,0.006587003636213636
0.0,0.05,confounded,logger12_balanced,0,true_behavior_fixed,0.01932579957101688,0.025163641210033772,0.8932038834951457,0.8932038834951457,0.006517683792436362,0.006517683792436362
0.0,0.05,confounded,logger12_balanced,0,true_behavior_fixed_em,0.021811378646200717,0.027543236491745775,0.8964401294498382,0.8964401294498382,0.006536671024585846,0.006536671024585846
0.0,0.05,confounded,logger12_balanced,0,oracle_reward_fixed_learn_behavior,0.01056478839024171,0.015047659180695633,0.22653721682847897,0.22653721682847897,0.0007169186311815197,0.0007169186311815197
0.0,0.05,confounded,logger12_balanced,0,oracle_compatible_plugin,0.01056478839024171,0.015047659180695633,0.22653721682847897,0.22653721682847897,0.0007169186311815197,0.0007169186311815197
0.0,0.05,confounded,logger12_balanced,0,oracle_initialized_joint,0.009090800951363751,0.01401971283621568,0.20064724919093851,0.20064724919093851,0.0006744121858780045,0.0006744121858780045
0.0,0.05,confounded,logger12_balanced,0,oracle_u_aware_ceiling,0.012651439302780542,0.01706357550527492,0.23300970873786409,0.23300970873786409,0.0007201244697673021,0.0007201244697673021
0.0,0.05,confounded,logger12_balanced,1,current_random_init,0.026388199970779635,0.03294582685460266,0.9061488673139159,0.9061488673139159,0.006591026320183619,0.006591026320183619
0.0,0.05,confounded,logger12_balanced,1,collapsed_constrained_reference,0.025176861303261324,0.03174731459989553,0.9093851132686084,0.9093851132686084,0.006593816526100643,0.006593816526100643
0.0,0.05,confounded,logger12_balanced,1,true_behavior_fixed,0.021387904870909535,0.027104094723134194,0.8996763754045307,0.8996763754045307,0.006505302318678257,0.006505302318678257
0.0,0.05,confounded,logger12_balanced,1,true_behavior_fixed_em,0.020394832611079265,0.026400133289473982,0.9029126213592233,0.9029126213592233,0.00658206619592502,0.00658206619592502
0.0,0.05,confounded,logger12_balanced,1,oracle_reward_fixed_learn_behavior,0.01083469809992146,0.016441108648802716,0.21035598705501618,0.21035598705501618,0.0007099080257503503,0.0007099080257503503
0.0,0.05,confounded,logger12_balanced,1,oracle_compatible_plugin,0.01083469809992146,0.016441108648802716,0.21035598705501618,0.21035598705501618,0.0007099080257503503,0.0007099080257503503
0.0,0.05,confounded,logger12_balanced,1,oracle_initialized_joint,0.011542605272421158,0.017172481325899314,0.29449838187702265,0.29449838187702265,0.0011411882743319892,0.0011411882743319892
0.0,0.05,confounded,logger12_balanced,1,oracle_u_aware_ceiling,0.01251018060316917,0.01772938182362266,0.2686084142394822,0.2686084142394822,0.0008796106778324541,0.0008796106778324541
0.0,0.05,confounded,logger12_balanced,2,current_random_init,0.02502448905149155,0.03090538648628865,0.9061488673139159,0.9061488673139159,0.006570076457635159,0.006570076457635159
0.0,0.05,confounded,logger12_balanced,2,collapsed_constrained_reference,0.024066235007300013,0.029979876846518205,0.9061488673139159,0.9061488673139159,0.006544247006747685,0.006544247006747685
0.0,0.05,confounded,logger12_balanced,2,true_behavior_fixed,0.020200415685726194,0.026204878220298704,0.8802588996763754,0.8802588996763754,0.006375242389123877,0.006375242389123877
0.0,0.05,confounded,logger12_balanced,2,true_behavior_fixed_em,0.02035502894655107,0.025841525063858898,0.889967637540453,0.889967637540453,0.006425394062192726,0.006425394062192726
0.0,0.05,confounded,logger12_balanced,2,oracle_reward_fixed_learn_behavior,0.012348722429517662,0.018077009232180436,0.23300970873786409,0.23300970873786409,0.0008305668460323061,0.0008305668460323061
0.0,0.05,confounded,logger12_balanced,2,oracle_compatible_plugin,0.012348722429517662,0.018077009232180436,0.23300970873786409,0.23300970873786409,0.0008305668460323061,0.0008305668460323061
0.0,0.05,confounded,logger12_balanced,2,oracle_initialized_joint,0.01060460070768208,0.01588288532528451,0.21035598705501618,0.21035598705501618,0.0007515899180685331,0.0007515899180685331
0.0,0.05,confounded,logger12_balanced,2,oracle_u_aware_ceiling,0.009843650295482086,0.0155382644505451,0.20711974110032363,0.20711974110032363,0.000731273061801233,0.000731273061801233
0.0,0.05,confounded,logger12_balanced,3,current_random_init,0.025750138919684806,0.0320256682954209,0.9093851132686084,0.9093851132686084,0.006593816526100643,0.006593816526100643
0.0,0.05,confounded,logger12_balanced,3,collapsed_constrained_reference,0.02552667195610708,0.031902556746059095,0.9093851132686084,0.9093851132686084,0.006587003636213636,0.006587003636213636
0.0,0.05,confounded,logger12_balanced,3,true_behavior_fixed,0.019384562612241155,0.02526051404427588,0.9061488673139159,0.9061488673139159,0.006514081814123141,0.006514081814123141
0.0,0.05,confounded,logger12_balanced,3,true_behavior_fixed_em,0.020456991175230158,0.026371787495452777,0.9061488673139159,0.9061488673139159,0.006560838119621036,0.006560838119621036
0.0,0.05,confounded,logger12_balanced,3,oracle_reward_fixed_learn_behavior,0.01045036782870657,0.014828619127597182,0.23624595469255663,0.23624595469255663,0.000859033682470162,0.000859033682470162
0.0,0.05,confounded,logger12_balanced,3,oracle_compatible_plugin,0.01045036782870657,0.014828619127597182,0.23624595469255663,0.23624595469255663,0.000859033682470162,0.000859033682470162
0.0,0.05,confounded,logger12_balanced,3,oracle_initialized_joint,0.009090022671569936,0.013780184680835809,0.21035598705501618,0.21035598705501618,0.0007196159885280212,0.0007196159885280212
0.0,0.05,confounded,logger12_balanced,3,oracle_u_aware_ceiling,0.012228169913686453,0.01769018626387028,0.19741100323624594,0.19741100323624594,0.0006815147537055547,0.0006815147537055547
0.0,0.05,confounded,logger12_balanced,4,current_random_init,0.024240863569822423,0.030110863243812937,0.9061488673139159,0.9061488673139159,0.006577096177962791,0.006577096177962791
0.0,0.05,confounded,logger12_balanced,4,collapsed_constrained_reference,0.03207727126509973,0.039501869169199205,0.9061488673139159,0.9061488673139159,0.006562928753152226,0.006562928753152226
0.0,0.05,confounded,logger12_balanced,4,true_behavior_fixed,0.02470433576961102,0.03069129352238415,0.8802588996763754,0.8802588996763754,0.00644004980265024,0.00644004980265024
0.0,0.05,confounded,logger12_balanced,4,true_behavior_fixed_em,0.023718940823086853,0.030640125632229672,0.9029126213592233,0.9029126213592233,0.006553633835566933,0.006553633835566933
0.0,0.05,confounded,logger12_balanced,4,oracle_reward_fixed_learn_behavior,0.012244327392476556,0.01731615762893127,0.3300970873786408,0.3300970873786408,0.0012932714164640812,0.0012932714164640812
0.0,0.05,confounded,logger12_balanced,4,oracle_compatible_plugin,0.012244327392476556,0.01731615762893127,0.3300970873786408,0.3300970873786408,0.0012932714164640812,0.0012932714164640812
0.0,0.05,confounded,logger12_balanced,4,oracle_initialized_joint,0.010521879089753139,0.015752613716826687,0.22330097087378642,0.22330097087378642,0.0006898750685601117,0.0006898750685601117
0.0,0.05,confounded,logger12_balanced,4,oracle_u_aware_ceiling,0.011794999950569462,0.016866228639260572,0.2912621359223301,0.2912621359223301,0.001107822150543345,0.001107822150543345
0.0,0.1,confounded,logger12_balanced,0,current_random_init,0.0442476544567084,0.05457760148072983,0.9093851132686084,0.9093851132686084,0.006585321540001066,0.006585321540001066
0.0,0.1,confounded,logger12_balanced,0,collapsed_constrained_reference,0.043026065274717466,0.05298458820765326,0.9093851132686084,0.9093851132686084,0.006574953596921384,0.006574953596921384
0.0,0.1,confounded,logger12_balanced,0,true_behavior_fixed,0.013839837401649232,0.01948840175631715,0.5145631067961165,0.5145631067961165,0.002326607255794489,0.002326607255794489
0.0,0.1,confounded,logger12_balanced,0,true_behavior_fixed_em,0.023889682291997925,0.03079373530032627,0.8867313915857605,0.8867313915857605,0.006416885856396958,0.006416885856396958
0.0,0.1,confounded,logger12_balanced,0,oracle_reward_fixed_learn_behavior,0.012201072678635782,0.01684882654834607,0.1941747572815534,0.1941747572815534,0.0006438608547406988,0.0006438608547406988
0.0,0.1,confounded,logger12_balanced,0,oracle_compatible_plugin,0.012201072678635782,0.01684882654834607,0.1941747572815534,0.1941747572815534,0.0006438608547406988,0.0006438608547406988
0.0,0.1,confounded,logger12_balanced,0,oracle_initialized_joint,0.012030709880167448,0.016291309781344618,0.18122977346278318,0.18122977346278318,0.0006343283520160455,0.0006343283520160455
0.0,0.1,confounded,logger12_balanced,0,oracle_u_aware_ceiling,0.010201462577684799,0.014299219808545519,0.18122977346278318,0.18122977346278318,0.0005110867568402893,0.0005110867568402893
0.0,0.1,confounded,logger12_balanced,1,current_random_init,0.045131500519995066,0.054547963320598816,0.9093851132686084,0.9093851132686084,0.006587003636213636,0.006587003636213636
0.0,0.1,confounded,logger12_balanced,1,collapsed_constrained_reference,0.045811389992284984,0.05629770316119387,0.9093851132686084,0.9093851132686084,0.006593816526100643,0.006593816526100643
0.0,0.1,confounded,logger12_balanced,1,true_behavior_fixed,0.02233158021834784,0.02965436480120394,0.3592233009708738,0.3592233009708738,0.0014976583426876714,0.0014976583426876714
0.0,0.1,confounded,logger12_balanced,1,true_behavior_fixed_em,0.021814561513643436,0.02836963016923168,0.883495145631068,0.883495145631068,0.006462353436519547,0.006462353436519547
0.0,0.1,confounded,logger12_balanced,1,oracle_reward_fixed_learn_behavior,0.01171155772329287,0.018066936346501715,0.2297734627831715,0.2297734627831715,0.0010338059720287685,0.0010338059720287685
0.0,0.1,confounded,logger12_balanced,1,oracle_compatible_plugin,0.01171155772329287,0.018066936346501715,0.2297734627831715,0.2297734627831715,0.0010338059720287685,0.0010338059720287685
0.0,0.1,confounded,logger12_balanced,1,oracle_initialized_joint,0.011220206675250345,0.017249744985775424,0.24919093851132687,0.24919093851132687,0.0009699885763484171,0.0009699885763484171
0.0,0.1,confounded,logger12_balanced,1,oracle_u_aware_ceiling,0.010009170447282945,0.015425050008689788,0.2783171521035599,0.2783171521035599,0.0008969707876172768,0.0008969707876172768
0.0,0.1,confounded,logger12_balanced,2,current_random_init,0.04561197482932712,0.05541163127506084,0.9061488673139159,0.9061488673139159,0.006576889347522164,0.006576889347522164
0.0,0.1,confounded,logger12_balanced,2,collapsed_constrained_reference,0.041377638622154586,0.05028920330122468,0.9093851132686084,0.9093851132686084,0.006593816526100643,0.006593816526100643
0.0,0.1,confounded,logger12_balanced,2,true_behavior_fixed,0.01583763890138007,0.02160443048257561,0.6019417475728155,0.6019417475728155,0.0030524627401636055,0.0030524627401636055
0.0,0.1,confounded,logger12_balanced,2,true_behavior_fixed_em,0.02092552081442907,0.026758684599027235,0.883495145631068,0.883495145631068,0.006356238283168655,0.006356238283168655
0.0,0.1,confounded,logger12_balanced,2,oracle_reward_fixed_learn_behavior,0.011278104392415044,0.015750098504927836,0.23948220064724918,0.23948220064724918,0.0008636435105380466,0.0008636435105380466
0.0,0.1,confounded,logger12_balanced,2,oracle_compatible_plugin,0.011278104392415044,0.015750098504927836,0.23948220064724918,0.23948220064724918,0.0008636435105380466,0.0008636435105380466
0.0,0.1,confounded,logger12_balanced,2,oracle_initialized_joint,0.011246453966651828,0.01654086368518168,0.22006472491909385,0.22006472491909385,0.0007071000491298653,0.0007071000491298653
0.0,0.1,confounded,logger12_balanced,2,oracle_u_aware_ceiling,0.012383859418310973,0.017109656711499166,0.2588996763754045,0.2588996763754045,0.0009012012746626452,0.0009012012746626452
0.0,0.1,confounded,logger12_balanced,3,current_random_init,0.04499975858995745,0.05514030207943868,0.9061488673139159,0.9061488673139159,0.006581791682331485,0.006581791682331485
0.0,0.1,confounded,logger12_balanced,3,collapsed_constrained_reference,0.04117275441637988,0.050442506823237476,0.9093851132686084,0.9093851132686084,0.006587003636213636,0.006587003636213636
0.0,0.1,confounded,logger12_balanced,3,true_behavior_fixed,0.014818032920935094,0.021942124572273434,0.5598705501618123,0.5598705501618123,0.0026191276521136384,0.0026191276521136384
0.0,0.1,confounded,logger12_balanced,3,true_behavior_fixed_em,0.021057008112766475,0.02736876707389287,0.8932038834951457,0.8932038834951457,0.0063814435258398895,0.0063814435258398895
0.0,0.1,confounded,logger12_balanced,3,oracle_reward_fixed_learn_behavior,0.01176592241945771,0.016905145592361056,0.20064724919093851,0.20064724919093851,0.0006134570669427275,0.0006134570669427275
0.0,0.1,confounded,logger12_balanced,3,oracle_compatible_plugin,0.01176592241945771,0.016905145592361056,0.20064724919093851,0.20064724919093851,0.0006134570669427275,0.0006134570669427275
0.0,0.1,confounded,logger12_balanced,3,oracle_initialized_joint,0.010850756681173144,0.015420722289168767,0.20711974110032363,0.20711974110032363,0.0007364533536703665,0.0007364533536703665
0.0,0.1,confounded,logger12_balanced,3,oracle_u_aware_ceiling,0.010878698443877627,0.016504931637624967,0.17475728155339806,0.17475728155339806,0.0006036807790551997,0.0006036807790551997
0.0,0.1,confounded,logger12_balanced,4,current_random_init,0.04292966162250478,0.05204650647728477,0.9061488673139159,0.9061488673139159,0.006577096177962791,0.006577096177962791
0.0,0.1,confounded,logger12_balanced,4,collapsed_constrained_reference,0.040689481924870236,0.0504283751145216,0.9093851132686084,0.9093851132686084,0.006587667667033015,0.006587667667033015
0.0,0.1,confounded,logger12_balanced,4,true_behavior_fixed,0.01600434533289058,0.021045046553950866,0.5048543689320388,0.5048543689320388,0.002324003825683312,0.002324003825683312
0.0,0.1,confounded,logger12_balanced,4,true_behavior_fixed_em,0.025540245246106385,0.032181454910399324,0.883495145631068,0.883495145631068,0.006434760165615419,0.006434760165615419
0.0,0.1,confounded,logger12_balanced,4,oracle_reward_fixed_learn_behavior,0.010925820080802048,0.016530646783546186,0.2912621359223301,0.2912621359223301,0.0011293899078245273,0.0011293899078245273
0.0,0.1,confounded,logger12_balanced,4,oracle_compatible_plugin,0.010925820080802048,0.016530646783546186,0.2912621359223301,0.2912621359223301,0.0011293899078245273,0.0011293899078245273
0.0,0.1,confounded,logger12_balanced,4,oracle_initialized_joint,0.012061198279635844,0.019081302983443103,0.2168284789644013,0.2168284789644013,0.0008014299041094572,0.0008030849096019158
0.0,0.1,confounded,logger12_balanced,4,oracle_u_aware_ceiling,0.010933555265104268,0.016573058807601716,0.2588996763754045,0.2588996763754045,0.0009611118316593314,0.0009611118316593314
