kappa,lambda_reward,condition,mixture,seed,observationally_best_variant,do_mae_best_variant,ranking_best_variant,regret_best_variant,observational_best_matches_do_best,observational_best_matches_ranking_best,observational_best_matches_regret_best,nll_current_collapsed,nll_explicit_collapsed,nll_true_behavior_fixed,nll_true_behavior_em,nll_oracle_plugin,nll_oracle_initialized_best,nll_oracle_initialized_final,delta_nll_oracle_vs_collapsed,delta_nll_oracleinit_best_vs_collapsed,delta_nll_oracleinit_final_vs_collapsed,delta_do_mae_oracle_vs_collapsed,delta_rank_error_oracle_vs_collapsed,delta_regret_oracle_vs_collapsed
0.0,0.0,confounded,logger12_balanced,0,oracle_initialized_joint,true_behavior_fixed,true_behavior_fixed_em,true_behavior_fixed_em,False,False,False,-1.2113115787506104,-1.2330299615859985,-1.290074348449707,-1.1885883808135986,-1.2385166883468628,-1.554341435432434,0.06369435787200928,-0.005486726760864258,-0.32131147384643555,1.2967243194580078,0.0009524212549797909,-0.02588996763754048,-0.00018876060550414558
0.0,0.0,confounded,logger12_balanced,1,oracle_initialized_joint,oracle_u_aware_ceiling,oracle_reward_fixed_learn_behavior,oracle_initialized_joint,False,False,True,-1.2970881462097168,-1.1396150588989258,-0.7284470796585083,-1.2366164922714233,-1.2401334047317505,-1.5146421194076538,-0.8923603892326355,-0.10051834583282471,-0.375027060508728,0.24725466966629028,-0.00562112071219837,-0.0032362459546925737,0.00015040164039676013
0.0,0.0,confounded,logger12_balanced,2,oracle_initialized_joint,true_behavior_fixed_em,oracle_initialized_joint,oracle_initialized_joint,False,True,True,-1.2743198871612549,-1.2217668294906616,-1.2459807395935059,-1.2604018449783325,-1.2704315185546875,-1.5162864923477173,-0.6529363393783569,-0.04866468906402588,-0.29451966285705566,0.5688304901123047,-0.001152031028375012,-0.035598705501618116,3.0008099991268617e-05
0.0,0.0,confounded,logger12_balanced,3,oracle_initialized_joint,oracle_u_aware_ceiling,collapsed_constrained_reference,collapsed_constrained_reference,False,False,False,-1.267931342124939,-1.2285828590393066,-1.2637954950332642,-1.1673375368118286,-1.2095916271209717,-1.5795027017593384,-0.6751753687858582,0.01899123191833496,-0.35091984272003174,0.5534074902534485,-0.0003579751249518995,0.029126213592233025,0.0001588341938236691
0.0,0.0,confounded,logger12_balanced,4,oracle_initialized_joint,oracle_initialized_joint,current_random_init,current_random_init,True,False,False,-1.2735874652862549,-1.2237955331802368,-1.2257030010223389,-1.2619444131851196,-1.2648357152938843,-1.6763596534729004,-1.3692631721496582,-0.04104018211364746,-0.4525641202926636,-0.1454676389694214,-0.0004912346928120388,0.025889967637540423,0.00010158925948815993
0.0,0.002,confounded,logger12_balanced,0,oracle_initialized_joint,oracle_initialized_joint,oracle_u_aware_ceiling,oracle_u_aware_ceiling,True,False,False,-1.2597429752349854,-1.2470251321792603,-1.1499606370925903,-1.2600009441375732,-1.232495665550232,-1.5865046977996826,-0.8368274569511414,0.01452946662902832,-0.33947956562042236,0.4101976752281189,0.0022603240249273494,-0.10679611650485438,-0.0004347608550289298
0.0,0.002,confounded,logger12_balanced,1,oracle_initialized_joint,oracle_initialized_joint,collapsed_constrained_reference,oracle_u_aware_ceiling,True,False,False,-1.2999104261398315,-1.2121491432189941,-1.218947410583496,-1.2145780324935913,-1.2612898349761963,-1.6022642850875854,-0.5272059440612793,-0.04914069175720215,-0.3901151418685913,0.6849431991577148,-0.003636467449851603,0.016181229773462785,1.7988783226760715e-05
0.0,0.002,confounded,logger12_balanced,2,oracle_initialized_joint,oracle_initialized_joint,oracle_u_aware_ceiling,oracle_u_aware_ceiling,True,False,False,-1.250820517539978,-1.2238589525222778,-0.8221435546875,-1.1839510202407837,-1.2323919534683228,-1.5176219940185547,-0.6357471346855164,-0.008533000946044922,-0.29376304149627686,0.5881118178367615,-0.0020800872737774517,-0.055016181229773475,-0.00015029055532372838
0.0,0.002,confounded,logger12_balanced,3,oracle_initialized_joint,current_random_init,oracle_u_aware_ceiling,oracle_u_aware_ceiling,False,False,False,-1.2852199077606201,-1.2095682621002197,-1.245106816291809,-1.1823240518569946,-1.2749747037887573,-1.5498526096343994,-0.8073328137397766,-0.0654064416885376,-0.3402843475341797,0.4022354483604431,-0.0037920662326987927,0.009708737864077666,6.453239220914392e-05
0.0,0.002,confounded,logger12_balanced,4,oracle_initialized_joint,current_random_init,oracle_u_aware_ceiling,oracle_u_aware_ceiling,False,False,False,-1.3140841722488403,-1.2236460447311401,-1.2035270929336548,-1.1889945268630981,-1.2415515184402466,-1.5712343454360962,0.13475045561790466,-0.017905473709106445,-0.34758830070495605,1.3583965003490448,0.0005488516979166476,-0.13268608414239486,-0.0005957330567043936
0.0,0.005,confounded,logger12_balanced,0,oracle_initialized_joint,oracle_initialized_joint,oracle_u_aware_ceiling,oracle_reward_fixed_learn_behavior,True,False,False,-1.2591699361801147,-1.2196403741836548,-1.2703298330307007,-1.210191011428833,-1.2355269193649292,-1.5581109523773193,-1.0939571857452393,-0.015886545181274414,-0.33847057819366455,0.12568318843841553,-0.001111026410455098,-0.15533980582524273,-0.0006814610151869172
0.0,0.005,confounded,logger12_balanced,1,oracle_initialized_joint,oracle_initialized_joint,oracle_u_aware_ceiling,oracle_u_aware_ceiling,True,False,False,-1.2803776264190674,-1.073747158050537,-1.2559257745742798,-1.1974363327026367,-1.239206075668335,-1.5752460956573486,-0.503633975982666,-0.16545891761779785,-0.5014989376068115,0.5701131820678711,-0.010840782474195128,-0.2783171521035599,-0.0015706695286946686
0.0,0.005,confounded,logger12_balanced,2,oracle_initialized_joint,oracle_u_aware_ceiling,oracle_reward_fixed_learn_behavior,oracle_reward_fixed_learn_behavior,False,False,False,-1.274733304977417,-1.2269924879074097,-0.8591299653053284,-1.2276313304901123,-1.2301324605941772,-1.471261978149414,-0.5924401879310608,-0.003139972686767578,-0.2442694902420044,0.6345522999763489,0.0001227927245362019,-0.2297734627831715,-0.0012231412071343115
0.0,0.005,confounded,logger12_balanced,3,oracle_initialized_joint,oracle_u_aware_ceiling,oracle_reward_fixed_learn_behavior,oracle_reward_fixed_learn_behavior,False,False,False,-1.260826587677002,-1.2448209524154663,-1.2274541854858398,-1.2638740539550781,-1.222971796989441,-1.5885709524154663,-0.259746253490448,0.02184915542602539,-0.34375,0.9850746989250183,0.0005953394804788271,-0.23624595469255663,-0.0011727274914458113
0.0,0.005,confounded,logger12_balanced,4,oracle_initialized_joint,current_random_init,oracle_u_aware_ceiling,oracle_u_aware_ceiling,False,False,False,-1.3024506568908691,-1.150789499282837,-1.2667123079299927,-1.1891816854476929,-1.2442845106124878,-1.4248772859573364,-0.8211855888366699,-0.09349501132965088,-0.2740877866744995,0.329603910446167,0.0004942212677563132,-0.11650485436893204,-0.0006885441751049129
0.0,0.01,confounded,logger12_balanced,0,oracle_initialized_joint,oracle_u_aware_ceiling,oracle_u_aware_ceiling,oracle_u_aware_ceiling,False,False,False,-1.1844679117202759,-1.1818149089813232,-1.1903817653656006,-1.240096092224121,-1.2198060750961304,-1.4022241830825806,-0.596232533454895,-0.03799116611480713,-0.22040927410125732,0.5855823755264282,-2.5439928153818056e-05,-0.4207119741100323,-0.0026895601242077085
0.0,0.01,confounded,logger12_balanced,1,oracle_initialized_joint,oracle_u_aware_ceiling,oracle_u_aware_ceiling,oracle_u_aware_ceiling,False,False,False,-1.2072267532348633,-1.0952043533325195,-1.1910821199417114,-1.1454123258590698,-1.162914752960205,-1.4511076211929321,-0.9748278856277466,-0.06771039962768555,-0.3559032678604126,0.12037646770477295,-0.008650879064700545,-0.41100323624595475,-0.0029226978949558496
0.0,0.01,confounded,logger12_balanced,2,oracle_initialized_joint,oracle_u_aware_ceiling,oracle_u_aware_ceiling,oracle_u_aware_ceiling,False,False,False,-1.2085355520248413,-0.867331326007843,-0.6640902757644653,-1.0364375114440918,-1.1802772283554077,-1.4147447347640991,-0.6147105693817139,-0.3129459023475647,-0.5474134087562561,0.25262075662612915,-0.006750996252122901,-0.4077669902912621,-0.002718347970119602
0.0,0.01,confounded,logger12_balanced,3,oracle_initialized_joint,oracle_u_aware_ceiling,oracle_u_aware_ceiling,oracle_u_aware_ceiling,False,False,False,-1.2296618223190308,-1.0918457508087158,-1.2063816785812378,-1.1376925706863403,-1.215965986251831,-1.4870038032531738,-1.090177297592163,-0.12412023544311523,-0.395158052444458,0.0016684532165527344,-0.004824496067204011,-0.3074433656957929,-0.0016495567774657636
0.0,0.01,confounded,logger12_balanced,4,oracle_initialized_joint,oracle_u_aware_ceiling,oracle_u_aware_ceiling,oracle_u_aware_ceiling,False,False,False,-1.230071783065796,-1.1564688682556152,-1.1941367387771606,-1.1697587966918945,-1.2236472368240356,-1.457430362701416,-1.0563907623291016,-0.06717836856842041,-0.3009614944458008,0.10007810592651367,-0.0013453605856609142,-0.3656957928802589,-0.002543991294446473
0.0,0.02,confounded,logger12_balanced,0,oracle_initialized_joint,oracle_initialized_joint,oracle_reward_fixed_learn_behavior,oracle_reward_fixed_learn_behavior,True,False,False,-1.0899022817611694,-1.0433566570281982,-1.0607731342315674,-1.038611650466919,-1.1255344152450562,-1.2716987133026123,-0.9159197807312012,-0.08217775821685791,-0.22834205627441406,0.12743687629699707,-0.003713293311082234,-0.6925566343042071,-0.005514918331511911
0.0,0.02,confounded,logger12_balanced,1,oracle_initialized_joint,oracle_u_aware_ceiling,oracle_reward_fixed_learn_behavior,oracle_u_aware_ceiling,False,False,False,-1.1085655689239502,-0.8752711415290833,-1.0553302764892578,-0.9952515363693237,-1.12850022315979,-1.2393100261688232,-0.22864988446235657,-0.2532290816307068,-0.36403888463974,0.6466212570667267,-0.012398027288113705,-0.6375404530744336,-0.00521266689907837
0.0,0.02,confounded,logger12_balanced,2,oracle_initialized_joint,oracle_initialized_joint,oracle_u_aware_ceiling,oracle_u_aware_ceiling,True,False,False,-1.1009914875030518,-1.01793372631073,-1.1146680116653442,-1.0501680374145508,-1.114965796470642,-1.3159292936325073,-1.2381948232650757,-0.09703207015991211,-0.29799556732177734,-0.2202610969543457,-0.003930555158540988,-0.5922330097087378,-0.004922002311773705
0.0,0.02,confounded,logger12_balanced,3,oracle_initialized_joint,oracle_u_aware_ceiling,oracle_u_aware_ceiling,oracle_u_aware_ceiling,False,False,False,-1.1175792217254639,-1.0437806844711304,-1.0643552541732788,-0.9951395988464355,-1.0922226905822754,-1.2929655313491821,-0.7289499044418335,-0.04844200611114502,-0.24918484687805176,0.3148307800292969,-0.008228168458480184,-0.6860841423948221,-0.005588562736124397
0.0,0.02,confounded,logger12_balanced,4,oracle_initialized_joint,oracle_u_aware_ceiling,oracle_u_aware_ceiling,oracle_u_aware_ceiling,False,False,False,-1.1225974559783936,-1.0584173202514648,-1.0726975202560425,-1.0712459087371826,-1.102295994758606,-1.2135215997695923,-1.1271772384643555,-0.04387867450714111,-0.15510427951812744,-0.06875991821289062,-0.00010862286464196139,-0.45631067961165056,-0.00437338890995316
0.0,0.05,confounded,logger12_balanced,0,oracle_initialized_joint,oracle_initialized_joint,oracle_initialized_joint,oracle_initialized_joint,True,True,True,-0.5653622150421143,-0.5726711750030518,-0.6635181307792664,-0.6346142292022705,-0.8343110680580139,-1.0124815702438354,-1.0124815702438354,-0.26163989305496216,-0.4398103952407837,-0.4398103952407837,-0.013912695753264264,-0.6828478964401294,-0.005870085005032116
0.0,0.05,confounded,logger12_balanced,1,oracle_initialized_joint,oracle_reward_fixed_learn_behavior,oracle_reward_fixed_learn_behavior,oracle_reward_fixed_learn_behavior,False,False,False,-0.5987250208854675,-0.5850129723548889,-0.6264727711677551,-0.6066415309906006,-0.8066824674606323,-1.1261508464813232,-0.5573710799217224,-0.2216694951057434,-0.5411378741264343,0.027641892433166504,-0.014342163203339864,-0.6990291262135921,-0.005883908500350293
0.0,0.05,confounded,logger12_balanced,2,oracle_initialized_joint,oracle_u_aware_ceiling,oracle_u_aware_ceiling,oracle_u_aware_ceiling,False,False,False,-0.607369601726532,-0.573440432548523,-0.629112958908081,-0.6319929957389832,-0.8186817765235901,-1.109465479850769,-0.8794969320297241,-0.24524134397506714,-0.5360250473022461,-0.30605649948120117,-0.01171751257778235,-0.6731391585760518,-0.005713680160715379
0.0,0.05,confounded,logger12_balanced,3,oracle_initialized_joint,oracle_initialized_joint,oracle_u_aware_ceiling,oracle_u_aware_ceiling,True,False,False,-0.6058443188667297,-0.5708028078079224,-0.6450268626213074,-0.629582941532135,-0.8343226909637451,-1.2199913263320923,-1.1392474174499512,-0.26351988315582275,-0.6491885185241699,-0.5684446096420288,-0.015076304127400509,-0.6731391585760518,-0.005727969953743473
0.0,0.05,confounded,logger12_balanced,4,oracle_initialized_joint,oracle_initialized_joint,oracle_initialized_joint,oracle_initialized_joint,True,True,True,-0.613330602645874,-0.438118577003479,-0.578366219997406,-0.6044734716415405,-0.823215663433075,-1.200967788696289,-0.850857675075531,-0.38509708642959595,-0.7628492116928101,-0.412739098072052,-0.019832943872623174,-0.5760517799352751,-0.005269657336688145
0.0,0.1,confounded,logger12_balanced,0,oracle_initialized_joint,oracle_u_aware_ceiling,oracle_initialized_joint,oracle_u_aware_ceiling,False,True,False,0.022068344056606293,0.037707775831222534,-0.5366408228874207,-0.17532601952552795,-0.7704494595527649,-1.0148159265518188,0.1334799975156784,-0.8081572353839874,-1.0525237023830414,0.09577222168445587,-0.030824992596081686,-0.715210355987055,-0.005931092742180686
0.0,0.1,confounded,logger12_balanced,1,oracle_initialized_joint,oracle_u_aware_ceiling,oracle_reward_fixed_learn_behavior,oracle_u_aware_ceiling,False,False,False,0.0037090519908815622,0.04033747315406799,-0.4391290843486786,-0.18501952290534973,-0.7572545409202576,-0.960724949836731,0.7864479422569275,-0.7975920140743256,-1.001062422990799,0.7461104691028595,-0.03409983226899212,-0.6796116504854368,-0.005560010554071874
0.0,0.1,confounded,logger12_balanced,2,oracle_initialized_joint,oracle_initialized_joint,oracle_initialized_joint,oracle_initialized_joint,True,True,True,0.010741738602519035,0.025118010118603706,-0.5211659073829651,-0.18821419775485992,-0.7969839572906494,-1.024552583694458,-0.6368956565856934,-0.8221019674092531,-1.0496705938130617,-0.6620136667042971,-0.030099534229739544,-0.6699029126213591,-0.005730173015562596
0.0,0.1,confounded,logger12_balanced,3,oracle_initialized_joint,oracle_initialized_joint,oracle_u_aware_ceiling,oracle_u_aware_ceiling,True,False,False,0.006140456069260836,0.021899808198213577,-0.49209800362586975,-0.18292362987995148,-0.7875884175300598,-1.109948992729187,-0.09842666983604431,-0.8094882257282734,-1.1318488009274006,-0.12032647803425789,-0.02940683199692217,-0.7087378640776698,-0.005973546569270908
0.0,0.1,confounded,logger12_balanced,4,oracle_initialized_joint,oracle_reward_fixed_learn_behavior,oracle_initialized_joint,oracle_initialized_joint,False,True,True,0.0032890220172703266,0.0337815023958683,-0.5311119556427002,-0.14743606746196747,-0.8021868467330933,-1.0626636743545532,0.08577495068311691,-0.8359683491289616,-1.0964451767504215,0.05199344828724861,-0.029763661844068187,-0.6181229773462783,-0.005458277759208488
