kappa,lambda_reward,condition,mixture,seed,variant,train_nll,validation_nll,test_nll,observational_reward_mae
0.0,0.0,confounded,logger12_balanced,0,current_random_init,-1.3333309888839722,-1.2113115787506104,-1.2504926919937134,0.011161696227406434
0.0,0.0,confounded,logger12_balanced,0,collapsed_constrained_reference,-1.345535397529602,-1.2330299615859985,-1.2671676874160767,0.011169773693078727
0.0,0.0,confounded,logger12_balanced,0,true_behavior_fixed,-1.3934326171875,-1.290074348449707,-1.3257205486297607,0.010951373802103313
0.0,0.0,confounded,logger12_balanced,0,true_behavior_fixed_em,-1.3095686435699463,-1.1885883808135986,-1.2289528846740723,0.01638139405272904
0.0,0.0,confounded,logger12_balanced,0,oracle_reward_fixed_learn_behavior,-1.3531525135040283,-1.2381236553192139,-1.2837287187576294,0.012154207908703295
0.0,0.0,confounded,logger12_balanced,0,oracle_compatible_plugin,-1.354658603668213,-1.2385166883468628,-1.2846789360046387,0.012166107198949378
0.0,0.0,confounded,logger12_balanced,0,oracle_initialized_joint,-1.965718388557434,-1.554341435432434,-1.7356456518173218,0.011110395993935122
0.0,0.0,confounded,logger12_balanced,0,oracle_u_aware_ceiling,-1.3952048262139751,-1.275181077470558,-1.319582950172497,0.0129671289621429
0.0,0.0,confounded,logger12_balanced,1,current_random_init,-1.4084957838058472,-1.2970881462097168,-1.3279367685317993,0.010182503927850186
0.0,0.0,confounded,logger12_balanced,1,collapsed_constrained_reference,-1.2699077129364014,-1.1396150588989258,-1.2035306692123413,0.016774230477954125
0.0,0.0,confounded,logger12_balanced,1,true_behavior_fixed,-0.8399032354354858,-0.7284470796585083,-0.7645218372344971,0.034041439934468946
0.0,0.0,confounded,logger12_balanced,1,true_behavior_fixed_em,-1.3504542112350464,-1.2366164922714233,-1.2982943058013916,0.01232140341457926
0.0,0.0,confounded,logger12_balanced,1,oracle_reward_fixed_learn_behavior,-1.345119833946228,-1.2384579181671143,-1.291616678237915,0.011159628556813954
0.0,0.0,confounded,logger12_balanced,1,oracle_compatible_plugin,-1.347198486328125,-1.2401334047317505,-1.2915759086608887,0.011206037672508431
0.0,0.0,confounded,logger12_balanced,1,oracle_initialized_joint,-1.972185730934143,-1.5146421194076538,-1.6812585592269897,0.011562103927734366
0.0,0.0,confounded,logger12_balanced,1,oracle_u_aware_ceiling,-1.4231793059454234,-1.3023235416539363,-1.3552772314356587,0.010102025953625996
0.0,0.0,confounded,logger12_balanced,2,current_random_init,-1.4057916402816772,-1.2743198871612549,-1.2991974353790283,0.012522272985942854
0.0,0.0,confounded,logger12_balanced,2,collapsed_constrained_reference,-1.321648359298706,-1.2217668294906616,-1.231819987297058,0.013658858002322383
0.0,0.0,confounded,logger12_balanced,2,true_behavior_fixed,-1.3694815635681152,-1.2459807395935059,-1.2818633317947388,0.013399704888574273
0.0,0.0,confounded,logger12_balanced,2,true_behavior_fixed_em,-1.3674708604812622,-1.2604018449783325,-1.2989615201950073,0.012392035000452939
0.0,0.0,confounded,logger12_balanced,2,oracle_reward_fixed_learn_behavior,-1.36011803150177,-1.2705670595169067,-1.2611942291259766,0.012529242050085935
0.0,0.0,confounded,logger12_balanced,2,oracle_compatible_plugin,-1.3616431951522827,-1.2704315185546875,-1.2622294425964355,0.012555160357249235
0.0,0.0,confounded,logger12_balanced,2,oracle_initialized_joint,-1.919151782989502,-1.5162864923477173,-1.616828203201294,0.012729278045645847
0.0,0.0,confounded,logger12_balanced,2,oracle_u_aware_ceiling,-1.3941124904075546,-1.2610171676388398,-1.299287912921916,0.012616418403533223
0.0,0.0,confounded,logger12_balanced,3,current_random_init,-1.3826000690460205,-1.267931342124939,-1.3047490119934082,0.010846452302038291
0.0,0.0,confounded,logger12_balanced,3,collapsed_constrained_reference,-1.3486326932907104,-1.2285828590393066,-1.2732864618301392,0.012405031921045102
0.0,0.0,confounded,logger12_balanced,3,true_behavior_fixed,-1.3691447973251343,-1.2637954950332642,-1.309464454650879,0.011845871492247096
0.0,0.0,confounded,logger12_balanced,3,true_behavior_fixed_em,-1.2629423141479492,-1.1673375368118286,-1.2072895765304565,0.015035859336757067
0.0,0.0,confounded,logger12_balanced,3,oracle_reward_fixed_learn_behavior,-1.301146149635315,-1.211310863494873,-1.2461450099945068,0.012128974297618902
0.0,0.0,confounded,logger12_balanced,3,oracle_compatible_plugin,-1.3018379211425781,-1.2095916271209717,-1.2456047534942627,0.012197611360738965
0.0,0.0,confounded,logger12_balanced,3,oracle_initialized_joint,-1.9536188840866089,-1.5795027017593384,-1.7454109191894531,0.010061114725061666
0.0,0.0,confounded,logger12_balanced,3,oracle_u_aware_ceiling,-1.4061034618457968,-1.2878696201291295,-1.336765994108652,0.009576879861118295
0.0,0.0,confounded,logger12_balanced,4,current_random_init,-1.3945136070251465,-1.2735874652862549,-1.280874490737915,0.012491390013497998
0.0,0.0,confounded,logger12_balanced,4,collapsed_constrained_reference,-1.325425624847412,-1.2237955331802368,-1.2528040409088135,0.013311473249440984
0.0,0.0,confounded,logger12_balanced,4,true_behavior_fixed,-1.33031165599823,-1.2257030010223389,-1.2627202272415161,0.013650423081971858
0.0,0.0,confounded,logger12_balanced,4,true_behavior_fixed_em,-1.3627541065216064,-1.2619444131851196,-1.292814016342163,0.01258626379887976
0.0,0.0,confounded,logger12_balanced,4,oracle_reward_fixed_learn_behavior,-1.3668946027755737,-1.2646323442459106,-1.2784830331802368,0.012811222982490943
0.0,0.0,confounded,logger12_balanced,4,oracle_compatible_plugin,-1.3686007261276245,-1.2648357152938843,-1.2776042222976685,0.012857351864541795
0.0,0.0,confounded,logger12_balanced,4,oracle_initialized_joint,-2.0225377082824707,-1.6763596534729004,-1.7190912961959839,0.010084585619063625
0.0,0.0,confounded,logger12_balanced,4,oracle_u_aware_ceiling,-1.3826468129471232,-1.2778872965931969,-1.2879074589248907,0.012405784605712285
0.0,0.002,confounded,logger12_balanced,0,current_random_init,-1.3879303932189941,-1.2597429752349854,-1.2972816228866577,0.01283616525126802
0.0,0.002,confounded,logger12_balanced,0,collapsed_constrained_reference,-1.3526517152786255,-1.2470251321792603,-1.2738020420074463,0.012055077759600408
0.0,0.002,confounded,logger12_balanced,0,true_behavior_fixed,-1.2822551727294922,-1.1499606370925903,-1.2078652381896973,0.017703815799068278
0.0,0.002,confounded,logger12_balanced,0,true_behavior_fixed_em,-1.3731902837753296,-1.2600009441375732,-1.293143630027771,0.012471593069399765
0.0,0.002,confounded,logger12_balanced,0,oracle_reward_fixed_learn_behavior,-1.3419971466064453,-1.2324802875518799,-1.2618731260299683,0.014354134728513246
0.0,0.002,confounded,logger12_balanced,0,oracle_compatible_plugin,-1.3450604677200317,-1.232495665550232,-1.2628247737884521,0.014385419025082918
0.0,0.002,confounded,logger12_balanced,0,oracle_initialized_joint,-2.0407938957214355,-1.5865046977996826,-1.7772070169448853,0.0100500408666317
0.0,0.002,confounded,logger12_balanced,0,oracle_u_aware_ceiling,-1.4026403409544688,-1.2804054741190194,-1.3329801985600211,0.01232015322679787
0.0,0.002,confounded,logger12_balanced,1,current_random_init,-1.4101108312606812,-1.2999104261398315,-1.3222978115081787,0.0108105801098845
0.0,0.002,confounded,logger12_balanced,1,collapsed_constrained_reference,-1.317103624343872,-1.2121491432189941,-1.2402938604354858,0.014870883398378311
0.0,0.002,confounded,logger12_balanced,1,true_behavior_fixed,-1.3206217288970947,-1.218947410583496,-1.2493757009506226,0.01531599595309264
0.0,0.002,confounded,logger12_balanced,1,true_behavior_fixed_em,-1.306569218635559,-1.2145780324935913,-1.2396821975708008,0.016864767362709063
0.0,0.002,confounded,logger12_balanced,1,oracle_reward_fixed_learn_behavior,-1.3510258197784424,-1.2602590322494507,-1.282244324684143,0.011264360366676088
0.0,0.002,confounded,logger12_balanced,1,oracle_compatible_plugin,-1.353432536125183,-1.2612898349761963,-1.2824233770370483,0.011287762969175627
0.0,0.002,confounded,logger12_balanced,1,oracle_initialized_joint,-2.0055859088897705,-1.6022642850875854,-1.7356513738632202,0.009705415422793845
0.0,0.002,confounded,logger12_balanced,1,oracle_u_aware_ceiling,-1.414804543991764,-1.2963539678198404,-1.3321254607566078,0.01195267460178336
0.0,0.002,confounded,logger12_balanced,2,current_random_init,-1.3638434410095215,-1.250820517539978,-1.2785602807998657,0.010309299917045798
0.0,0.002,confounded,logger12_balanced,2,collapsed_constrained_reference,-1.32466721534729,-1.2238589525222778,-1.241353988647461,0.013611586188794192
0.0,0.002,confounded,logger12_balanced,2,true_behavior_fixed,-1.1074814796447754,-0.8221435546875,-0.9494275450706482,0.02104686913665964
0.0,0.002,confounded,logger12_balanced,2,true_behavior_fixed_em,-1.2688872814178467,-1.1839510202407837,-1.1999019384384155,0.014315638121323769
0.0,0.002,confounded,logger12_balanced,2,oracle_reward_fixed_learn_behavior,-1.31820809841156,-1.2313259840011597,-1.2546240091323853,0.011567303603637922
0.0,0.002,confounded,logger12_balanced,2,oracle_compatible_plugin,-1.3203444480895996,-1.2323919534683228,-1.255549430847168,0.01158505622449887
0.0,0.002,confounded,logger12_balanced,2,oracle_initialized_joint,-2.3887791633605957,-1.5176219940185547,-1.7049058675765991,0.009916964318714777
0.0,0.002,confounded,logger12_balanced,2,oracle_u_aware_ceiling,-1.3964397835816897,-1.2835602590822184,-1.301412674554078,0.013728046719764506
0.0,0.002,confounded,logger12_balanced,3,current_random_init,-1.412421464920044,-1.2852199077606201,-1.3372466564178467,0.009705070577492841
0.0,0.002,confounded,logger12_balanced,3,collapsed_constrained_reference,-1.3045358657836914,-1.2095682621002197,-1.2381539344787598,0.014466278649105229
0.0,0.002,confounded,logger12_balanced,3,true_behavior_fixed,-1.3592286109924316,-1.245106816291809,-1.2885268926620483,0.013320200554609085
0.0,0.002,confounded,logger12_balanced,3,true_behavior_fixed_em,-1.2846643924713135,-1.1823240518569946,-1.2323921918869019,0.01188683379415358
0.0,0.002,confounded,logger12_balanced,3,oracle_reward_fixed_learn_behavior,-1.3776981830596924,-1.275712251663208,-1.3172365427017212,0.010638365673154874
0.0,0.002,confounded,logger12_balanced,3,oracle_compatible_plugin,-1.379553198814392,-1.2749747037887573,-1.3184866905212402,0.010640287495766428
0.0,0.002,confounded,logger12_balanced,3,oracle_initialized_joint,-1.9935787916183472,-1.5498526096343994,-1.7306358814239502,0.010940188070761315
0.0,0.002,confounded,logger12_balanced,3,oracle_u_aware_ceiling,-1.4158505848835021,-1.288569722355749,-1.3269326427147121,0.011448524765192866
0.0,0.002,confounded,logger12_balanced,4,current_random_init,-1.4137452840805054,-1.3140841722488403,-1.308400273323059,0.01054271377535011
0.0,0.002,confounded,logger12_balanced,4,collapsed_constrained_reference,-1.342430830001831,-1.2236460447311401,-1.2633020877838135,0.012948889789400756
0.0,0.002,confounded,logger12_balanced,4,true_behavior_fixed,-1.3225059509277344,-1.2035270929336548,-1.2604504823684692,0.014186537172110039
0.0,0.002,confounded,logger12_balanced,4,true_behavior_fixed_em,-1.2898057699203491,-1.1889945268630981,-1.2075676918029785,0.01903810486822869
0.0,0.002,confounded,logger12_balanced,4,oracle_reward_fixed_learn_behavior,-1.341248631477356,-1.2416105270385742,-1.2712326049804688,0.013552678467063688
0.0,0.002,confounded,logger12_balanced,4,oracle_compatible_plugin,-1.3433555364608765,-1.2415515184402466,-1.2705494165420532,0.01374097811339699
0.0,0.002,confounded,logger12_balanced,4,oracle_initialized_joint,-2.0080742835998535,-1.5712343454360962,-1.6622419357299805,0.010919563488765362
0.0,0.002,confounded,logger12_balanced,4,oracle_u_aware_ceiling,-1.422250827657721,-1.3102537327831305,-1.329891657608598,0.011203014685052656
0.0,0.005,confounded,logger12_balanced,0,current_random_init,-1.372379183769226,-1.2591699361801147,-1.281889796257019,0.011884030752669403
0.0,0.005,confounded,logger12_balanced,0,collapsed_constrained_reference,-1.3246128559112549,-1.2196403741836548,-1.2560319900512695,0.013241716946974277
0.0,0.005,confounded,logger12_balanced,0,true_behavior_fixed,-1.3811163902282715,-1.2703298330307007,-1.313397765159607,0.01151177186007542
0.0,0.005,confounded,logger12_balanced,0,true_behavior_fixed_em,-1.3167365789413452,-1.210191011428833,-1.2534587383270264,0.016338014108507208
0.0,0.005,confounded,logger12_balanced,0,oracle_reward_fixed_learn_behavior,-1.349076747894287,-1.2330399751663208,-1.2714242935180664,0.01226965018059968
0.0,0.005,confounded,logger12_balanced,0,oracle_compatible_plugin,-1.353724479675293,-1.2355269193649292,-1.2743555307388306,0.01231352370993874
0.0,0.005,confounded,logger12_balanced,0,oracle_initialized_joint,-1.9258137941360474,-1.5581109523773193,-1.7018892765045166,0.011044775096294713
0.0,0.005,confounded,logger12_balanced,0,oracle_u_aware_ceiling,-1.3833144987856383,-1.2649839328843508,-1.2924696474208048,0.012547145156023832
0.0,0.005,confounded,logger12_balanced,1,current_random_init,-1.4029792547225952,-1.2803776264190674,-1.3201348781585693,0.009909303507945826
0.0,0.005,confounded,logger12_balanced,1,collapsed_constrained_reference,-1.1788287162780762,-1.073747158050537,-1.0888612270355225,0.020726598168148758
0.0,0.005,confounded,logger12_balanced,1,true_behavior_fixed,-1.3470664024353027,-1.2559257745742798,-1.2698311805725098,0.012844865354562394
0.0,0.005,confounded,logger12_balanced,1,true_behavior_fixed_em,-1.2737256288528442,-1.1974363327026367,-1.2268537282943726,0.011785013021567977
0.0,0.005,confounded,logger12_balanced,1,oracle_reward_fixed_learn_behavior,-1.3413612842559814,-1.2358115911483765,-1.2757785320281982,0.010097069661210187
0.0,0.005,confounded,logger12_balanced,1,oracle_compatible_plugin,-1.3461016416549683,-1.239206075668335,-1.2789793014526367,0.01005576696706559
0.0,0.005,confounded,logger12_balanced,1,oracle_initialized_joint,-1.9648139476776123,-1.5752460956573486,-1.7130602598190308,0.009813074418723297
0.0,0.005,confounded,logger12_balanced,1,oracle_u_aware_ceiling,-1.4179393628428458,-1.3024809776962962,-1.3491500336380768,0.009924690131803738
0.0,0.005,confounded,logger12_balanced,2,current_random_init,-1.3943816423416138,-1.274733304977417,-1.2951416969299316,0.011595160821162062
0.0,0.005,confounded,logger12_balanced,2,collapsed_constrained_reference,-1.3340116739273071,-1.2269924879074097,-1.2498582601547241,0.012267996284074878
0.0,0.005,confounded,logger12_balanced,2,true_behavior_fixed,-1.117398977279663,-0.8591299653053284,-0.990010678768158,0.020390455121233383
0.0,0.005,confounded,logger12_balanced,2,true_behavior_fixed_em,-1.3476988077163696,-1.2276313304901123,-1.2704854011535645,0.013483872939862402
0.0,0.005,confounded,logger12_balanced,2,oracle_reward_fixed_learn_behavior,-1.3229384422302246,-1.227102518081665,-1.2462232112884521,0.012685551380284852
0.0,0.005,confounded,logger12_balanced,2,oracle_compatible_plugin,-1.3278305530548096,-1.2301324605941772,-1.2497721910476685,0.012722697229262295
0.0,0.005,confounded,logger12_balanced,2,oracle_initialized_joint,-1.8410162925720215,-1.471261978149414,-1.6055378913879395,0.012476187473680258
0.0,0.005,confounded,logger12_balanced,2,oracle_u_aware_ceiling,-1.428593919185833,-1.3089157127513438,-1.3293497239661638,0.010221655122749012
0.0,0.005,confounded,logger12_balanced,3,current_random_init,-1.393800139427185,-1.260826587677002,-1.3265674114227295,0.01075483301417623
0.0,0.005,confounded,logger12_balanced,3,collapsed_constrained_reference,-1.3344340324401855,-1.2448209524154663,-1.2699215412139893,0.011742222791919943
0.0,0.005,confounded,logger12_balanced,3,true_behavior_fixed,-1.3342751264572144,-1.2274541854858398,-1.2495065927505493,0.014365330310728138
0.0,0.005,confounded,logger12_balanced,3,true_behavior_fixed_em,-1.3682122230529785,-1.2638740539550781,-1.3184067010879517,0.01070490061927661
0.0,0.005,confounded,logger12_balanced,3,oracle_reward_fixed_learn_behavior,-1.3319201469421387,-1.2207727432250977,-1.26447594165802,0.012530620064685062
0.0,0.005,confounded,logger12_balanced,3,oracle_compatible_plugin,-1.336692452430725,-1.222971796989441,-1.2678942680358887,0.012451150042577153
0.0,0.005,confounded,logger12_balanced,3,oracle_initialized_joint,-1.9853830337524414,-1.5885709524154663,-1.7244799137115479,0.010640193049190854
0.0,0.005,confounded,logger12_balanced,3,oracle_u_aware_ceiling,-1.393828687704602,-1.2736681327709984,-1.3214257214767002,0.010228434213784948
0.0,0.005,confounded,logger12_balanced,4,current_random_init,-1.4075289964675903,-1.3024506568908691,-1.3100568056106567,0.009748903692004662
0.0,0.005,confounded,logger12_balanced,4,collapsed_constrained_reference,-1.2699931859970093,-1.150789499282837,-1.2009797096252441,0.014599100724024419
0.0,0.005,confounded,logger12_balanced,4,true_behavior_fixed,-1.366828203201294,-1.2667123079299927,-1.2735846042633057,0.013629689901892169
0.0,0.005,confounded,logger12_balanced,4,true_behavior_fixed_em,-1.291624903678894,-1.1891816854476929,-1.2251969575881958,0.014682949184676193
0.0,0.005,confounded,logger12_balanced,4,oracle_reward_fixed_learn_behavior,-1.3362666368484497,-1.2430613040924072,-1.257749080657959,0.015221636801784694
0.0,0.005,confounded,logger12_balanced,4,oracle_compatible_plugin,-1.3397927284240723,-1.2442845106124878,-1.2578762769699097,0.015317737022975897
0.0,0.005,confounded,logger12_balanced,4,oracle_initialized_joint,-1.6174160242080688,-1.4248772859573364,-1.4564634561538696,0.013089808246611651
0.0,0.005,confounded,logger12_balanced,4,oracle_u_aware_ceiling,-1.410872987385316,-1.3061059909427182,-1.320956572030584,0.011069293268164337
0.0,0.01,confounded,logger12_balanced,0,current_random_init,-1.30817449092865,-1.1844679117202759,-1.2258301973342896,0.012689292265882895
0.0,0.01,confounded,logger12_balanced,0,collapsed_constrained_reference,-1.2925479412078857,-1.1818149089813232,-1.2381070852279663,0.012404048907262405
0.0,0.01,confounded,logger12_balanced,0,true_behavior_fixed,-1.2996485233306885,-1.1903817653656006,-1.2184587717056274,0.014528084889036898
0.0,0.01,confounded,logger12_balanced,0,true_behavior_fixed_em,-1.3450804948806763,-1.240096092224121,-1.2670868635177612,0.011949380750706706
0.0,0.01,confounded,logger12_balanced,0,oracle_reward_fixed_learn_behavior,-1.3230977058410645,-1.2192158699035645,-1.251233696937561,0.012761371479300836
0.0,0.01,confounded,logger12_balanced,0,oracle_compatible_plugin,-1.3237849473953247,-1.2198060750961304,-1.251941204071045,0.012769832956689594
0.0,0.01,confounded,logger12_balanced,0,oracle_initialized_joint,-1.60326087474823,-1.4022241830825806,-1.4833658933639526,0.011135916229492362
0.0,0.01,confounded,logger12_balanced,0,oracle_u_aware_ceiling,-1.3393607304305886,-1.2302633245577907,-1.2630819607601462,0.010441064452096119
0.0,0.01,confounded,logger12_balanced,1,current_random_init,-1.3092795610427856,-1.2072267532348633,-1.2290048599243164,0.010647036163124709
0.0,0.01,confounded,logger12_balanced,1,collapsed_constrained_reference,-1.1980509757995605,-1.0952043533325195,-1.1113922595977783,0.020247505429206773
0.0,0.01,confounded,logger12_balanced,1,true_behavior_fixed,-1.2767467498779297,-1.1910821199417114,-1.2115296125411987,0.01578120242016256
0.0,0.01,confounded,logger12_balanced,1,true_behavior_fixed_em,-1.2334493398666382,-1.1454123258590698,-1.1797369718551636,0.014671903192958415
0.0,0.01,confounded,logger12_balanced,1,oracle_reward_fixed_learn_behavior,-1.2503381967544556,-1.160431981086731,-1.1953262090682983,0.011694840221636499
0.0,0.01,confounded,logger12_balanced,1,oracle_compatible_plugin,-1.253697156906128,-1.162914752960205,-1.1981332302093506,0.011748090141084256
0.0,0.01,confounded,logger12_balanced,1,oracle_initialized_joint,-1.8148105144500732,-1.4511076211929321,-1.5336626768112183,0.012056771715342906
0.0,0.01,confounded,logger12_balanced,1,oracle_u_aware_ceiling,-1.3887586018034679,-1.2747979846623072,-1.3078277179681503,0.010030068453288174
0.0,0.01,confounded,logger12_balanced,2,current_random_init,-1.3302667140960693,-1.2085355520248413,-1.2465709447860718,0.012430605428231241
0.0,0.01,confounded,logger12_balanced,2,collapsed_constrained_reference,-1.0969873666763306,-0.867331326007843,-0.9769015312194824,0.020301899112958707
0.0,0.01,confounded,logger12_balanced,2,true_behavior_fixed,-0.9460862278938293,-0.6640902757644653,-0.8243077993392944,0.02557182801673827
0.0,0.01,confounded,logger12_balanced,2,true_behavior_fixed_em,-1.0963268280029297,-1.0364375114440918,-1.0471217632293701,0.011664595111317101
0.0,0.01,confounded,logger12_balanced,2,oracle_reward_fixed_learn_behavior,-1.257008671760559,-1.177850365638733,-1.19375741481781,0.014033090646039874
0.0,0.01,confounded,logger12_balanced,2,oracle_compatible_plugin,-1.260150671005249,-1.1802772283554077,-1.1961411237716675,0.014069962251306948
0.0,0.01,confounded,logger12_balanced,2,oracle_initialized_joint,-1.5703339576721191,-1.4147447347640991,-1.4246745109558105,0.012414240042415061
0.0,0.01,confounded,logger12_balanced,2,oracle_u_aware_ceiling,-1.3702037590622898,-1.2531838397828567,-1.2717604340427056,0.011281207386122054
0.0,0.01,confounded,logger12_balanced,3,current_random_init,-1.3647053241729736,-1.2296618223190308,-1.2944145202636719,0.010669097438866685
0.0,0.01,confounded,logger12_balanced,3,collapsed_constrained_reference,-1.2047362327575684,-1.0918457508087158,-1.1444348096847534,0.017620661491361458
0.0,0.01,confounded,logger12_balanced,3,true_behavior_fixed,-1.3065274953842163,-1.2063816785812378,-1.2297210693359375,0.015060949725478244
0.0,0.01,confounded,logger12_balanced,3,true_behavior_fixed_em,-1.2108961343765259,-1.1376925706863403,-1.1556683778762817,0.016444476346021118
0.0,0.01,confounded,logger12_balanced,3,oracle_reward_fixed_learn_behavior,-1.3231258392333984,-1.215316653251648,-1.2596328258514404,0.012824950036715545
0.0,0.01,confounded,logger12_balanced,3,oracle_compatible_plugin,-1.3242679834365845,-1.215965986251831,-1.2605987787246704,0.012944399062676531
0.0,0.01,confounded,logger12_balanced,3,oracle_initialized_joint,-1.810880422592163,-1.4870038032531738,-1.6067578792572021,0.011971094392754131
0.0,0.01,confounded,logger12_balanced,3,oracle_u_aware_ceiling,-1.3566984099150134,-1.2453559449944465,-1.2899936506685414,0.010309591608968799
0.0,0.01,confounded,logger12_balanced,4,current_random_init,-1.3384809494018555,-1.230071783065796,-1.2476191520690918,0.01163018208049962
0.0,0.01,confounded,logger12_balanced,4,collapsed_constrained_reference,-1.2693604230880737,-1.1564688682556152,-1.1961201429367065,0.014433129802908224
0.0,0.01,confounded,logger12_balanced,4,true_behavior_fixed,-1.3212083578109741,-1.1941367387771606,-1.2396975755691528,0.012620323003173
0.0,0.01,confounded,logger12_balanced,4,true_behavior_fixed_em,-1.254601240158081,-1.1697587966918945,-1.1893993616104126,0.012365191634557458
0.0,0.01,confounded,logger12_balanced,4,oracle_reward_fixed_learn_behavior,-1.3153717517852783,-1.2219194173812866,-1.2313967943191528,0.013690972821326718
0.0,0.01,confounded,logger12_balanced,4,oracle_compatible_plugin,-1.3176769018173218,-1.2236472368240356,-1.2326724529266357,0.013745435391822197
0.0,0.01,confounded,logger12_balanced,4,oracle_initialized_joint,-1.8376758098602295,-1.457430362701416,-1.4863063097000122,0.011999730724891765
0.0,0.01,confounded,logger12_balanced,4,oracle_u_aware_ceiling,-1.3443292280876684,-1.2451109395395292,-1.255128493478286,0.011642371689330553
0.0,0.02,confounded,logger12_balanced,0,current_random_init,-1.2124407291412354,-1.0899022817611694,-1.1377947330474854,0.01287850561984335
0.0,0.02,confounded,logger12_balanced,0,collapsed_constrained_reference,-1.1469460725784302,-1.0433566570281982,-1.1004321575164795,0.013440505953130026
0.0,0.02,confounded,logger12_balanced,0,true_behavior_fixed,-1.1648368835449219,-1.0607731342315674,-1.090896487236023,0.016552895056682317
0.0,0.02,confounded,logger12_balanced,0,true_behavior_fixed_em,-1.1584064960479736,-1.038611650466919,-1.0805866718292236,0.017309236681907047
0.0,0.02,confounded,logger12_balanced,0,oracle_reward_fixed_learn_behavior,-1.236472725868225,-1.1376006603240967,-1.1633278131484985,0.012547668820384333
0.0,0.02,confounded,logger12_balanced,0,oracle_compatible_plugin,-1.2190111875534058,-1.1255344152450562,-1.1513946056365967,0.011554994802762541
0.0,0.02,confounded,logger12_balanced,0,oracle_initialized_joint,-1.6040173768997192,-1.2716987133026123,-1.44058096408844,0.010423431363323628
0.0,0.02,confounded,logger12_balanced,0,oracle_u_aware_ceiling,-1.2441055969633392,-1.1419418451187506,-1.1740296664825882,0.011759973073683766
0.0,0.02,confounded,logger12_balanced,1,current_random_init,-1.232003927230835,-1.1085655689239502,-1.1430615186691284,0.012531354543820754
0.0,0.02,confounded,logger12_balanced,1,collapsed_constrained_reference,-1.0134646892547607,-0.8752711415290833,-0.9229737520217896,0.023434377520429945
0.0,0.02,confounded,logger12_balanced,1,true_behavior_fixed,-1.165482997894287,-1.0553302764892578,-1.0946733951568604,0.01546143826608929
0.0,0.02,confounded,logger12_balanced,1,true_behavior_fixed_em,-1.0806258916854858,-0.9952515363693237,-1.0038691759109497,0.019577404133184644
0.0,0.02,confounded,logger12_balanced,1,oracle_reward_fixed_learn_behavior,-1.2255192995071411,-1.139665126800537,-1.172633171081543,0.012669584213185696
0.0,0.02,confounded,logger12_balanced,1,oracle_compatible_plugin,-1.2090191841125488,-1.12850022315979,-1.160607099533081,0.011980534117623929
0.0,0.02,confounded,logger12_balanced,1,oracle_initialized_joint,-1.547507405281067,-1.2393100261688232,-1.3488335609436035,0.012952417657699706
0.0,0.02,confounded,logger12_balanced,1,oracle_u_aware_ceiling,-1.2641817263504749,-1.1674884690813294,-1.1960206355244196,0.009978374006259158
0.0,0.02,confounded,logger12_balanced,2,current_random_init,-1.2233116626739502,-1.1009914875030518,-1.150659203529358,0.01182639877889631
0.0,0.02,confounded,logger12_balanced,2,collapsed_constrained_reference,-1.1201964616775513,-1.01793372631073,-1.0609599351882935,0.015777795603345014
0.0,0.02,confounded,logger12_balanced,2,true_behavior_fixed,-1.2050883769989014,-1.1146680116653442,-1.1330857276916504,0.013347743350871969
0.0,0.02,confounded,logger12_balanced,2,true_behavior_fixed_em,-1.137390375137329,-1.0501680374145508,-1.0624942779541016,0.014957323306553468
0.0,0.02,confounded,logger12_balanced,2,oracle_reward_fixed_learn_behavior,-1.1955134868621826,-1.1237777471542358,-1.1265803575515747,0.013547422211801276
0.0,0.02,confounded,logger12_balanced,2,oracle_compatible_plugin,-1.183364748954773,-1.114965796470642,-1.118291974067688,0.013255680185972818
0.0,0.02,confounded,logger12_balanced,2,oracle_initialized_joint,-1.7459338903427124,-1.3159292936325073,-1.466272234916687,0.01004967471437282
0.0,0.02,confounded,logger12_balanced,2,oracle_u_aware_ceiling,-1.2635516905905415,-1.1531207191541237,-1.1816419411640933,0.010723714719474694
0.0,0.02,confounded,logger12_balanced,3,current_random_init,-1.235082745552063,-1.1175792217254639,-1.149742841720581,0.01225969324076496
0.0,0.02,confounded,logger12_balanced,3,collapsed_constrained_reference,-1.1088601350784302,-1.0437806844711304,-1.0475025177001953,0.017589350167247525
0.0,0.02,confounded,logger12_balanced,3,true_behavior_fixed,-1.1690770387649536,-1.0643552541732788,-1.1210495233535767,0.014279579047680973
0.0,0.02,confounded,logger12_balanced,3,true_behavior_fixed_em,-1.0991746187210083,-0.9951395988464355,-1.054575800895691,0.016060988054712302
0.0,0.02,confounded,logger12_balanced,3,oracle_reward_fixed_learn_behavior,-1.2065740823745728,-1.1053670644760132,-1.1480919122695923,0.011788423882287558
0.0,0.02,confounded,logger12_balanced,3,oracle_compatible_plugin,-1.1862504482269287,-1.0922226905822754,-1.1320409774780273,0.010596580515045423
0.0,0.02,confounded,logger12_balanced,3,oracle_initialized_joint,-1.5425772666931152,-1.2929655313491821,-1.3770992755889893,0.012167022649281944
0.0,0.02,confounded,logger12_balanced,3,oracle_u_aware_ceiling,-1.2625559901241281,-1.1666037122763881,-1.1932926661714287,0.010080741915347373
0.0,0.02,confounded,logger12_balanced,4,current_random_init,-1.2305330038070679,-1.1225974559783936,-1.1496667861938477,0.012646886186899898
0.0,0.02,confounded,logger12_balanced,4,collapsed_constrained_reference,-1.1618092060089111,-1.0584173202514648,-1.0891813039779663,0.014567023807578114
0.0,0.02,confounded,logger12_balanced,4,true_behavior_fixed,-1.182959794998169,-1.0726975202560425,-1.1134557723999023,0.013815478193011549
0.0,0.02,confounded,logger12_balanced,4,true_behavior_fixed_em,-1.1499592065811157,-1.0712459087371826,-1.0849716663360596,0.013314750662236769
0.0,0.02,confounded,logger12_balanced,4,oracle_reward_fixed_learn_behavior,-1.1975289583206177,-1.1069179773330688,-1.1191049814224243,0.01618709697470098
0.0,0.02,confounded,logger12_balanced,4,oracle_compatible_plugin,-1.1890950202941895,-1.102295994758606,-1.1140131950378418,0.01598396118980086
0.0,0.02,confounded,logger12_balanced,4,oracle_initialized_joint,-1.3942762613296509,-1.2135215997695923,-1.2605284452438354,0.014685361640535303
0.0,0.02,confounded,logger12_balanced,4,oracle_u_aware_ceiling,-1.2596212902055968,-1.164713858502359,-1.1711884587144648,0.011174186087839868
0.0,0.05,confounded,logger12_balanced,0,current_random_init,-0.6498897075653076,-0.5653622150421143,-0.5876786112785339,0.017881544169541828
0.0,0.05,confounded,logger12_balanced,0,collapsed_constrained_reference,-0.6444482803344727,-0.5726711750030518,-0.5943281054496765,0.018555959061562863
0.0,0.05,confounded,logger12_balanced,0,true_behavior_fixed,-0.7194395661354065,-0.6635181307792664,-0.6724778413772583,0.015766431745616025
0.0,0.05,confounded,logger12_balanced,0,true_behavior_fixed_em,-0.682611346244812,-0.6346142292022705,-0.6311659216880798,0.019069357799258425
0.0,0.05,confounded,logger12_balanced,0,oracle_reward_fixed_learn_behavior,-0.9123499989509583,-0.8348184823989868,-0.8682437539100647,0.010748266290656283
0.0,0.05,confounded,logger12_balanced,0,oracle_compatible_plugin,-0.9114240407943726,-0.8343110680580139,-0.8673248887062073,0.010659988511400698
0.0,0.05,confounded,logger12_balanced,0,oracle_initialized_joint,-2.137692928314209,-1.0124815702438354,-1.170581579208374,0.009159740418896455
0.0,0.05,confounded,logger12_balanced,0,oracle_u_aware_ceiling,-0.9398526769129109,-0.857201247473905,-0.8757165729707046,0.01262541429568769
0.0,0.05,confounded,logger12_balanced,1,current_random_init,-0.6908779144287109,-0.5987250208854675,-0.608165442943573,0.01801403300546076
0.0,0.05,confounded,logger12_balanced,1,collapsed_constrained_reference,-0.6378768682479858,-0.5850129723548889,-0.5887218713760376,0.019853568096163475
0.0,0.05,confounded,logger12_balanced,1,true_behavior_fixed,-0.6856878399848938,-0.6264727711677551,-0.6572306752204895,0.01904980451049174
0.0,0.05,confounded,logger12_balanced,1,true_behavior_fixed_em,-0.6510767340660095,-0.6066415309906006,-0.6190105080604553,0.015406522407624787
0.0,0.05,confounded,logger12_balanced,1,oracle_reward_fixed_learn_behavior,-0.8846896290779114,-0.807918906211853,-0.8385847210884094,0.01104311670907757
0.0,0.05,confounded,logger12_balanced,1,oracle_compatible_plugin,-0.8828174471855164,-0.8066824674606323,-0.8370269536972046,0.010991767714256891
0.0,0.05,confounded,logger12_balanced,1,oracle_initialized_joint,-1.4306460618972778,-1.1261508464813232,-1.1977146863937378,0.011559133557366427
0.0,0.05,confounded,logger12_balanced,1,oracle_u_aware_ceiling,-0.9441299345808644,-0.8611130709953839,-0.8751950414708415,0.012596591636798004
0.0,0.05,confounded,logger12_balanced,2,current_random_init,-0.698887288570404,-0.607369601726532,-0.6329202055931091,0.016888795254235672
0.0,0.05,confounded,logger12_balanced,2,collapsed_constrained_reference,-0.6489854454994202,-0.573440432548523,-0.601303219795227,0.01869827077831347
0.0,0.05,confounded,logger12_balanced,2,true_behavior_fixed,-0.7016316652297974,-0.629112958908081,-0.6600173115730286,0.017081387003692338
0.0,0.05,confounded,logger12_balanced,2,true_behavior_fixed_em,-0.7008280754089355,-0.6319929957389832,-0.6615206003189087,0.016704470820622937
0.0,0.05,confounded,logger12_balanced,2,oracle_reward_fixed_learn_behavior,-0.8860575556755066,-0.820395290851593,-0.8292962908744812,0.012303782171127882
0.0,0.05,confounded,logger12_balanced,2,oracle_compatible_plugin,-0.8842495679855347,-0.8186817765235901,-0.8275858163833618,0.012414516148646715
0.0,0.05,confounded,logger12_balanced,2,oracle_initialized_joint,-1.7966054677963257,-1.109465479850769,-1.2100272178649902,0.010699243735096835
0.0,0.05,confounded,logger12_balanced,2,oracle_u_aware_ceiling,-0.9667574738171623,-0.868145684297096,-0.8961355708563249,0.009827301292215172
0.0,0.05,confounded,logger12_balanced,3,current_random_init,-0.6803767085075378,-0.6058443188667297,-0.614858865737915,0.01824002076950921
0.0,0.05,confounded,logger12_balanced,3,collapsed_constrained_reference,-0.6474038362503052,-0.5708028078079224,-0.5838805437088013,0.020194221573369857
0.0,0.05,confounded,logger12_balanced,3,true_behavior_fixed,-0.7025696039199829,-0.6450268626213074,-0.6667898297309875,0.016694411752162186
0.0,0.05,confounded,logger12_balanced,3,true_behavior_fixed_em,-0.6971258521080017,-0.629582941532135,-0.657861590385437,0.016710397755972054
0.0,0.05,confounded,logger12_balanced,3,oracle_reward_fixed_learn_behavior,-0.9081424474716187,-0.8351356387138367,-0.8624187707901001,0.010509066844026051
0.0,0.05,confounded,logger12_balanced,3,oracle_compatible_plugin,-0.9069049954414368,-0.8343226909637451,-0.861161470413208,0.010453916920366322
0.0,0.05,confounded,logger12_balanced,3,oracle_initialized_joint,-1.8083869218826294,-1.2199913263320923,-1.3861266374588013,0.009197866706012164
0.0,0.05,confounded,logger12_balanced,3,oracle_u_aware_ceiling,-0.9481460362314054,-0.8564495594130056,-0.8696055234837161,0.012366144957386345
0.0,0.05,confounded,logger12_balanced,4,current_random_init,-0.7027386426925659,-0.613330602645874,-0.635737955570221,0.016924459546144337
0.0,0.05,confounded,logger12_balanced,4,collapsed_constrained_reference,-0.5405723452568054,-0.438118577003479,-0.4766625463962555,0.03000914130435781
0.0,0.05,confounded,logger12_balanced,4,true_behavior_fixed,-0.6590588092803955,-0.578366219997406,-0.6122432351112366,0.02321787172513158
0.0,0.05,confounded,logger12_balanced,4,true_behavior_fixed_em,-0.6596827507019043,-0.6044734716415405,-0.6117910146713257,0.020992932278891974
0.0,0.05,confounded,logger12_balanced,4,oracle_reward_fixed_learn_behavior,-0.8971338272094727,-0.8241002559661865,-0.8410592079162598,0.012324373473378317
0.0,0.05,confounded,logger12_balanced,4,oracle_compatible_plugin,-0.8959209322929382,-0.823215663433075,-0.8400196433067322,0.012260657533362782
0.0,0.05,confounded,logger12_balanced,4,oracle_initialized_joint,-1.518932580947876,-1.200967788696289,-1.2504849433898926,0.010703514292859673
0.0,0.05,confounded,logger12_balanced,4,oracle_u_aware_ceiling,-0.9449960196920769,-0.8763926409404919,-0.8771751406240648,0.011792990904037319
0.0,0.1,confounded,logger12_balanced,0,current_random_init,-0.04821037873625755,0.022068344056606293,0.016293954104185104,0.028128033326617077
0.0,0.1,confounded,logger12_balanced,0,collapsed_constrained_reference,-0.004356049001216888,0.037707775831222534,0.02671309933066368,0.03101195950915804
0.0,0.1,confounded,logger12_balanced,0,true_behavior_fixed,-0.6090856194496155,-0.5366408228874207,-0.5665663480758667,0.013901492634153356
0.0,0.1,confounded,logger12_balanced,0,true_behavior_fixed_em,-0.21471662819385529,-0.17532601952552795,-0.1867642104625702,0.02029549596111297
0.0,0.1,confounded,logger12_balanced,0,oracle_reward_fixed_learn_behavior,-0.8650205731391907,-0.7704089283943176,-0.7982708811759949,0.012348847065579708
0.0,0.1,confounded,logger12_balanced,0,oracle_compatible_plugin,-0.8650859594345093,-0.7704494595527649,-0.7983382344245911,0.012357361006671319
0.0,0.1,confounded,logger12_balanced,0,oracle_initialized_joint,-1.3945789337158203,-1.0148159265518188,-1.2046483755111694,0.012105898793244913
0.0,0.1,confounded,logger12_balanced,0,oracle_u_aware_ceiling,-0.9400801462014216,-0.8325392223877403,-0.8724907646144463,0.010252722719894136
0.0,0.1,confounded,logger12_balanced,1,current_random_init,-0.055736783891916275,0.0037090519908815622,0.0033386058639734983,0.027060064956187305
0.0,0.1,confounded,logger12_balanced,1,collapsed_constrained_reference,0.00408116914331913,0.04033747315406799,0.045125462114810944,0.033526065960413756
0.0,0.1,confounded,logger12_balanced,1,true_behavior_fixed,-0.5152397751808167,-0.4391290843486786,-0.4623262882232666,0.02242508419176951
0.0,0.1,confounded,logger12_balanced,1,true_behavior_fixed_em,-0.21192577481269836,-0.18501952290534973,-0.19514451920986176,0.018248833417605657
0.0,0.1,confounded,logger12_balanced,1,oracle_reward_fixed_learn_behavior,-0.8532990217208862,-0.7572290897369385,-0.7764440774917603,0.011809245203662085
0.0,0.1,confounded,logger12_balanced,1,oracle_compatible_plugin,-0.8533467650413513,-0.7572545409202576,-0.7764987945556641,0.011850635973058875
0.0,0.1,confounded,logger12_balanced,1,oracle_initialized_joint,-1.137189269065857,-0.960724949836731,-0.993301272392273,0.011323657966744142
0.0,0.1,confounded,logger12_balanced,1,oracle_u_aware_ceiling,-0.936887690949973,-0.8335261383767927,-0.8579488187185976,0.010195090608419981
0.0,0.1,confounded,logger12_balanced,2,current_random_init,-0.06645657122135162,0.010741738602519035,0.001714454498142004,0.026776143671938615
0.0,0.1,confounded,logger12_balanced,2,collapsed_constrained_reference,-0.019415685907006264,0.025118010118603706,0.02482644096016884,0.030452550727532602
0.0,0.1,confounded,logger12_balanced,2,true_behavior_fixed,-0.5842952728271484,-0.5211659073829651,-0.5449048280715942,0.015667420077149732
0.0,0.1,confounded,logger12_balanced,2,true_behavior_fixed_em,-0.21756099164485931,-0.18821419775485992,-0.20096367597579956,0.016901696139936497
0.0,0.1,confounded,logger12_balanced,2,oracle_reward_fixed_learn_behavior,-0.8757826685905457,-0.7969600558280945,-0.8141123056411743,0.01134305521856413
0.0,0.1,confounded,logger12_balanced,2,oracle_compatible_plugin,-0.8758308291435242,-0.7969839572906494,-0.8141633868217468,0.011354915576131545
0.0,0.1,confounded,logger12_balanced,2,oracle_initialized_joint,-1.4247230291366577,-1.024552583694458,-1.1904733180999756,0.01132128118386429
0.0,0.1,confounded,logger12_balanced,2,oracle_u_aware_ceiling,-0.9259239525214925,-0.8183157884580141,-0.8379827215899558,0.012344925228348024
0.0,0.1,confounded,logger12_balanced,3,current_random_init,-0.05041387677192688,0.006140456069260836,0.015141776762902737,0.028752693858284016
0.0,0.1,confounded,logger12_balanced,3,collapsed_constrained_reference,-0.027400052174925804,0.021899808198213577,0.01901763491332531,0.029317337410256408
0.0,0.1,confounded,logger12_balanced,3,true_behavior_fixed,-0.5633907914161682,-0.49209800362586975,-0.5354555249214172,0.01477121522772657
0.0,0.1,confounded,logger12_balanced,3,true_behavior_fixed_em,-0.21601323783397675,-0.18292362987995148,-0.2003237009048462,0.017747700675728638
0.0,0.1,confounded,logger12_balanced,3,oracle_reward_fixed_learn_behavior,-0.8793534636497498,-0.7875727415084839,-0.8185380101203918,0.011928921264910375
0.0,0.1,confounded,logger12_balanced,3,oracle_compatible_plugin,-0.8793959021568298,-0.7875884175300598,-0.8185814023017883,0.011891030483358584
0.0,0.1,confounded,logger12_balanced,3,oracle_initialized_joint,-1.4967217445373535,-1.109948992729187,-1.242003321647644,0.01096935767749497
0.0,0.1,confounded,logger12_balanced,3,oracle_u_aware_ceiling,-0.9337500460874268,-0.8348412339154554,-0.8435738628707925,0.010986100566048313
0.0,0.1,confounded,logger12_balanced,4,current_random_init,-0.05086789280176163,0.0032890220172703266,0.0006170416017994285,0.026586944865260018
0.0,0.1,confounded,logger12_balanced,4,collapsed_constrained_reference,-0.01198336947709322,0.0337815023958683,0.03429975360631943,0.03296595234851106
0.0,0.1,confounded,logger12_balanced,4,true_behavior_fixed,-0.5945329070091248,-0.5311119556427002,-0.5526573657989502,0.016081917320098518
0.0,0.1,confounded,logger12_balanced,4,true_behavior_fixed_em,-0.18594631552696228,-0.14743606746196747,-0.1667114645242691,0.023951186148085772
0.0,0.1,confounded,logger12_balanced,4,oracle_reward_fixed_learn_behavior,-0.9030470252037048,-0.8021524548530579,-0.8198414444923401,0.01105644385811404
0.0,0.1,confounded,logger12_balanced,4,oracle_compatible_plugin,-0.9031322002410889,-0.8021868467330933,-0.8199345469474792,0.011022314960456194
0.0,0.1,confounded,logger12_balanced,4,oracle_initialized_joint,-1.4633240699768066,-1.0626636743545532,-1.0969103574752808,0.012197818238037684
0.0,0.1,confounded,logger12_balanced,4,oracle_u_aware_ceiling,-0.9074123510578875,-0.8320177924159721,-0.8201822555387556,0.01099467360263146
