condition,data_label,samples_per_anchor_source,contrast,metric,n_model_seeds,mean_difference,difference_seed_sd,action_min_better_seed_count,seed_differences
confounded,n128,128,action_level_min_minus_pooled_balanced,regret_mean,3,-0.036578833045453285,0.044063986022015465,3,"[-0.00029800361332499303,-0.023825705945532905,-0.08561278957750196]"
confounded,n128,128,action_level_min_minus_pooled_balanced,regret_median,3,0.0025734873808621237,0.1352568981527552,1,"[0.08298394999320635,0.07832103363847409,-0.15358452148909407]"
confounded,n128,128,action_level_min_minus_pooled_balanced,regret_p90,3,-0.1480003714538877,0.08792153723732067,3,"[-0.23422733967394738,-0.058476983510126646,-0.1512967911775891]"
confounded,n128,128,action_level_min_minus_pooled_balanced,regret_cvar90,3,-0.23825483497508534,0.17159854493210158,3,"[-0.33446305544199006,-0.040137244151527085,-0.34016420533173886]"
confounded,n128,128,action_level_min_minus_source_3,regret_mean,3,0.020255978209237042,0.0076977496008613635,0,"[0.02605326053413226,0.02319248804326368,0.011522186050315186]"
confounded,n128,128,action_level_min_minus_source_3,regret_median,3,0.07287544507222303,0.12049450025833536,1,"[0.10993027909235309,0.1704907379035916,-0.061794681779275606]"
confounded,n128,128,action_level_min_minus_source_3,regret_p90,3,0.16326116779140434,0.11001630150407322,0,"[0.09793510881106604,0.2902797276452367,0.10156866691791033]"
confounded,n128,128,action_level_min_minus_source_3,regret_cvar90,3,-0.4072942315845296,0.4762159662229079,2,"[-0.51555466335898,-0.8200595132871022,0.11373148189249349]"
confounded,n16,16,action_level_min_minus_pooled_balanced,regret_mean,3,-0.024234919821776946,0.09595460742175102,2,"[-0.09785172498331607,-0.05913921614307316,0.08428618166105839]"
confounded,n16,16,action_level_min_minus_pooled_balanced,regret_median,3,0.03828805496637718,0.04749089634096641,1,"[-0.012697216173933157,0.08126673726900435,0.04629464380406034]"
confounded,n16,16,action_level_min_minus_pooled_balanced,regret_p90,3,-0.3160748596249959,0.2678672084432367,3,"[-0.6224433471751354,-0.1997227178311114,-0.1260585138687409]"
confounded,n16,16,action_level_min_minus_pooled_balanced,regret_cvar90,3,-0.4959592876815317,1.0172827217318339,2,"[-0.9514992969134752,-1.2058601266593278,0.6694815605282081]"
confounded,n16,16,action_level_min_minus_source_3,regret_mean,3,-0.022955380272021892,0.14899145709953027,2,"[0.14789395018416318,-0.09087764564620526,-0.1258824453540236]"
confounded,n16,16,action_level_min_minus_source_3,regret_median,3,-0.03020254852357122,0.1326857851485114,2,"[0.1096062109337197,-0.04583307944142234,-0.154380777063011]"
confounded,n16,16,action_level_min_minus_source_3,regret_p90,3,-0.11214403668707829,0.03400728086169645,3,"[-0.07338608041288253,-0.13698751577961144,-0.1260585138687409]"
confounded,n16,16,action_level_min_minus_source_3,regret_cvar90,3,0.04381909384580732,0.8642577897828781,2,"[0.9719838295440049,-0.7377915322026318,-0.10273501580395106]"
confounded,n32,32,action_level_min_minus_pooled_balanced,regret_mean,3,-0.03102838666657881,0.2346063363779927,2,"[-0.2213811825969776,0.2310746205609363,-0.10277859796369515]"
confounded,n32,32,action_level_min_minus_pooled_balanced,regret_median,3,0.04871362389848836,0.13910264330085378,1,"[-0.06190293775057398,0.20488085370618592,0.003162955739853146]"
confounded,n32,32,action_level_min_minus_pooled_balanced,regret_p90,3,-0.19059731067316643,0.6713574373445023,2,"[-0.8176020007868943,0.5177083368132978,-0.2718982680459028]"
confounded,n32,32,action_level_min_minus_pooled_balanced,regret_cvar90,3,-0.356199395069065,0.7629977603814139,2,"[-0.9798622839216264,0.49456528561947444,-0.5833011869050431]"
confounded,n32,32,action_level_min_minus_source_3,regret_mean,3,0.03723865558525963,0.008246160838806556,0,"[0.029417898867792447,0.03644520658171568,0.045852861306270754]"
confounded,n32,32,action_level_min_minus_source_3,regret_median,3,0.08518869009780398,0.08353912026396533,0,"[0.18063452925508727,0.04956343372941774,0.02536810730890693]"
confounded,n32,32,action_level_min_minus_source_3,regret_p90,3,0.09514398714989773,0.36237527442092665,1,"[-0.2615754790222138,0.4629219251478751,0.08408551532403186]"
confounded,n32,32,action_level_min_minus_source_3,regret_cvar90,3,-0.16196015672943412,0.2604312311529645,2,"[-0.41177752744366813,-0.18202694214899395,0.1079239994043597]"
confounded,n32_extra_compute,32,action_level_min_minus_pooled_balanced,regret_mean,1,-0.033447504394018335,0.0,1,[-0.033447504394018335]
confounded,n32_extra_compute,32,action_level_min_minus_pooled_balanced,regret_median,1,0.03950905414905037,0.0,0,[0.03950905414905037]
confounded,n32_extra_compute,32,action_level_min_minus_pooled_balanced,regret_p90,1,-0.33277382958779067,0.0,1,[-0.33277382958779067]
confounded,n32_extra_compute,32,action_level_min_minus_pooled_balanced,regret_cvar90,1,-0.8387215138127999,0.0,1,[-0.8387215138127999]
confounded,n32_extra_compute,32,action_level_min_minus_source_3,regret_mean,1,-0.10611054017515953,0.0,1,[-0.10611054017515953]
confounded,n32_extra_compute,32,action_level_min_minus_source_3,regret_median,1,-0.012668062071213626,0.0,1,[-0.012668062071213626]
confounded,n32_extra_compute,32,action_level_min_minus_source_3,regret_p90,1,-0.03971010229575955,0.0,1,[-0.03971010229575955]
confounded,n32_extra_compute,32,action_level_min_minus_source_3,regret_cvar90,1,-1.1058560046846786,0.0,1,[-1.1058560046846786]
confounded,n64,64,action_level_min_minus_pooled_balanced,regret_mean,3,0.05870859185575691,0.06606804285410528,1,"[0.1277994654864536,0.05217787746063285,-0.0038515673798157346]"
confounded,n64,64,action_level_min_minus_pooled_balanced,regret_median,3,0.041613271596096034,0.08021031188972763,1,"[0.11700911494875754,0.050501766795321146,-0.04267106695579059]"
confounded,n64,64,action_level_min_minus_pooled_balanced,regret_p90,3,-0.005697993724339619,0.2100174026444654,2,"[0.2272638285181805,-0.18052186883107812,-0.06383594086012123]"
confounded,n64,64,action_level_min_minus_pooled_balanced,regret_cvar90,3,0.3193121089449444,0.38225905410224265,1,"[-0.11504724388960952,0.6044693470793199,0.46851422364512274]"
confounded,n64,64,action_level_min_minus_source_3,regret_mean,3,0.04370378353773108,0.034596986415486704,0,"[0.052021723747922466,0.07338355413065978,0.00570607273461099]"
confounded,n64,64,action_level_min_minus_source_3,regret_median,3,0.07919975211223118,0.09645500300351006,1,"[0.11476740254579454,0.1528203813076061,-0.02998852751670711]"
confounded,n64,64,action_level_min_minus_source_3,regret_p90,3,-0.060153493993392836,0.0532646447778009,2,"[-0.07912662655174296,-0.10133385542843554,0.0]"
confounded,n64,64,action_level_min_minus_source_3,regret_cvar90,3,-0.11047652507450086,0.18355773363436964,2,"[-0.2538858480820174,-0.1739338631596823,0.09639013601819713]"
independent_latents,n128,128,action_level_min_minus_pooled_balanced,regret_mean,1,0.056279580044119815,0.0,0,[0.056279580044119815]
independent_latents,n128,128,action_level_min_minus_pooled_balanced,regret_median,1,0.14061276911951381,0.0,0,[0.14061276911951381]
independent_latents,n128,128,action_level_min_minus_pooled_balanced,regret_p90,1,0.14407484086608546,0.0,0,[0.14407484086608546]
independent_latents,n128,128,action_level_min_minus_pooled_balanced,regret_cvar90,1,-0.13275401640574813,0.0,1,[-0.13275401640574813]
independent_latents,n128,128,action_level_min_minus_source_3,regret_mean,1,0.03735207971266219,0.0,0,[0.03735207971266219]
independent_latents,n128,128,action_level_min_minus_source_3,regret_median,1,0.0895040488933887,0.0,0,[0.0895040488933887]
independent_latents,n128,128,action_level_min_minus_source_3,regret_p90,1,0.20564787993279232,0.0,0,[0.20564787993279232]
independent_latents,n128,128,action_level_min_minus_source_3,regret_cvar90,1,-0.39959820526225087,0.0,1,[-0.39959820526225087]
independent_latents,n32,32,action_level_min_minus_pooled_balanced,regret_mean,1,-0.29273654579338737,0.0,1,[-0.29273654579338737]
independent_latents,n32,32,action_level_min_minus_pooled_balanced,regret_median,1,-0.2122375790261799,0.0,1,[-0.2122375790261799]
independent_latents,n32,32,action_level_min_minus_pooled_balanced,regret_p90,1,-0.8612094048569701,0.0,1,[-0.8612094048569701]
independent_latents,n32,32,action_level_min_minus_pooled_balanced,regret_cvar90,1,-1.0997993851811039,0.0,1,[-1.0997993851811039]
independent_latents,n32,32,action_level_min_minus_source_3,regret_mean,1,-0.0931700779658089,0.0,1,[-0.0931700779658089]
independent_latents,n32,32,action_level_min_minus_source_3,regret_median,1,0.040212346017767686,0.0,0,[0.040212346017767686]
independent_latents,n32,32,action_level_min_minus_source_3,regret_p90,1,-0.5671319426197443,0.0,1,[-0.5671319426197443]
independent_latents,n32,32,action_level_min_minus_source_3,regret_cvar90,1,-0.9665475486483359,0.0,1,[-0.9665475486483359]
