kappa,lambda_reward,condition,seed,method,validation_nll
0.0,0.0,confounded,0,public_residual_init_nll_best,-1.6159281730651855
0.0,0.0,confounded,0,source_shuffle_initialization,-1.2997260093688965
0.0,0.0,confounded,0,no_staged_training,-1.6904802322387695
0.0,0.0,confounded,1,public_residual_init_nll_best,-1.5202630758285522
0.0,0.0,confounded,1,source_shuffle_initialization,-1.217308521270752
0.0,0.0,confounded,1,no_staged_training,-1.5777621269226074
0.0,0.0,confounded,2,public_residual_init_nll_best,-1.6398237943649292
0.0,0.0,confounded,2,source_shuffle_initialization,-1.337846040725708
0.0,0.0,confounded,2,no_staged_training,-1.4832931756973267
0.0,0.0,confounded,3,public_residual_init_nll_best,-1.5683797597885132
0.0,0.0,confounded,3,source_shuffle_initialization,-1.2854163646697998
0.0,0.0,confounded,3,no_staged_training,-1.5778844356536865
0.0,0.0,confounded,4,public_residual_init_nll_best,-1.492110013961792
0.0,0.0,confounded,4,source_shuffle_initialization,-1.1413419246673584
0.0,0.0,confounded,4,no_staged_training,-1.6037825345993042
0.0,0.0,confounded,-1,public_residual_init_uniform_candidate_ensemble,-1.4410167276859283
0.0,0.0,confounded,0,public_residual_init_uniform_candidate_ensemble,-1.4983936846256258
0.0,0.0,confounded,1,public_residual_init_uniform_candidate_ensemble,-1.4144948720932007
0.0,0.0,confounded,2,public_residual_init_uniform_candidate_ensemble,-1.4775661230087282
0.0,0.0,confounded,3,public_residual_init_uniform_candidate_ensemble,-1.5180261492729188
0.0,0.0,confounded,4,public_residual_init_uniform_candidate_ensemble,-1.2966028094291688
0.0,0.0,confounded,0,pooled_mlp,-1.8793988227844238
0.0,0.0,confounded,0,V0_random_init_mechanism,-1.207311749458313
0.0,0.0,confounded,0,V7_oracle_u_aware,
0.0,0.0,confounded,0,V1_explicit_collapsed,-1.2147594690322876
0.0,0.0,confounded,0,V6_oracle_initialized_joint,-1.5262211561203003
0.0,0.0,confounded,1,pooled_mlp,-1.9472931623458862
0.0,0.0,confounded,1,V0_random_init_mechanism,-1.2776614427566528
0.0,0.0,confounded,1,V7_oracle_u_aware,
0.0,0.0,confounded,1,V1_explicit_collapsed,-1.156744360923767
0.0,0.0,confounded,1,V6_oracle_initialized_joint,-1.492964506149292
0.0,0.0,confounded,2,pooled_mlp,-1.952760934829712
0.0,0.0,confounded,2,V0_random_init_mechanism,-1.274557113647461
0.0,0.0,confounded,2,V7_oracle_u_aware,
0.0,0.0,confounded,2,V1_explicit_collapsed,-1.209403395652771
0.0,0.0,confounded,2,V6_oracle_initialized_joint,-1.5700315237045288
0.0,0.0,confounded,3,pooled_mlp,-1.9167258739471436
0.0,0.0,confounded,3,V0_random_init_mechanism,-1.2666733264923096
0.0,0.0,confounded,3,V7_oracle_u_aware,
0.0,0.0,confounded,3,V1_explicit_collapsed,-1.2249091863632202
0.0,0.0,confounded,3,V6_oracle_initialized_joint,-1.5946334600448608
0.0,0.0,confounded,4,pooled_mlp,-1.9310619831085205
0.0,0.0,confounded,4,V0_random_init_mechanism,-1.2552595138549805
0.0,0.0,confounded,4,V7_oracle_u_aware,
0.0,0.0,confounded,4,V1_explicit_collapsed,-1.2098346948623657
0.0,0.0,confounded,4,V6_oracle_initialized_joint,-1.6193326711654663
0.0,0.002,confounded,0,public_residual_init_nll_best,-1.6102681159973145
0.0,0.002,confounded,0,source_shuffle_initialization,-1.29505455493927
0.0,0.002,confounded,0,no_staged_training,-1.6787941455841064
0.0,0.002,confounded,1,public_residual_init_nll_best,-1.585780143737793
0.0,0.002,confounded,1,source_shuffle_initialization,-1.2395620346069336
0.0,0.002,confounded,1,no_staged_training,-1.563467025756836
0.0,0.002,confounded,2,public_residual_init_nll_best,-1.6177891492843628
0.0,0.002,confounded,2,source_shuffle_initialization,-1.2737289667129517
0.0,0.002,confounded,2,no_staged_training,-1.4727083444595337
0.0,0.002,confounded,3,public_residual_init_nll_best,-1.6029353141784668
0.0,0.002,confounded,3,source_shuffle_initialization,-1.2808839082717896
0.0,0.002,confounded,3,no_staged_training,-1.5538371801376343
0.0,0.002,confounded,4,public_residual_init_nll_best,-1.5194553136825562
0.0,0.002,confounded,4,source_shuffle_initialization,-1.1824634075164795
0.0,0.002,confounded,4,no_staged_training,-1.6036382913589478
0.0,0.002,confounded,-1,public_residual_init_uniform_candidate_ensemble,-1.4606325554847719
0.0,0.002,confounded,0,public_residual_init_uniform_candidate_ensemble,-1.509569263458252
0.0,0.002,confounded,1,public_residual_init_uniform_candidate_ensemble,-1.3998761653900147
0.0,0.002,confounded,2,public_residual_init_uniform_candidate_ensemble,-1.5387830138206484
0.0,0.002,confounded,3,public_residual_init_uniform_candidate_ensemble,-1.5456524968147276
0.0,0.002,confounded,4,public_residual_init_uniform_candidate_ensemble,-1.309281837940216
0.0,0.002,confounded,0,pooled_mlp,-1.893484354019165
0.0,0.002,confounded,0,V0_random_init_mechanism,-1.2641313076019287
0.0,0.002,confounded,0,V7_oracle_u_aware,
0.0,0.002,confounded,0,V1_explicit_collapsed,-1.2308197021484375
0.0,0.002,confounded,0,V6_oracle_initialized_joint,-1.4962481260299683
0.0,0.002,confounded,1,pooled_mlp,-1.9181255102157593
0.0,0.002,confounded,1,V0_random_init_mechanism,-1.2874923944473267
0.0,0.002,confounded,1,V7_oracle_u_aware,
0.0,0.002,confounded,1,V1_explicit_collapsed,-1.2025586366653442
0.0,0.002,confounded,1,V6_oracle_initialized_joint,-1.5574448108673096
0.0,0.002,confounded,2,pooled_mlp,-1.9454327821731567
0.0,0.002,confounded,2,V0_random_init_mechanism,-1.240012526512146
0.0,0.002,confounded,2,V7_oracle_u_aware,
0.0,0.002,confounded,2,V1_explicit_collapsed,-1.2131950855255127
0.0,0.002,confounded,2,V6_oracle_initialized_joint,-1.527700424194336
0.0,0.002,confounded,3,pooled_mlp,-1.9389358758926392
0.0,0.002,confounded,3,V0_random_init_mechanism,-1.2872521877288818
0.0,0.002,confounded,3,V7_oracle_u_aware,
0.0,0.002,confounded,3,V1_explicit_collapsed,-1.217396855354309
0.0,0.002,confounded,3,V6_oracle_initialized_joint,-1.5529884099960327
0.0,0.002,confounded,4,pooled_mlp,-1.9102649688720703
0.0,0.002,confounded,4,V0_random_init_mechanism,-1.3094090223312378
0.0,0.002,confounded,4,V7_oracle_u_aware,
0.0,0.002,confounded,4,V1_explicit_collapsed,-1.2303664684295654
0.0,0.002,confounded,4,V6_oracle_initialized_joint,-1.504716157913208
0.0,0.005,confounded,0,public_residual_init_nll_best,-1.5607348680496216
0.0,0.005,confounded,0,source_shuffle_initialization,-1.263217568397522
0.0,0.005,confounded,0,no_staged_training,-1.6525976657867432
0.0,0.005,confounded,1,public_residual_init_nll_best,-1.5758650302886963
0.0,0.005,confounded,1,source_shuffle_initialization,-1.2606617212295532
0.0,0.005,confounded,1,no_staged_training,-1.4785715341567993
0.0,0.005,confounded,2,public_residual_init_nll_best,-1.4948986768722534
0.0,0.005,confounded,2,source_shuffle_initialization,-1.167895793914795
0.0,0.005,confounded,2,no_staged_training,-1.4762468338012695
0.0,0.005,confounded,3,public_residual_init_nll_best,-1.4993205070495605
0.0,0.005,confounded,3,source_shuffle_initialization,-1.1564255952835083
0.0,0.005,confounded,3,no_staged_training,-1.5787005424499512
0.0,0.005,confounded,4,public_residual_init_nll_best,-1.5089606046676636
0.0,0.005,confounded,4,source_shuffle_initialization,-1.2359881401062012
0.0,0.005,confounded,4,no_staged_training,-1.5829116106033325
0.0,0.005,confounded,-1,public_residual_init_uniform_candidate_ensemble,-1.3829794108867646
0.0,0.005,confounded,0,public_residual_init_uniform_candidate_ensemble,-1.426907461881638
0.0,0.005,confounded,1,public_residual_init_uniform_candidate_ensemble,-1.4820362091064454
0.0,0.005,confounded,2,public_residual_init_uniform_candidate_ensemble,-1.2091195821762086
0.0,0.005,confounded,3,public_residual_init_uniform_candidate_ensemble,-1.4486683845520019
0.0,0.005,confounded,4,public_residual_init_uniform_candidate_ensemble,-1.3481654167175294
0.0,0.005,confounded,0,pooled_mlp,-1.855028510093689
0.0,0.005,confounded,0,V0_random_init_mechanism,-1.2600384950637817
0.0,0.005,confounded,0,V7_oracle_u_aware,
0.0,0.005,confounded,0,V1_explicit_collapsed,-1.2078574895858765
0.0,0.005,confounded,0,V6_oracle_initialized_joint,-1.5446929931640625
0.0,0.005,confounded,1,pooled_mlp,-1.9255545139312744
0.0,0.005,confounded,1,V0_random_init_mechanism,-1.2706388235092163
0.0,0.005,confounded,1,V7_oracle_u_aware,
0.0,0.005,confounded,1,V1_explicit_collapsed,-1.079981803894043
0.0,0.005,confounded,1,V6_oracle_initialized_joint,-1.5312864780426025
0.0,0.005,confounded,2,pooled_mlp,-1.9187942743301392
0.0,0.005,confounded,2,V0_random_init_mechanism,-1.2695932388305664
0.0,0.005,confounded,2,V7_oracle_u_aware,
0.0,0.005,confounded,2,V1_explicit_collapsed,-1.2103490829467773
0.0,0.005,confounded,2,V6_oracle_initialized_joint,-1.4258759021759033
0.0,0.005,confounded,3,pooled_mlp,-1.9219634532928467
0.0,0.005,confounded,3,V0_random_init_mechanism,-1.2583060264587402
0.0,0.005,confounded,3,V7_oracle_u_aware,
0.0,0.005,confounded,3,V1_explicit_collapsed,-1.2440248727798462
0.0,0.005,confounded,3,V6_oracle_initialized_joint,-1.5464175939559937
0.0,0.005,confounded,4,pooled_mlp,-1.9205772876739502
0.0,0.005,confounded,4,V0_random_init_mechanism,-1.2924330234527588
0.0,0.005,confounded,4,V7_oracle_u_aware,
0.0,0.005,confounded,4,V1_explicit_collapsed,-1.1453300714492798
0.0,0.005,confounded,4,V6_oracle_initialized_joint,-1.3907548189163208
0.0,0.01,confounded,0,public_residual_init_nll_best,-1.4867757558822632
0.0,0.01,confounded,0,source_shuffle_initialization,-1.163496732711792
0.0,0.01,confounded,0,no_staged_training,-1.5873860120773315
0.0,0.01,confounded,1,public_residual_init_nll_best,-1.4380310773849487
0.0,0.01,confounded,1,source_shuffle_initialization,-1.148122787475586
0.0,0.01,confounded,1,no_staged_training,-1.4669381380081177
0.0,0.01,confounded,2,public_residual_init_nll_best,-1.5262469053268433
0.0,0.01,confounded,2,source_shuffle_initialization,-1.2474088668823242
0.0,0.01,confounded,2,no_staged_training,-1.3744698762893677
0.0,0.01,confounded,3,public_residual_init_nll_best,-1.5025516748428345
0.0,0.01,confounded,3,source_shuffle_initialization,-1.1558250188827515
0.0,0.01,confounded,3,no_staged_training,-1.503676414489746
0.0,0.01,confounded,4,public_residual_init_nll_best,-1.455309510231018
0.0,0.01,confounded,4,source_shuffle_initialization,-1.1575652360916138
0.0,0.01,confounded,4,no_staged_training,-1.5319596529006958
0.0,0.01,confounded,-1,public_residual_init_uniform_candidate_ensemble,-1.314466707110405
0.0,0.01,confounded,0,public_residual_init_uniform_candidate_ensemble,-1.3969337821006775
0.0,0.01,confounded,1,public_residual_init_uniform_candidate_ensemble,-1.2836825489997865
0.0,0.01,confounded,2,public_residual_init_uniform_candidate_ensemble,-1.10167975127697
0.0,0.01,confounded,3,public_residual_init_uniform_candidate_ensemble,-1.379613208770752
0.0,0.01,confounded,4,public_residual_init_uniform_candidate_ensemble,-1.410424244403839
0.0,0.01,confounded,0,pooled_mlp,-1.8336983919143677
0.0,0.01,confounded,0,V0_random_init_mechanism,-1.188793659210205
0.0,0.01,confounded,0,V7_oracle_u_aware,
0.0,0.01,confounded,0,V1_explicit_collapsed,-1.1735341548919678
0.0,0.01,confounded,0,V6_oracle_initialized_joint,-1.3894952535629272
0.0,0.01,confounded,1,pooled_mlp,-1.8774391412734985
0.0,0.01,confounded,1,V0_random_init_mechanism,-1.191260576248169
0.0,0.01,confounded,1,V7_oracle_u_aware,
0.0,0.01,confounded,1,V1_explicit_collapsed,-1.1163578033447266
0.0,0.01,confounded,1,V6_oracle_initialized_joint,-1.4693586826324463
0.0,0.01,confounded,2,pooled_mlp,-1.883331298828125
0.0,0.01,confounded,2,V0_random_init_mechanism,-1.1924939155578613
0.0,0.01,confounded,2,V7_oracle_u_aware,
0.0,0.01,confounded,2,V1_explicit_collapsed,-0.8245603442192078
0.0,0.01,confounded,2,V6_oracle_initialized_joint,-1.3994715213775635
0.0,0.01,confounded,3,pooled_mlp,-1.892388105392456
0.0,0.01,confounded,3,V0_random_init_mechanism,-1.2390402555465698
0.0,0.01,confounded,3,V7_oracle_u_aware,
0.0,0.01,confounded,3,V1_explicit_collapsed,-1.09068763256073
0.0,0.01,confounded,3,V6_oracle_initialized_joint,-1.4997555017471313
0.0,0.01,confounded,4,pooled_mlp,-1.8884899616241455
0.0,0.01,confounded,4,V0_random_init_mechanism,-1.2147833108901978
0.0,0.01,confounded,4,V7_oracle_u_aware,
0.0,0.01,confounded,4,V1_explicit_collapsed,-1.141304612159729
0.0,0.01,confounded,4,V6_oracle_initialized_joint,-1.4188014268875122
0.0,0.02,confounded,0,public_residual_init_nll_best,-1.1908752918243408
0.0,0.02,confounded,0,source_shuffle_initialization,-0.8620010018348694
0.0,0.02,confounded,0,no_staged_training,-1.2811483144760132
0.0,0.02,confounded,1,public_residual_init_nll_best,-1.27422034740448
0.0,0.02,confounded,1,source_shuffle_initialization,-0.9361876845359802
0.0,0.02,confounded,1,no_staged_training,-1.24233078956604
0.0,0.02,confounded,2,public_residual_init_nll_best,-1.2652721405029297
0.0,0.02,confounded,2,source_shuffle_initialization,-0.9216387271881104
0.0,0.02,confounded,2,no_staged_training,-1.2076114416122437
0.0,0.02,confounded,3,public_residual_init_nll_best,-1.2522176504135132
0.0,0.02,confounded,3,source_shuffle_initialization,-0.9405080676078796
0.0,0.02,confounded,3,no_staged_training,-1.2848875522613525
0.0,0.02,confounded,4,public_residual_init_nll_best,-1.2738823890686035
0.0,0.02,confounded,4,source_shuffle_initialization,-0.9368124604225159
0.0,0.02,confounded,4,no_staged_training,-1.2810250520706177
0.0,0.02,confounded,-1,public_residual_init_uniform_candidate_ensemble,-1.1748648005723954
0.0,0.02,confounded,0,public_residual_init_uniform_candidate_ensemble,-1.0481538325548172
0.0,0.02,confounded,1,public_residual_init_uniform_candidate_ensemble,-1.2182415187358855
0.0,0.02,confounded,2,public_residual_init_uniform_candidate_ensemble,-1.1925853133201598
0.0,0.02,confounded,3,public_residual_init_uniform_candidate_ensemble,-1.2164542317390443
0.0,0.02,confounded,4,public_residual_init_uniform_candidate_ensemble,-1.1988891065120697
0.0,0.02,confounded,0,pooled_mlp,-1.7352358102798462
0.0,0.02,confounded,0,V0_random_init_mechanism,-1.0971347093582153
0.0,0.02,confounded,0,V7_oracle_u_aware,
0.0,0.02,confounded,0,V1_explicit_collapsed,-1.0517635345458984
0.0,0.02,confounded,0,V6_oracle_initialized_joint,-1.2386863231658936
0.0,0.02,confounded,1,pooled_mlp,-1.7690190076828003
0.0,0.02,confounded,1,V0_random_init_mechanism,-1.1145801544189453
0.0,0.02,confounded,1,V7_oracle_u_aware,
0.0,0.02,confounded,1,V1_explicit_collapsed,-0.890484094619751
0.0,0.02,confounded,1,V6_oracle_initialized_joint,-1.1941885948181152
0.0,0.02,confounded,2,pooled_mlp,-1.7784366607666016
0.0,0.02,confounded,2,V0_random_init_mechanism,-1.0987565517425537
0.0,0.02,confounded,2,V7_oracle_u_aware,
0.0,0.02,confounded,2,V1_explicit_collapsed,-1.011640191078186
0.0,0.02,confounded,2,V6_oracle_initialized_joint,-1.2773454189300537
0.0,0.02,confounded,3,pooled_mlp,-1.7739638090133667
0.0,0.02,confounded,3,V0_random_init_mechanism,-1.1121506690979004
0.0,0.02,confounded,3,V7_oracle_u_aware,
0.0,0.02,confounded,3,V1_explicit_collapsed,-1.0674508810043335
0.0,0.02,confounded,3,V6_oracle_initialized_joint,-1.2993714809417725
0.0,0.02,confounded,4,pooled_mlp,-1.7467238903045654
0.0,0.02,confounded,4,V0_random_init_mechanism,-1.1131943464279175
0.0,0.02,confounded,4,V7_oracle_u_aware,
0.0,0.02,confounded,4,V1_explicit_collapsed,-1.0616800785064697
0.0,0.02,confounded,4,V6_oracle_initialized_joint,-1.1728726625442505
0.0,0.05,confounded,0,public_residual_init_nll_best,-1.065294623374939
0.0,0.05,confounded,0,source_shuffle_initialization,-0.7148035168647766
0.0,0.05,confounded,0,no_staged_training,-1.0158897638320923
0.0,0.05,confounded,1,public_residual_init_nll_best,-1.0445857048034668
0.0,0.05,confounded,1,source_shuffle_initialization,-0.7431259155273438
0.0,0.05,confounded,1,no_staged_training,-1.0354806184768677
0.0,0.05,confounded,2,public_residual_init_nll_best,-1.1401665210723877
0.0,0.05,confounded,2,source_shuffle_initialization,-0.7917512059211731
0.0,0.05,confounded,2,no_staged_training,-0.9464676976203918
0.0,0.05,confounded,3,public_residual_init_nll_best,-1.1369433403015137
0.0,0.05,confounded,3,source_shuffle_initialization,-0.7902779579162598
0.0,0.05,confounded,3,no_staged_training,-1.0467466115951538
0.0,0.05,confounded,4,public_residual_init_nll_best,-1.1166003942489624
0.0,0.05,confounded,4,source_shuffle_initialization,-0.7596808075904846
0.0,0.05,confounded,4,no_staged_training,-0.995317816734314
0.0,0.05,confounded,-1,public_residual_init_uniform_candidate_ensemble,-0.9018391638994216
0.0,0.05,confounded,0,public_residual_init_uniform_candidate_ensemble,-0.7914011418819429
0.0,0.05,confounded,1,public_residual_init_uniform_candidate_ensemble,-0.7161586135625839
0.0,0.05,confounded,2,public_residual_init_uniform_candidate_ensemble,-1.0174933493137361
0.0,0.05,confounded,3,public_residual_init_uniform_candidate_ensemble,-1.0006788551807404
0.0,0.05,confounded,4,public_residual_init_uniform_candidate_ensemble,-0.9834638595581056
0.0,0.05,confounded,0,pooled_mlp,-1.255353569984436
0.0,0.05,confounded,0,V0_random_init_mechanism,-0.568337619304657
0.0,0.05,confounded,0,V7_oracle_u_aware,
0.0,0.05,confounded,0,V1_explicit_collapsed,-0.5740039944648743
0.0,0.05,confounded,0,V6_oracle_initialized_joint,-0.8990049362182617
0.0,0.05,confounded,1,pooled_mlp,-1.2602176666259766
0.0,0.05,confounded,1,V0_random_init_mechanism,-0.6113380789756775
0.0,0.05,confounded,1,V7_oracle_u_aware,
0.0,0.05,confounded,1,V1_explicit_collapsed,-0.5906586647033691
0.0,0.05,confounded,1,V6_oracle_initialized_joint,-1.0822653770446777
0.0,0.05,confounded,2,pooled_mlp,-1.2650163173675537
0.0,0.05,confounded,2,V0_random_init_mechanism,-0.6082079410552979
0.0,0.05,confounded,2,V7_oracle_u_aware,
0.0,0.05,confounded,2,V1_explicit_collapsed,-0.5793240666389465
0.0,0.05,confounded,2,V6_oracle_initialized_joint,-1.072455883026123
0.0,0.05,confounded,3,pooled_mlp,-1.284318208694458
0.0,0.05,confounded,3,V0_random_init_mechanism,-0.6211000084877014
0.0,0.05,confounded,3,V7_oracle_u_aware,
0.0,0.05,confounded,3,V1_explicit_collapsed,-0.5761501789093018
0.0,0.05,confounded,3,V6_oracle_initialized_joint,-1.135374903678894
0.0,0.05,confounded,4,pooled_mlp,-1.2579339742660522
0.0,0.05,confounded,4,V0_random_init_mechanism,-0.6116344332695007
0.0,0.05,confounded,4,V7_oracle_u_aware,
0.0,0.05,confounded,4,V1_explicit_collapsed,-0.44788306951522827
0.0,0.05,confounded,4,V6_oracle_initialized_joint,-1.1967626810073853
0.0,0.1,confounded,0,public_residual_init_nll_best,-1.0465539693832397
0.0,0.1,confounded,0,source_shuffle_initialization,-0.7498350143432617
0.0,0.1,confounded,0,no_staged_training,-0.8544755578041077
0.0,0.1,confounded,1,public_residual_init_nll_best,-1.1140289306640625
0.0,0.1,confounded,1,source_shuffle_initialization,-0.7336516976356506
0.0,0.1,confounded,1,no_staged_training,-0.8962103724479675
0.0,0.1,confounded,2,public_residual_init_nll_best,-1.0230168104171753
0.0,0.1,confounded,2,source_shuffle_initialization,-0.6589503288269043
0.0,0.1,confounded,2,no_staged_training,-0.7887516617774963
0.0,0.1,confounded,3,public_residual_init_nll_best,-1.083058476448059
0.0,0.1,confounded,3,source_shuffle_initialization,-0.7566252946853638
0.0,0.1,confounded,3,no_staged_training,-0.9428229331970215
0.0,0.1,confounded,4,public_residual_init_nll_best,-1.14760160446167
0.0,0.1,confounded,4,source_shuffle_initialization,-0.737104594707489
0.0,0.1,confounded,4,no_staged_training,-0.9352373480796814
0.0,0.1,confounded,-1,public_residual_init_uniform_candidate_ensemble,-0.8767515242099763
0.0,0.1,confounded,0,public_residual_init_uniform_candidate_ensemble,-0.8730086892843246
0.0,0.1,confounded,1,public_residual_init_uniform_candidate_ensemble,-0.9124107211828233
0.0,0.1,confounded,2,public_residual_init_uniform_candidate_ensemble,-0.8359587192535402
0.0,0.1,confounded,3,public_residual_init_uniform_candidate_ensemble,-0.856660008430481
0.0,0.1,confounded,4,public_residual_init_uniform_candidate_ensemble,-0.9057194828987121
0.0,0.1,confounded,0,pooled_mlp,-0.6547849774360657
0.0,0.1,confounded,0,V0_random_init_mechanism,0.0029051690362393856
0.0,0.1,confounded,0,V7_oracle_u_aware,
0.0,0.1,confounded,0,V1_explicit_collapsed,0.027396755293011665
0.0,0.1,confounded,0,V6_oracle_initialized_joint,-1.005929946899414
0.0,0.1,confounded,1,pooled_mlp,-0.6508054733276367
0.0,0.1,confounded,1,V0_random_init_mechanism,-0.005469107534736395
0.0,0.1,confounded,1,V7_oracle_u_aware,
0.0,0.1,confounded,1,V1_explicit_collapsed,0.028842823579907417
0.0,0.1,confounded,1,V6_oracle_initialized_joint,-0.9544358253479004
0.0,0.1,confounded,2,pooled_mlp,-0.6493102312088013
0.0,0.1,confounded,2,V0_random_init_mechanism,-0.0024899833370000124
0.0,0.1,confounded,2,V7_oracle_u_aware,
0.0,0.1,confounded,2,V1_explicit_collapsed,0.013828526251018047
0.0,0.1,confounded,2,V6_oracle_initialized_joint,-1.0576105117797852
0.0,0.1,confounded,3,pooled_mlp,-0.6500056982040405
0.0,0.1,confounded,3,V0_random_init_mechanism,-0.002203582553192973
0.0,0.1,confounded,3,V7_oracle_u_aware,
0.0,0.1,confounded,3,V1_explicit_collapsed,0.015068268403410912
0.0,0.1,confounded,3,V6_oracle_initialized_joint,-1.0939772129058838
0.0,0.1,confounded,4,pooled_mlp,-0.6389471292495728
0.0,0.1,confounded,4,V0_random_init_mechanism,-0.005100898910313845
0.0,0.1,confounded,4,V7_oracle_u_aware,
0.0,0.1,confounded,4,V1_explicit_collapsed,0.02709079347550869
0.0,0.1,confounded,4,V6_oracle_initialized_joint,-1.0461896657943726
0.0,0.0,independent_latents,0,public_residual_init_nll_best,-1.5705214738845825
0.0,0.0,independent_latents,0,source_shuffle_initialization,-1.2524852752685547
0.0,0.0,independent_latents,0,no_staged_training,-1.6473337411880493
0.0,0.0,independent_latents,1,public_residual_init_nll_best,-1.5726560354232788
0.0,0.0,independent_latents,1,source_shuffle_initialization,-1.2448034286499023
0.0,0.0,independent_latents,1,no_staged_training,-1.5624141693115234
0.0,0.0,independent_latents,2,public_residual_init_nll_best,-1.6059012413024902
0.0,0.0,independent_latents,2,source_shuffle_initialization,-1.1982111930847168
0.0,0.0,independent_latents,2,no_staged_training,-1.51198148727417
0.0,0.0,independent_latents,3,public_residual_init_nll_best,-1.4947662353515625
0.0,0.0,independent_latents,3,source_shuffle_initialization,-1.2573318481445312
0.0,0.0,independent_latents,3,no_staged_training,-1.5948660373687744
0.0,0.0,independent_latents,4,public_residual_init_nll_best,-1.612284779548645
0.0,0.0,independent_latents,4,source_shuffle_initialization,-1.2312202453613281
0.0,0.0,independent_latents,4,no_staged_training,-1.586585283279419
0.0,0.0,independent_latents,-1,public_residual_init_uniform_candidate_ensemble,-1.3845443427562714
0.0,0.0,independent_latents,0,public_residual_init_uniform_candidate_ensemble,-1.4444232881069183
0.0,0.0,independent_latents,1,public_residual_init_uniform_candidate_ensemble,-1.456163650751114
0.0,0.0,independent_latents,2,public_residual_init_uniform_candidate_ensemble,-1.092521721124649
0.0,0.0,independent_latents,3,public_residual_init_uniform_candidate_ensemble,-1.434727418422699
0.0,0.0,independent_latents,4,public_residual_init_uniform_candidate_ensemble,-1.4948856353759767
0.0,0.0,independent_latents,0,pooled_mlp,-1.9149527549743652
0.0,0.0,independent_latents,0,V0_random_init_mechanism,-1.2658233642578125
0.0,0.0,independent_latents,0,V7_oracle_u_aware,
0.0,0.0,independent_latents,1,pooled_mlp,-1.9516313076019287
0.0,0.0,independent_latents,1,V0_random_init_mechanism,-1.263392448425293
0.0,0.0,independent_latents,1,V7_oracle_u_aware,
0.0,0.0,independent_latents,2,pooled_mlp,-1.9354122877120972
0.0,0.0,independent_latents,2,V0_random_init_mechanism,-1.2796515226364136
0.0,0.0,independent_latents,2,V7_oracle_u_aware,
0.0,0.0,independent_latents,3,pooled_mlp,-1.9406143426895142
0.0,0.0,independent_latents,3,V0_random_init_mechanism,-1.3018484115600586
0.0,0.0,independent_latents,3,V7_oracle_u_aware,
0.0,0.0,independent_latents,4,pooled_mlp,-1.9199392795562744
0.0,0.0,independent_latents,4,V0_random_init_mechanism,-1.2708163261413574
0.0,0.0,independent_latents,4,V7_oracle_u_aware,
0.0,0.002,independent_latents,0,public_residual_init_nll_best,-1.546244502067566
0.0,0.002,independent_latents,0,source_shuffle_initialization,-1.2111241817474365
0.0,0.002,independent_latents,0,no_staged_training,-1.6190690994262695
0.0,0.002,independent_latents,1,public_residual_init_nll_best,-1.5686899423599243
0.0,0.002,independent_latents,1,source_shuffle_initialization,-1.2922290563583374
0.0,0.002,independent_latents,1,no_staged_training,-1.5490145683288574
0.0,0.002,independent_latents,2,public_residual_init_nll_best,-1.598658561706543
0.0,0.002,independent_latents,2,source_shuffle_initialization,-1.2644821405410767
0.0,0.002,independent_latents,2,no_staged_training,-1.4532605409622192
0.0,0.002,independent_latents,3,public_residual_init_nll_best,-1.5461426973342896
0.0,0.002,independent_latents,3,source_shuffle_initialization,-1.217043399810791
0.0,0.002,independent_latents,3,no_staged_training,-1.596603274345398
0.0,0.002,independent_latents,4,public_residual_init_nll_best,-1.5875753164291382
0.0,0.002,independent_latents,4,source_shuffle_initialization,-1.2581069469451904
0.0,0.002,independent_latents,4,no_staged_training,-1.5630534887313843
0.0,0.002,independent_latents,-1,public_residual_init_uniform_candidate_ensemble,-1.442292444705963
0.0,0.002,independent_latents,0,public_residual_init_uniform_candidate_ensemble,-1.4378085732460024
0.0,0.002,independent_latents,1,public_residual_init_uniform_candidate_ensemble,-1.5029156327247621
0.0,0.002,independent_latents,2,public_residual_init_uniform_candidate_ensemble,-1.394967567920685
0.0,0.002,independent_latents,3,public_residual_init_uniform_candidate_ensemble,-1.3917050123214723
0.0,0.002,independent_latents,4,public_residual_init_uniform_candidate_ensemble,-1.4840654373168944
0.0,0.002,independent_latents,0,pooled_mlp,-1.898999571800232
0.0,0.002,independent_latents,0,V0_random_init_mechanism,-1.2559744119644165
0.0,0.002,independent_latents,0,V7_oracle_u_aware,
0.0,0.002,independent_latents,1,pooled_mlp,-1.9300947189331055
0.0,0.002,independent_latents,1,V0_random_init_mechanism,-1.2318689823150635
0.0,0.002,independent_latents,1,V7_oracle_u_aware,
0.0,0.002,independent_latents,2,pooled_mlp,-1.9516100883483887
0.0,0.002,independent_latents,2,V0_random_init_mechanism,-1.2926348447799683
0.0,0.002,independent_latents,2,V7_oracle_u_aware,
0.0,0.002,independent_latents,3,pooled_mlp,-1.94415283203125
0.0,0.002,independent_latents,3,V0_random_init_mechanism,-1.2899138927459717
0.0,0.002,independent_latents,3,V7_oracle_u_aware,
0.0,0.002,independent_latents,4,pooled_mlp,-1.9141374826431274
0.0,0.002,independent_latents,4,V0_random_init_mechanism,-1.300338625907898
0.0,0.002,independent_latents,4,V7_oracle_u_aware,
0.0,0.005,independent_latents,0,public_residual_init_nll_best,-1.4894179105758667
0.0,0.005,independent_latents,0,source_shuffle_initialization,-1.1664667129516602
0.0,0.005,independent_latents,0,no_staged_training,-1.6036245822906494
0.0,0.005,independent_latents,1,public_residual_init_nll_best,-1.4335635900497437
0.0,0.005,independent_latents,1,source_shuffle_initialization,-1.1057463884353638
0.0,0.005,independent_latents,1,no_staged_training,-1.5203582048416138
0.0,0.005,independent_latents,2,public_residual_init_nll_best,-1.5842841863632202
0.0,0.005,independent_latents,2,source_shuffle_initialization,-1.2546188831329346
0.0,0.005,independent_latents,2,no_staged_training,-1.420755386352539
0.0,0.005,independent_latents,3,public_residual_init_nll_best,-1.4930181503295898
0.0,0.005,independent_latents,3,source_shuffle_initialization,-1.1514517068862915
0.0,0.005,independent_latents,3,no_staged_training,-1.6078720092773438
0.0,0.005,independent_latents,4,public_residual_init_nll_best,-1.6057392358779907
0.0,0.005,independent_latents,4,source_shuffle_initialization,-1.2271767854690552
0.0,0.005,independent_latents,4,no_staged_training,-1.5225940942764282
0.0,0.005,independent_latents,-1,public_residual_init_uniform_candidate_ensemble,-1.4014270889759062
0.0,0.005,independent_latents,0,public_residual_init_uniform_candidate_ensemble,-1.3997244954109194
0.0,0.005,independent_latents,1,public_residual_init_uniform_candidate_ensemble,-1.3275344848632813
0.0,0.005,independent_latents,2,public_residual_init_uniform_candidate_ensemble,-1.454509836435318
0.0,0.005,independent_latents,3,public_residual_init_uniform_candidate_ensemble,-1.3795465111732483
0.0,0.005,independent_latents,4,public_residual_init_uniform_candidate_ensemble,-1.445820116996765
0.0,0.005,independent_latents,0,pooled_mlp,-1.876699447631836
0.0,0.005,independent_latents,0,V0_random_init_mechanism,-1.2745801210403442
0.0,0.005,independent_latents,0,V7_oracle_u_aware,
0.0,0.005,independent_latents,1,pooled_mlp,-1.9008203744888306
0.0,0.005,independent_latents,1,V0_random_init_mechanism,-1.233834147453308
0.0,0.005,independent_latents,1,V7_oracle_u_aware,
0.0,0.005,independent_latents,2,pooled_mlp,-1.912912368774414
0.0,0.005,independent_latents,2,V0_random_init_mechanism,-1.2454386949539185
0.0,0.005,independent_latents,2,V7_oracle_u_aware,
0.0,0.005,independent_latents,3,pooled_mlp,-1.9205678701400757
0.0,0.005,independent_latents,3,V0_random_init_mechanism,-1.257901668548584
0.0,0.005,independent_latents,3,V7_oracle_u_aware,
0.0,0.005,independent_latents,4,pooled_mlp,-1.9095782041549683
0.0,0.005,independent_latents,4,V0_random_init_mechanism,-1.2749319076538086
0.0,0.005,independent_latents,4,V7_oracle_u_aware,
0.0,0.01,independent_latents,0,public_residual_init_nll_best,-1.351574420928955
0.0,0.01,independent_latents,0,source_shuffle_initialization,-1.0292243957519531
0.0,0.01,independent_latents,0,no_staged_training,-1.5184881687164307
0.0,0.01,independent_latents,1,public_residual_init_nll_best,-1.3781726360321045
0.0,0.01,independent_latents,1,source_shuffle_initialization,-1.0483371019363403
0.0,0.01,independent_latents,1,no_staged_training,-1.4179506301879883
0.0,0.01,independent_latents,2,public_residual_init_nll_best,-1.3822559118270874
0.0,0.01,independent_latents,2,source_shuffle_initialization,-1.0913711786270142
0.0,0.01,independent_latents,2,no_staged_training,-1.3666110038757324
0.0,0.01,independent_latents,3,public_residual_init_nll_best,-1.4458181858062744
0.0,0.01,independent_latents,3,source_shuffle_initialization,-1.0906307697296143
0.0,0.01,independent_latents,3,no_staged_training,-1.482847809791565
0.0,0.01,independent_latents,4,public_residual_init_nll_best,-1.428347110748291
0.0,0.01,independent_latents,4,source_shuffle_initialization,-1.1117435693740845
0.0,0.01,independent_latents,4,no_staged_training,-1.3732439279556274
0.0,0.01,independent_latents,-1,public_residual_init_uniform_candidate_ensemble,-1.2507697921991348
0.0,0.01,independent_latents,0,public_residual_init_uniform_candidate_ensemble,-1.2320346772670747
0.0,0.01,independent_latents,1,public_residual_init_uniform_candidate_ensemble,-1.3230289936065673
0.0,0.01,independent_latents,2,public_residual_init_uniform_candidate_ensemble,-1.0699163287878037
0.0,0.01,independent_latents,3,public_residual_init_uniform_candidate_ensemble,-1.303828203678131
0.0,0.01,independent_latents,4,public_residual_init_uniform_candidate_ensemble,-1.3250407576560974
0.0,0.01,independent_latents,0,pooled_mlp,-1.8218512535095215
0.0,0.01,independent_latents,0,V0_random_init_mechanism,-1.1903092861175537
0.0,0.01,independent_latents,0,V7_oracle_u_aware,
0.0,0.01,independent_latents,1,pooled_mlp,-1.874705195426941
0.0,0.01,independent_latents,1,V0_random_init_mechanism,-1.195190191268921
0.0,0.01,independent_latents,1,V7_oracle_u_aware,
0.0,0.01,independent_latents,2,pooled_mlp,-1.8750234842300415
0.0,0.01,independent_latents,2,V0_random_init_mechanism,-1.208064079284668
0.0,0.01,independent_latents,2,V7_oracle_u_aware,
0.0,0.01,independent_latents,3,pooled_mlp,-1.874564528465271
0.0,0.01,independent_latents,3,V0_random_init_mechanism,-1.1975743770599365
0.0,0.01,independent_latents,3,V7_oracle_u_aware,
0.0,0.01,independent_latents,4,pooled_mlp,-1.8788024187088013
0.0,0.01,independent_latents,4,V0_random_init_mechanism,-1.1834368705749512
0.0,0.01,independent_latents,4,V7_oracle_u_aware,
0.0,0.02,independent_latents,0,public_residual_init_nll_best,-1.1228270530700684
0.0,0.02,independent_latents,0,source_shuffle_initialization,-0.7908642292022705
0.0,0.02,independent_latents,0,no_staged_training,-1.1643428802490234
0.0,0.02,independent_latents,1,public_residual_init_nll_best,-1.133750557899475
0.0,0.02,independent_latents,1,source_shuffle_initialization,-0.7811341285705566
0.0,0.02,independent_latents,1,no_staged_training,-1.115732192993164
0.0,0.02,independent_latents,2,public_residual_init_nll_best,-1.1254277229309082
0.0,0.02,independent_latents,2,source_shuffle_initialization,-0.7990275621414185
0.0,0.02,independent_latents,2,no_staged_training,-1.0935417413711548
0.0,0.02,independent_latents,3,public_residual_init_nll_best,-1.1168828010559082
0.0,0.02,independent_latents,3,source_shuffle_initialization,-0.7467371821403503
0.0,0.02,independent_latents,3,no_staged_training,-1.1313968896865845
0.0,0.02,independent_latents,4,public_residual_init_nll_best,-1.125902771949768
0.0,0.02,independent_latents,4,source_shuffle_initialization,-0.8008822798728943
0.0,0.02,independent_latents,4,no_staged_training,-1.1772280931472778
0.0,0.02,independent_latents,-1,public_residual_init_uniform_candidate_ensemble,-1.069834454059601
0.0,0.02,independent_latents,0,public_residual_init_uniform_candidate_ensemble,-1.0426394879817962
0.0,0.02,independent_latents,1,public_residual_init_uniform_candidate_ensemble,-1.0795833468437197
0.0,0.02,independent_latents,2,public_residual_init_uniform_candidate_ensemble,-1.055824452638626
0.0,0.02,independent_latents,3,public_residual_init_uniform_candidate_ensemble,-1.0664307236671449
0.0,0.02,independent_latents,4,public_residual_init_uniform_candidate_ensemble,-1.1046942591667175
0.0,0.02,independent_latents,0,pooled_mlp,-1.6471093893051147
0.0,0.02,independent_latents,0,V0_random_init_mechanism,-1.0409233570098877
0.0,0.02,independent_latents,0,V7_oracle_u_aware,
0.0,0.02,independent_latents,1,pooled_mlp,-1.6995861530303955
0.0,0.02,independent_latents,1,V0_random_init_mechanism,-1.0517054796218872
0.0,0.02,independent_latents,1,V7_oracle_u_aware,
0.0,0.02,independent_latents,2,pooled_mlp,-1.7405344247817993
0.0,0.02,independent_latents,2,V0_random_init_mechanism,-1.0589128732681274
0.0,0.02,independent_latents,2,V7_oracle_u_aware,
0.0,0.02,independent_latents,3,pooled_mlp,-1.694474458694458
0.0,0.02,independent_latents,3,V0_random_init_mechanism,-1.0280841588974
0.0,0.02,independent_latents,3,V7_oracle_u_aware,
0.0,0.02,independent_latents,4,pooled_mlp,-1.697002649307251
0.0,0.02,independent_latents,4,V0_random_init_mechanism,-1.031315565109253
0.0,0.02,independent_latents,4,V7_oracle_u_aware,
0.0,0.05,independent_latents,0,public_residual_init_nll_best,-0.940143346786499
0.0,0.05,independent_latents,0,source_shuffle_initialization,-0.6031952500343323
0.0,0.05,independent_latents,0,no_staged_training,-0.910511314868927
0.0,0.05,independent_latents,1,public_residual_init_nll_best,-0.9038108587265015
0.0,0.05,independent_latents,1,source_shuffle_initialization,-0.5954536199569702
0.0,0.05,independent_latents,1,no_staged_training,-0.9183779954910278
0.0,0.05,independent_latents,2,public_residual_init_nll_best,-0.919542670249939
0.0,0.05,independent_latents,2,source_shuffle_initialization,-0.5979881882667542
0.0,0.05,independent_latents,2,no_staged_training,-0.8920354843139648
0.0,0.05,independent_latents,3,public_residual_init_nll_best,-0.8644328117370605
0.0,0.05,independent_latents,3,source_shuffle_initialization,-0.5353425145149231
0.0,0.05,independent_latents,3,no_staged_training,-0.9060291051864624
0.0,0.05,independent_latents,4,public_residual_init_nll_best,-0.9811296463012695
0.0,0.05,independent_latents,4,source_shuffle_initialization,-0.6505347490310669
0.0,0.05,independent_latents,4,no_staged_training,-0.9278599619865417
0.0,0.05,independent_latents,-1,public_residual_init_uniform_candidate_ensemble,-0.8335430896282197
0.0,0.05,independent_latents,0,public_residual_init_uniform_candidate_ensemble,-0.8660449624061586
0.0,0.05,independent_latents,1,public_residual_init_uniform_candidate_ensemble,-0.8223355114459991
0.0,0.05,independent_latents,2,public_residual_init_uniform_candidate_ensemble,-0.8455489337444306
0.0,0.05,independent_latents,3,public_residual_init_uniform_candidate_ensemble,-0.8106785893440247
0.0,0.05,independent_latents,4,public_residual_init_uniform_candidate_ensemble,-0.8231074512004853
0.0,0.05,independent_latents,0,pooled_mlp,-1.1416956186294556
0.0,0.05,independent_latents,0,V0_random_init_mechanism,-0.49338504672050476
0.0,0.05,independent_latents,0,V7_oracle_u_aware,
0.0,0.05,independent_latents,1,pooled_mlp,-1.1471279859542847
0.0,0.05,independent_latents,1,V0_random_init_mechanism,-0.4792725145816803
0.0,0.05,independent_latents,1,V7_oracle_u_aware,
0.0,0.05,independent_latents,2,pooled_mlp,-1.1435598134994507
0.0,0.05,independent_latents,2,V0_random_init_mechanism,-0.49061262607574463
0.0,0.05,independent_latents,2,V7_oracle_u_aware,
0.0,0.05,independent_latents,3,pooled_mlp,-1.1469448804855347
0.0,0.05,independent_latents,3,V0_random_init_mechanism,-0.4852248430252075
0.0,0.05,independent_latents,3,V7_oracle_u_aware,
0.0,0.05,independent_latents,4,pooled_mlp,-1.1363600492477417
0.0,0.05,independent_latents,4,V0_random_init_mechanism,-0.5001453757286072
0.0,0.05,independent_latents,4,V7_oracle_u_aware,
0.0,0.1,independent_latents,0,public_residual_init_nll_best,-0.8459653854370117
0.0,0.1,independent_latents,0,source_shuffle_initialization,-0.5285912156105042
0.0,0.1,independent_latents,0,no_staged_training,-0.8173347115516663
0.0,0.1,independent_latents,1,public_residual_init_nll_best,-0.88789963722229
0.0,0.1,independent_latents,1,source_shuffle_initialization,-0.6168568730354309
0.0,0.1,independent_latents,1,no_staged_training,-0.7578293085098267
0.0,0.1,independent_latents,2,public_residual_init_nll_best,-0.8650762438774109
0.0,0.1,independent_latents,2,source_shuffle_initialization,-0.5425577163696289
0.0,0.1,independent_latents,2,no_staged_training,-0.7624638676643372
0.0,0.1,independent_latents,3,public_residual_init_nll_best,-0.828676700592041
0.0,0.1,independent_latents,3,source_shuffle_initialization,-0.5063937902450562
0.0,0.1,independent_latents,3,no_staged_training,-0.8113678097724915
0.0,0.1,independent_latents,4,public_residual_init_nll_best,-0.923155665397644
0.0,0.1,independent_latents,4,source_shuffle_initialization,-0.637532114982605
0.0,0.1,independent_latents,4,no_staged_training,-0.750253438949585
0.0,0.1,independent_latents,-1,public_residual_init_uniform_candidate_ensemble,-0.7920882260799409
0.0,0.1,independent_latents,0,public_residual_init_uniform_candidate_ensemble,-0.7763770282268525
0.0,0.1,independent_latents,1,public_residual_init_uniform_candidate_ensemble,-0.8024240791797639
0.0,0.1,independent_latents,2,public_residual_init_uniform_candidate_ensemble,-0.7826132953166962
0.0,0.1,independent_latents,3,public_residual_init_uniform_candidate_ensemble,-0.7674104988574983
0.0,0.1,independent_latents,4,public_residual_init_uniform_candidate_ensemble,-0.8316162288188935
0.0,0.1,independent_latents,0,pooled_mlp,-0.5182058215141296
0.0,0.1,independent_latents,0,V0_random_init_mechanism,0.12751653790473938
0.0,0.1,independent_latents,0,V7_oracle_u_aware,
0.0,0.1,independent_latents,1,pooled_mlp,-0.5239729881286621
0.0,0.1,independent_latents,1,V0_random_init_mechanism,0.12698428332805634
0.0,0.1,independent_latents,1,V7_oracle_u_aware,
0.0,0.1,independent_latents,2,pooled_mlp,-0.5220146775245667
0.0,0.1,independent_latents,2,V0_random_init_mechanism,0.127592071890831
0.0,0.1,independent_latents,2,V7_oracle_u_aware,
0.0,0.1,independent_latents,3,pooled_mlp,-0.5162219405174255
0.0,0.1,independent_latents,3,V0_random_init_mechanism,0.13017858564853668
0.0,0.1,independent_latents,3,V7_oracle_u_aware,
0.0,0.1,independent_latents,4,pooled_mlp,-0.5201498866081238
0.0,0.1,independent_latents,4,V0_random_init_mechanism,0.12598806619644165
0.0,0.1,independent_latents,4,V7_oracle_u_aware,
0.3,0.0,confounded,0,public_residual_init_nll_best,-1.5200740098953247
0.3,0.0,confounded,0,source_shuffle_initialization,-1.1765339374542236
0.3,0.0,confounded,0,no_staged_training,-1.6075388193130493
0.3,0.0,confounded,1,public_residual_init_nll_best,-1.5292941331863403
0.3,0.0,confounded,1,source_shuffle_initialization,-1.1984870433807373
0.3,0.0,confounded,1,no_staged_training,-1.4795234203338623
0.3,0.0,confounded,2,public_residual_init_nll_best,-1.5294488668441772
0.3,0.0,confounded,2,source_shuffle_initialization,-1.2116281986236572
0.3,0.0,confounded,2,no_staged_training,-1.4303637742996216
0.3,0.0,confounded,3,public_residual_init_nll_best,-1.4755630493164062
0.3,0.0,confounded,3,source_shuffle_initialization,-1.1838237047195435
0.3,0.0,confounded,3,no_staged_training,-1.5385992527008057
0.3,0.0,confounded,4,public_residual_init_nll_best,-1.4478003978729248
0.3,0.0,confounded,4,source_shuffle_initialization,-1.1367056369781494
0.3,0.0,confounded,4,no_staged_training,-1.5670067071914673
0.3,0.0,confounded,-1,public_residual_init_uniform_candidate_ensemble,-1.3736569797992706
0.3,0.0,confounded,0,public_residual_init_uniform_candidate_ensemble,-1.4311226725578308
0.3,0.0,confounded,1,public_residual_init_uniform_candidate_ensemble,-1.4027489125728607
0.3,0.0,confounded,2,public_residual_init_uniform_candidate_ensemble,-1.3337044298648837
0.3,0.0,confounded,3,public_residual_init_uniform_candidate_ensemble,-1.3852967619895935
0.3,0.0,confounded,4,public_residual_init_uniform_candidate_ensemble,-1.3154121220111847
0.3,0.0,confounded,0,pooled_mlp,-1.8554149866104126
0.3,0.0,confounded,0,V0_random_init_mechanism,-1.2404463291168213
0.3,0.0,confounded,0,V7_oracle_u_aware,
0.3,0.0,confounded,1,pooled_mlp,-1.9006611108779907
0.3,0.0,confounded,1,V0_random_init_mechanism,-1.2516217231750488
0.3,0.0,confounded,1,V7_oracle_u_aware,
0.3,0.0,confounded,2,pooled_mlp,-1.9209259748458862
0.3,0.0,confounded,2,V0_random_init_mechanism,-1.2631839513778687
0.3,0.0,confounded,2,V7_oracle_u_aware,
0.3,0.0,confounded,3,pooled_mlp,-1.8811649084091187
0.3,0.0,confounded,3,V0_random_init_mechanism,-1.2223063707351685
0.3,0.0,confounded,3,V7_oracle_u_aware,
0.3,0.0,confounded,4,pooled_mlp,-1.8960682153701782
0.3,0.0,confounded,4,V0_random_init_mechanism,-1.2608133554458618
0.3,0.0,confounded,4,V7_oracle_u_aware,
0.3,0.002,confounded,0,public_residual_init_nll_best,-1.4930511713027954
0.3,0.002,confounded,0,source_shuffle_initialization,-1.0779778957366943
0.3,0.002,confounded,0,no_staged_training,-1.6210243701934814
0.3,0.002,confounded,1,public_residual_init_nll_best,-1.5317624807357788
0.3,0.002,confounded,1,source_shuffle_initialization,-1.2137913703918457
0.3,0.002,confounded,1,no_staged_training,-1.4698752164840698
0.3,0.002,confounded,2,public_residual_init_nll_best,-1.4848322868347168
0.3,0.002,confounded,2,source_shuffle_initialization,-1.1883647441864014
0.3,0.002,confounded,2,no_staged_training,-1.4807467460632324
0.3,0.002,confounded,3,public_residual_init_nll_best,-1.5320467948913574
0.3,0.002,confounded,3,source_shuffle_initialization,-1.2230819463729858
0.3,0.002,confounded,3,no_staged_training,-1.5552960634231567
0.3,0.002,confounded,4,public_residual_init_nll_best,-1.4776628017425537
0.3,0.002,confounded,4,source_shuffle_initialization,-1.1305735111236572
0.3,0.002,confounded,4,no_staged_training,-1.547103762626648
0.3,0.002,confounded,-1,public_residual_init_uniform_candidate_ensemble,-1.3482914209365844
0.3,0.002,confounded,0,public_residual_init_uniform_candidate_ensemble,-1.3596191942691802
0.3,0.002,confounded,1,public_residual_init_uniform_candidate_ensemble,-1.4701968789100648
0.3,0.002,confounded,2,public_residual_init_uniform_candidate_ensemble,-1.1622785925865176
0.3,0.002,confounded,3,public_residual_init_uniform_candidate_ensemble,-1.4164416372776034
0.3,0.002,confounded,4,public_residual_init_uniform_candidate_ensemble,-1.332920801639557
0.3,0.002,confounded,0,pooled_mlp,-1.874896764755249
0.3,0.002,confounded,0,V0_random_init_mechanism,-1.238892912864685
0.3,0.002,confounded,0,V7_oracle_u_aware,
0.3,0.002,confounded,1,pooled_mlp,-1.9143164157867432
0.3,0.002,confounded,1,V0_random_init_mechanism,-1.2666962146759033
0.3,0.002,confounded,1,V7_oracle_u_aware,
0.3,0.002,confounded,2,pooled_mlp,-1.9276925325393677
0.3,0.002,confounded,2,V0_random_init_mechanism,-1.238890528678894
0.3,0.002,confounded,2,V7_oracle_u_aware,
0.3,0.002,confounded,3,pooled_mlp,-1.9115313291549683
0.3,0.002,confounded,3,V0_random_init_mechanism,-1.2548061609268188
0.3,0.002,confounded,3,V7_oracle_u_aware,
0.3,0.002,confounded,4,pooled_mlp,-1.8850913047790527
0.3,0.002,confounded,4,V0_random_init_mechanism,-1.2436319589614868
0.3,0.002,confounded,4,V7_oracle_u_aware,
0.3,0.005,confounded,0,public_residual_init_nll_best,-1.469279408454895
0.3,0.005,confounded,0,source_shuffle_initialization,-1.2028411626815796
0.3,0.005,confounded,0,no_staged_training,-1.6219627857208252
0.3,0.005,confounded,1,public_residual_init_nll_best,-1.5153323411941528
0.3,0.005,confounded,1,source_shuffle_initialization,-1.2101854085922241
0.3,0.005,confounded,1,no_staged_training,-1.5217210054397583
0.3,0.005,confounded,2,public_residual_init_nll_best,-1.4892617464065552
0.3,0.005,confounded,2,source_shuffle_initialization,-1.1624234914779663
0.3,0.005,confounded,2,no_staged_training,-1.5145111083984375
0.3,0.005,confounded,3,public_residual_init_nll_best,-1.5197299718856812
0.3,0.005,confounded,3,source_shuffle_initialization,-1.1862064599990845
0.3,0.005,confounded,3,no_staged_training,-1.5248041152954102
0.3,0.005,confounded,4,public_residual_init_nll_best,-1.5806992053985596
0.3,0.005,confounded,4,source_shuffle_initialization,-1.262702465057373
0.3,0.005,confounded,4,no_staged_training,-1.5761042833328247
0.3,0.005,confounded,-1,public_residual_init_uniform_candidate_ensemble,-1.3526086986064911
0.3,0.005,confounded,0,public_residual_init_uniform_candidate_ensemble,-1.2134581208229065
0.3,0.005,confounded,1,public_residual_init_uniform_candidate_ensemble,-1.4437501668930055
0.3,0.005,confounded,2,public_residual_init_uniform_candidate_ensemble,-1.2243720471858979
0.3,0.005,confounded,3,public_residual_init_uniform_candidate_ensemble,-1.4620869636535647
0.3,0.005,confounded,4,public_residual_init_uniform_candidate_ensemble,-1.4193761944770813
0.3,0.005,confounded,0,pooled_mlp,-1.9040814638137817
0.3,0.005,confounded,0,V0_random_init_mechanism,-1.2392122745513916
0.3,0.005,confounded,0,V7_oracle_u_aware,
0.3,0.005,confounded,1,pooled_mlp,-1.9092857837677002
0.3,0.005,confounded,1,V0_random_init_mechanism,-1.2475069761276245
0.3,0.005,confounded,1,V7_oracle_u_aware,
0.3,0.005,confounded,2,pooled_mlp,-1.9345239400863647
0.3,0.005,confounded,2,V0_random_init_mechanism,-1.268195629119873
0.3,0.005,confounded,2,V7_oracle_u_aware,
0.3,0.005,confounded,3,pooled_mlp,-1.896145224571228
0.3,0.005,confounded,3,V0_random_init_mechanism,-1.2352757453918457
0.3,0.005,confounded,3,V7_oracle_u_aware,
0.3,0.005,confounded,4,pooled_mlp,-1.8966195583343506
0.3,0.005,confounded,4,V0_random_init_mechanism,-1.2244446277618408
0.3,0.005,confounded,4,V7_oracle_u_aware,
0.3,0.01,confounded,0,public_residual_init_nll_best,-1.4477407932281494
0.3,0.01,confounded,0,source_shuffle_initialization,-1.127570390701294
0.3,0.01,confounded,0,no_staged_training,-1.570559024810791
0.3,0.01,confounded,1,public_residual_init_nll_best,-1.5302401781082153
0.3,0.01,confounded,1,source_shuffle_initialization,-1.2098530530929565
0.3,0.01,confounded,1,no_staged_training,-1.5133192539215088
0.3,0.01,confounded,2,public_residual_init_nll_best,-1.5004464387893677
0.3,0.01,confounded,2,source_shuffle_initialization,-1.1760629415512085
0.3,0.01,confounded,2,no_staged_training,-1.3945815563201904
0.3,0.01,confounded,3,public_residual_init_nll_best,-1.5194811820983887
0.3,0.01,confounded,3,source_shuffle_initialization,-1.1883519887924194
0.3,0.01,confounded,3,no_staged_training,-1.49282705783844
0.3,0.01,confounded,4,public_residual_init_nll_best,-1.504809856414795
0.3,0.01,confounded,4,source_shuffle_initialization,-1.1920279264450073
0.3,0.01,confounded,4,no_staged_training,-1.5749166011810303
0.3,0.01,confounded,-1,public_residual_init_uniform_candidate_ensemble,-1.3514821666479107
0.3,0.01,confounded,0,public_residual_init_uniform_candidate_ensemble,-1.233871504664421
0.3,0.01,confounded,1,public_residual_init_uniform_candidate_ensemble,-1.4518811702728274
0.3,0.01,confounded,2,public_residual_init_uniform_candidate_ensemble,-1.3183380722999574
0.3,0.01,confounded,3,public_residual_init_uniform_candidate_ensemble,-1.337140142917633
0.3,0.01,confounded,4,public_residual_init_uniform_candidate_ensemble,-1.4161799430847168
0.3,0.01,confounded,0,pooled_mlp,-1.8602848052978516
0.3,0.01,confounded,0,V0_random_init_mechanism,-1.2186611890792847
0.3,0.01,confounded,0,V7_oracle_u_aware,
0.3,0.01,confounded,1,pooled_mlp,-1.8825395107269287
0.3,0.01,confounded,1,V0_random_init_mechanism,-1.265571117401123
0.3,0.01,confounded,1,V7_oracle_u_aware,
0.3,0.01,confounded,2,pooled_mlp,-1.9067658185958862
0.3,0.01,confounded,2,V0_random_init_mechanism,-1.2421934604644775
0.3,0.01,confounded,2,V7_oracle_u_aware,
0.3,0.01,confounded,3,pooled_mlp,-1.9105277061462402
0.3,0.01,confounded,3,V0_random_init_mechanism,-1.242897391319275
0.3,0.01,confounded,3,V7_oracle_u_aware,
0.3,0.01,confounded,4,pooled_mlp,-1.8919905424118042
0.3,0.01,confounded,4,V0_random_init_mechanism,-1.1991353034973145
0.3,0.01,confounded,4,V7_oracle_u_aware,
0.3,0.02,confounded,0,public_residual_init_nll_best,-1.301325798034668
0.3,0.02,confounded,0,source_shuffle_initialization,-0.9425527453422546
0.3,0.02,confounded,0,no_staged_training,-1.421243667602539
0.3,0.02,confounded,1,public_residual_init_nll_best,-1.3164843320846558
0.3,0.02,confounded,1,source_shuffle_initialization,-1.0237196683883667
0.3,0.02,confounded,1,no_staged_training,-1.316961646080017
0.3,0.02,confounded,2,public_residual_init_nll_best,-1.4282796382904053
0.3,0.02,confounded,2,source_shuffle_initialization,-1.080891728401184
0.3,0.02,confounded,2,no_staged_training,-1.2909153699874878
0.3,0.02,confounded,3,public_residual_init_nll_best,-1.3497484922409058
0.3,0.02,confounded,3,source_shuffle_initialization,-1.0197116136550903
0.3,0.02,confounded,3,no_staged_training,-1.3665894269943237
0.3,0.02,confounded,4,public_residual_init_nll_best,-1.3201206922531128
0.3,0.02,confounded,4,source_shuffle_initialization,-0.9948911666870117
0.3,0.02,confounded,4,no_staged_training,-1.3739960193634033
0.3,0.02,confounded,-1,public_residual_init_uniform_candidate_ensemble,-1.1632396379113197
0.3,0.02,confounded,0,public_residual_init_uniform_candidate_ensemble,-1.051808127760887
0.3,0.02,confounded,1,public_residual_init_uniform_candidate_ensemble,-1.0743341073393822
0.3,0.02,confounded,2,public_residual_init_uniform_candidate_ensemble,-1.311130863428116
0.3,0.02,confounded,3,public_residual_init_uniform_candidate_ensemble,-1.2362136304378508
0.3,0.02,confounded,4,public_residual_init_uniform_candidate_ensemble,-1.1427114605903625
0.3,0.02,confounded,0,pooled_mlp,-1.7748725414276123
0.3,0.02,confounded,0,V0_random_init_mechanism,-1.14342200756073
0.3,0.02,confounded,0,V7_oracle_u_aware,
0.3,0.02,confounded,1,pooled_mlp,-1.8017009496688843
0.3,0.02,confounded,1,V0_random_init_mechanism,-1.155307412147522
0.3,0.02,confounded,1,V7_oracle_u_aware,
0.3,0.02,confounded,2,pooled_mlp,-1.8295716047286987
0.3,0.02,confounded,2,V0_random_init_mechanism,-1.149088978767395
0.3,0.02,confounded,2,V7_oracle_u_aware,
0.3,0.02,confounded,3,pooled_mlp,-1.8305120468139648
0.3,0.02,confounded,3,V0_random_init_mechanism,-1.1431454420089722
0.3,0.02,confounded,3,V7_oracle_u_aware,
0.3,0.02,confounded,4,pooled_mlp,-1.7994136810302734
0.3,0.02,confounded,4,V0_random_init_mechanism,-1.1536067724227905
0.3,0.02,confounded,4,V7_oracle_u_aware,
0.3,0.05,confounded,0,public_residual_init_nll_best,-1.0207499265670776
0.3,0.05,confounded,0,source_shuffle_initialization,-0.6903175115585327
0.3,0.05,confounded,0,no_staged_training,-1.0492379665374756
0.3,0.05,confounded,1,public_residual_init_nll_best,-1.0447803735733032
0.3,0.05,confounded,1,source_shuffle_initialization,-0.722690224647522
0.3,0.05,confounded,1,no_staged_training,-1.007684350013733
0.3,0.05,confounded,2,public_residual_init_nll_best,-1.1315726041793823
0.3,0.05,confounded,2,source_shuffle_initialization,-0.7560874819755554
0.3,0.05,confounded,2,no_staged_training,-0.9972763061523438
0.3,0.05,confounded,3,public_residual_init_nll_best,-1.109130859375
0.3,0.05,confounded,3,source_shuffle_initialization,-0.7551847100257874
0.3,0.05,confounded,3,no_staged_training,-1.0256093740463257
0.3,0.05,confounded,4,public_residual_init_nll_best,-1.0670130252838135
0.3,0.05,confounded,4,source_shuffle_initialization,-0.6635278463363647
0.3,0.05,confounded,4,no_staged_training,-0.9956062436103821
0.3,0.05,confounded,-1,public_residual_init_uniform_candidate_ensemble,-0.8883435314893723
0.3,0.05,confounded,0,public_residual_init_uniform_candidate_ensemble,-0.9398744046688079
0.3,0.05,confounded,1,public_residual_init_uniform_candidate_ensemble,-0.7169217526912689
0.3,0.05,confounded,2,public_residual_init_uniform_candidate_ensemble,-0.8741523891687395
0.3,0.05,confounded,3,public_residual_init_uniform_candidate_ensemble,-0.9517128705978395
0.3,0.05,confounded,4,public_residual_init_uniform_candidate_ensemble,-0.9590562403202059
0.3,0.05,confounded,0,pooled_mlp,-1.3101059198379517
0.3,0.05,confounded,0,V0_random_init_mechanism,-0.626661479473114
0.3,0.05,confounded,0,V7_oracle_u_aware,
0.3,0.05,confounded,1,pooled_mlp,-1.3117053508758545
0.3,0.05,confounded,1,V0_random_init_mechanism,-0.6698839068412781
0.3,0.05,confounded,1,V7_oracle_u_aware,
0.3,0.05,confounded,2,pooled_mlp,-1.32865571975708
0.3,0.05,confounded,2,V0_random_init_mechanism,-0.6604248285293579
0.3,0.05,confounded,2,V7_oracle_u_aware,
0.3,0.05,confounded,3,pooled_mlp,-1.3244503736495972
0.3,0.05,confounded,3,V0_random_init_mechanism,-0.6794589161872864
0.3,0.05,confounded,3,V7_oracle_u_aware,
0.3,0.05,confounded,4,pooled_mlp,-1.320515513420105
0.3,0.05,confounded,4,V0_random_init_mechanism,-0.6703100800514221
0.3,0.05,confounded,4,V7_oracle_u_aware,
0.3,0.1,confounded,0,public_residual_init_nll_best,-1.0735530853271484
0.3,0.1,confounded,0,source_shuffle_initialization,-0.7406449317932129
0.3,0.1,confounded,0,no_staged_training,-0.9112321734428406
0.3,0.1,confounded,1,public_residual_init_nll_best,-1.105628490447998
0.3,0.1,confounded,1,source_shuffle_initialization,-0.7429471611976624
0.3,0.1,confounded,1,no_staged_training,-0.8817561864852905
0.3,0.1,confounded,2,public_residual_init_nll_best,-1.007711410522461
0.3,0.1,confounded,2,source_shuffle_initialization,-0.6516811847686768
0.3,0.1,confounded,2,no_staged_training,-0.83048415184021
0.3,0.1,confounded,3,public_residual_init_nll_best,-1.0680232048034668
0.3,0.1,confounded,3,source_shuffle_initialization,-0.743313193321228
0.3,0.1,confounded,3,no_staged_training,-0.9270004630088806
0.3,0.1,confounded,4,public_residual_init_nll_best,-1.088247299194336
0.3,0.1,confounded,4,source_shuffle_initialization,-0.7557027339935303
0.3,0.1,confounded,4,no_staged_training,-0.9157866835594177
0.3,0.1,confounded,-1,public_residual_init_uniform_candidate_ensemble,-0.8473614537715911
0.3,0.1,confounded,0,public_residual_init_uniform_candidate_ensemble,-0.8902402222156525
0.3,0.1,confounded,1,public_residual_init_uniform_candidate_ensemble,-0.9093045413494111
0.3,0.1,confounded,2,public_residual_init_uniform_candidate_ensemble,-0.8431640148162842
0.3,0.1,confounded,3,public_residual_init_uniform_candidate_ensemble,-0.7029187262058257
0.3,0.1,confounded,4,public_residual_init_uniform_candidate_ensemble,-0.8911797642707825
0.3,0.1,confounded,0,pooled_mlp,-0.6941688656806946
0.3,0.1,confounded,0,V0_random_init_mechanism,-0.032355111092329025
0.3,0.1,confounded,0,V7_oracle_u_aware,
0.3,0.1,confounded,1,pooled_mlp,-0.6883612275123596
0.3,0.1,confounded,1,V0_random_init_mechanism,-0.04213334619998932
0.3,0.1,confounded,1,V7_oracle_u_aware,
0.3,0.1,confounded,2,pooled_mlp,-0.6855692267417908
0.3,0.1,confounded,2,V0_random_init_mechanism,-0.039684392511844635
0.3,0.1,confounded,2,V7_oracle_u_aware,
0.3,0.1,confounded,3,pooled_mlp,-0.6872318983078003
0.3,0.1,confounded,3,V0_random_init_mechanism,-0.03837668150663376
0.3,0.1,confounded,3,V7_oracle_u_aware,
0.3,0.1,confounded,4,pooled_mlp,-0.681990385055542
0.3,0.1,confounded,4,V0_random_init_mechanism,-0.041507262736558914
0.3,0.1,confounded,4,V7_oracle_u_aware,
0.3,0.0,independent_latents,0,public_residual_init_nll_best,-1.4591386318206787
0.3,0.0,independent_latents,0,source_shuffle_initialization,-1.1320818662643433
0.3,0.0,independent_latents,0,no_staged_training,-1.547504186630249
0.3,0.0,independent_latents,1,public_residual_init_nll_best,-1.5134565830230713
0.3,0.0,independent_latents,1,source_shuffle_initialization,-1.169266700744629
0.3,0.0,independent_latents,1,no_staged_training,-1.5404188632965088
0.3,0.0,independent_latents,2,public_residual_init_nll_best,-1.4766874313354492
0.3,0.0,independent_latents,2,source_shuffle_initialization,-1.2149744033813477
0.3,0.0,independent_latents,2,no_staged_training,-1.4603357315063477
0.3,0.0,independent_latents,3,public_residual_init_nll_best,-1.4421281814575195
0.3,0.0,independent_latents,3,source_shuffle_initialization,-1.0682014226913452
0.3,0.0,independent_latents,3,no_staged_training,-1.5665723085403442
0.3,0.0,independent_latents,4,public_residual_init_nll_best,-1.5276589393615723
0.3,0.0,independent_latents,4,source_shuffle_initialization,-1.197411298751831
0.3,0.0,independent_latents,4,no_staged_training,-1.5505563020706177
0.3,0.0,independent_latents,-1,public_residual_init_uniform_candidate_ensemble,-1.3275219011306765
0.3,0.0,independent_latents,0,public_residual_init_uniform_candidate_ensemble,-1.310844314098358
0.3,0.0,independent_latents,1,public_residual_init_uniform_candidate_ensemble,-1.3925717413425447
0.3,0.0,independent_latents,2,public_residual_init_uniform_candidate_ensemble,-1.1733575522899626
0.3,0.0,independent_latents,3,public_residual_init_uniform_candidate_ensemble,-1.3041517019271853
0.3,0.0,independent_latents,4,public_residual_init_uniform_candidate_ensemble,-1.4566841959953307
0.3,0.0,independent_latents,0,pooled_mlp,-1.8287622928619385
0.3,0.0,independent_latents,0,V0_random_init_mechanism,-1.238032341003418
0.3,0.0,independent_latents,0,V7_oracle_u_aware,
0.3,0.0,independent_latents,1,pooled_mlp,-1.9205851554870605
0.3,0.0,independent_latents,1,V0_random_init_mechanism,-1.2353585958480835
0.3,0.0,independent_latents,1,V7_oracle_u_aware,
0.3,0.0,independent_latents,2,pooled_mlp,-1.9078086614608765
0.3,0.0,independent_latents,2,V0_random_init_mechanism,-1.248000144958496
0.3,0.0,independent_latents,2,V7_oracle_u_aware,
0.3,0.0,independent_latents,3,pooled_mlp,-1.8825865983963013
0.3,0.0,independent_latents,3,V0_random_init_mechanism,-1.261107325553894
0.3,0.0,independent_latents,3,V7_oracle_u_aware,
0.3,0.0,independent_latents,4,pooled_mlp,-1.9122549295425415
0.3,0.0,independent_latents,4,V0_random_init_mechanism,-1.2512098550796509
0.3,0.0,independent_latents,4,V7_oracle_u_aware,
0.3,0.002,independent_latents,0,public_residual_init_nll_best,-1.4366192817687988
0.3,0.002,independent_latents,0,source_shuffle_initialization,-1.1164792776107788
0.3,0.002,independent_latents,0,no_staged_training,-1.5578930377960205
0.3,0.002,independent_latents,1,public_residual_init_nll_best,-1.5392478704452515
0.3,0.002,independent_latents,1,source_shuffle_initialization,-1.1904934644699097
0.3,0.002,independent_latents,1,no_staged_training,-1.5454269647598267
0.3,0.002,independent_latents,2,public_residual_init_nll_best,-1.5629736185073853
0.3,0.002,independent_latents,2,source_shuffle_initialization,-1.2751994132995605
0.3,0.002,independent_latents,2,no_staged_training,-1.4444537162780762
0.3,0.002,independent_latents,3,public_residual_init_nll_best,-1.452411413192749
0.3,0.002,independent_latents,3,source_shuffle_initialization,-1.0898914337158203
0.3,0.002,independent_latents,3,no_staged_training,-1.593009352684021
0.3,0.002,independent_latents,4,public_residual_init_nll_best,-1.5445326566696167
0.3,0.002,independent_latents,4,source_shuffle_initialization,-1.2138203382492065
0.3,0.002,independent_latents,4,no_staged_training,-1.5505998134613037
0.3,0.002,independent_latents,-1,public_residual_init_uniform_candidate_ensemble,-1.3734693241119384
0.3,0.002,independent_latents,0,public_residual_init_uniform_candidate_ensemble,-1.366775107383728
0.3,0.002,independent_latents,1,public_residual_init_uniform_candidate_ensemble,-1.4465177297592162
0.3,0.002,independent_latents,2,public_residual_init_uniform_candidate_ensemble,-1.3210011363029481
0.3,0.002,independent_latents,3,public_residual_init_uniform_candidate_ensemble,-1.293039733171463
0.3,0.002,independent_latents,4,public_residual_init_uniform_candidate_ensemble,-1.4400129139423372
0.3,0.002,independent_latents,0,pooled_mlp,-1.847601294517517
0.3,0.002,independent_latents,0,V0_random_init_mechanism,-1.2408440113067627
0.3,0.002,independent_latents,0,V7_oracle_u_aware,
0.3,0.002,independent_latents,1,pooled_mlp,-1.9233187437057495
0.3,0.002,independent_latents,1,V0_random_init_mechanism,-1.20769464969635
0.3,0.002,independent_latents,1,V7_oracle_u_aware,
0.3,0.002,independent_latents,2,pooled_mlp,-1.911481499671936
0.3,0.002,independent_latents,2,V0_random_init_mechanism,-1.2441844940185547
0.3,0.002,independent_latents,2,V7_oracle_u_aware,
0.3,0.002,independent_latents,3,pooled_mlp,-1.9327727556228638
0.3,0.002,independent_latents,3,V0_random_init_mechanism,-1.2514697313308716
0.3,0.002,independent_latents,3,V7_oracle_u_aware,
0.3,0.002,independent_latents,4,pooled_mlp,-1.9145898818969727
0.3,0.002,independent_latents,4,V0_random_init_mechanism,-1.2409543991088867
0.3,0.002,independent_latents,4,V7_oracle_u_aware,
0.3,0.005,independent_latents,0,public_residual_init_nll_best,-1.4287009239196777
0.3,0.005,independent_latents,0,source_shuffle_initialization,-1.1081491708755493
0.3,0.005,independent_latents,0,no_staged_training,-1.5255346298217773
0.3,0.005,independent_latents,1,public_residual_init_nll_best,-1.527529239654541
0.3,0.005,independent_latents,1,source_shuffle_initialization,-1.221445918083191
0.3,0.005,independent_latents,1,no_staged_training,-1.5032953023910522
0.3,0.005,independent_latents,2,public_residual_init_nll_best,-1.5699732303619385
0.3,0.005,independent_latents,2,source_shuffle_initialization,-1.2717032432556152
0.3,0.005,independent_latents,2,no_staged_training,-1.4796675443649292
0.3,0.005,independent_latents,3,public_residual_init_nll_best,-1.437192440032959
0.3,0.005,independent_latents,3,source_shuffle_initialization,-1.099840521812439
0.3,0.005,independent_latents,3,no_staged_training,-1.5553953647613525
0.3,0.005,independent_latents,4,public_residual_init_nll_best,-1.578710675239563
0.3,0.005,independent_latents,4,source_shuffle_initialization,-1.2181174755096436
0.3,0.005,independent_latents,4,no_staged_training,-1.560957670211792
0.3,0.005,independent_latents,-1,public_residual_init_uniform_candidate_ensemble,-1.333441982269287
0.3,0.005,independent_latents,0,public_residual_init_uniform_candidate_ensemble,-1.374175715446472
0.3,0.005,independent_latents,1,public_residual_init_uniform_candidate_ensemble,-1.3868750035762787
0.3,0.005,independent_latents,2,public_residual_init_uniform_candidate_ensemble,-1.1427500247955322
0.3,0.005,independent_latents,3,public_residual_init_uniform_candidate_ensemble,-1.2683481633663178
0.3,0.005,independent_latents,4,public_residual_init_uniform_candidate_ensemble,-1.4950610041618349
0.3,0.005,independent_latents,0,pooled_mlp,-1.8894330263137817
0.3,0.005,independent_latents,0,V0_random_init_mechanism,-1.2358478307724
0.3,0.005,independent_latents,0,V7_oracle_u_aware,
0.3,0.005,independent_latents,1,pooled_mlp,-1.9218368530273438
0.3,0.005,independent_latents,1,V0_random_init_mechanism,-1.2033218145370483
0.3,0.005,independent_latents,1,V7_oracle_u_aware,
0.3,0.005,independent_latents,2,pooled_mlp,-1.9142649173736572
0.3,0.005,independent_latents,2,V0_random_init_mechanism,-1.247128963470459
0.3,0.005,independent_latents,2,V7_oracle_u_aware,
0.3,0.005,independent_latents,3,pooled_mlp,-1.935899019241333
0.3,0.005,independent_latents,3,V0_random_init_mechanism,-1.2681361436843872
0.3,0.005,independent_latents,3,V7_oracle_u_aware,
0.3,0.005,independent_latents,4,pooled_mlp,-1.8962537050247192
0.3,0.005,independent_latents,4,V0_random_init_mechanism,-1.259222388267517
0.3,0.005,independent_latents,4,V7_oracle_u_aware,
0.3,0.01,independent_latents,0,public_residual_init_nll_best,-1.4572033882141113
0.3,0.01,independent_latents,0,source_shuffle_initialization,-1.1246531009674072
0.3,0.01,independent_latents,0,no_staged_training,-1.5608632564544678
0.3,0.01,independent_latents,1,public_residual_init_nll_best,-1.427858829498291
0.3,0.01,independent_latents,1,source_shuffle_initialization,-1.1025630235671997
0.3,0.01,independent_latents,1,no_staged_training,-1.4809517860412598
0.3,0.01,independent_latents,2,public_residual_init_nll_best,-1.5355454683303833
0.3,0.01,independent_latents,2,source_shuffle_initialization,-1.2081481218338013
0.3,0.01,independent_latents,2,no_staged_training,-1.412367582321167
0.3,0.01,independent_latents,3,public_residual_init_nll_best,-1.4441051483154297
0.3,0.01,independent_latents,3,source_shuffle_initialization,-1.1176241636276245
0.3,0.01,independent_latents,3,no_staged_training,-1.561299204826355
0.3,0.01,independent_latents,4,public_residual_init_nll_best,-1.499692678451538
0.3,0.01,independent_latents,4,source_shuffle_initialization,-1.1678318977355957
0.3,0.01,independent_latents,4,no_staged_training,-1.523174524307251
0.3,0.01,independent_latents,-1,public_residual_init_uniform_candidate_ensemble,-1.2706179755926132
0.3,0.01,independent_latents,0,public_residual_init_uniform_candidate_ensemble,-1.3389965713024141
0.3,0.01,independent_latents,1,public_residual_init_uniform_candidate_ensemble,-1.270169258117676
0.3,0.01,independent_latents,2,public_residual_init_uniform_candidate_ensemble,-1.044314154982567
0.3,0.01,independent_latents,3,public_residual_init_uniform_candidate_ensemble,-1.310021299123764
0.3,0.01,independent_latents,4,public_residual_init_uniform_candidate_ensemble,-1.3895885944366457
0.3,0.01,independent_latents,0,pooled_mlp,-1.8302221298217773
0.3,0.01,independent_latents,0,V0_random_init_mechanism,-1.185255765914917
0.3,0.01,independent_latents,0,V7_oracle_u_aware,
0.3,0.01,independent_latents,1,pooled_mlp,-1.8918064832687378
0.3,0.01,independent_latents,1,V0_random_init_mechanism,-1.2278598546981812
0.3,0.01,independent_latents,1,V7_oracle_u_aware,
0.3,0.01,independent_latents,2,pooled_mlp,-1.890712022781372
0.3,0.01,independent_latents,2,V0_random_init_mechanism,-1.211506962776184
0.3,0.01,independent_latents,2,V7_oracle_u_aware,
0.3,0.01,independent_latents,3,pooled_mlp,-1.903404951095581
0.3,0.01,independent_latents,3,V0_random_init_mechanism,-1.2247101068496704
0.3,0.01,independent_latents,3,V7_oracle_u_aware,
0.3,0.01,independent_latents,4,pooled_mlp,-1.893343210220337
0.3,0.01,independent_latents,4,V0_random_init_mechanism,-1.2383061647415161
0.3,0.01,independent_latents,4,V7_oracle_u_aware,
0.3,0.02,independent_latents,0,public_residual_init_nll_best,-1.2670317888259888
0.3,0.02,independent_latents,0,source_shuffle_initialization,-0.9419735074043274
0.3,0.02,independent_latents,0,no_staged_training,-1.3241243362426758
0.3,0.02,independent_latents,1,public_residual_init_nll_best,-1.266054391860962
0.3,0.02,independent_latents,1,source_shuffle_initialization,-0.9378706812858582
0.3,0.02,independent_latents,1,no_staged_training,-1.2255340814590454
0.3,0.02,independent_latents,2,public_residual_init_nll_best,-1.3016067743301392
0.3,0.02,independent_latents,2,source_shuffle_initialization,-0.9841534495353699
0.3,0.02,independent_latents,2,no_staged_training,-1.1995465755462646
0.3,0.02,independent_latents,3,public_residual_init_nll_best,-1.238285779953003
0.3,0.02,independent_latents,3,source_shuffle_initialization,-0.9228407740592957
0.3,0.02,independent_latents,3,no_staged_training,-1.2650175094604492
0.3,0.02,independent_latents,4,public_residual_init_nll_best,-1.2837353944778442
0.3,0.02,independent_latents,4,source_shuffle_initialization,-0.9271019101142883
0.3,0.02,independent_latents,4,no_staged_training,-1.289726734161377
0.3,0.02,independent_latents,-1,public_residual_init_uniform_candidate_ensemble,-1.1772054612636567
0.3,0.02,independent_latents,0,public_residual_init_uniform_candidate_ensemble,-1.2093186378479006
0.3,0.02,independent_latents,1,public_residual_init_uniform_candidate_ensemble,-1.2085325360298158
0.3,0.02,independent_latents,2,public_residual_init_uniform_candidate_ensemble,-1.1359111100435257
0.3,0.02,independent_latents,3,public_residual_init_uniform_candidate_ensemble,-1.109752216935158
0.3,0.02,independent_latents,4,public_residual_init_uniform_candidate_ensemble,-1.2225128054618835
0.3,0.02,independent_latents,0,pooled_mlp,-1.7190457582473755
0.3,0.02,independent_latents,0,V0_random_init_mechanism,-1.1081171035766602
0.3,0.02,independent_latents,0,V7_oracle_u_aware,
0.3,0.02,independent_latents,1,pooled_mlp,-1.7759051322937012
0.3,0.02,independent_latents,1,V0_random_init_mechanism,-1.1054922342300415
0.3,0.02,independent_latents,1,V7_oracle_u_aware,
0.3,0.02,independent_latents,2,pooled_mlp,-1.7864292860031128
0.3,0.02,independent_latents,2,V0_random_init_mechanism,-1.0938507318496704
0.3,0.02,independent_latents,2,V7_oracle_u_aware,
0.3,0.02,independent_latents,3,pooled_mlp,-1.7366691827774048
0.3,0.02,independent_latents,3,V0_random_init_mechanism,-1.0641295909881592
0.3,0.02,independent_latents,3,V7_oracle_u_aware,
0.3,0.02,independent_latents,4,pooled_mlp,-1.7725988626480103
0.3,0.02,independent_latents,4,V0_random_init_mechanism,-1.0920127630233765
0.3,0.02,independent_latents,4,V7_oracle_u_aware,
0.3,0.05,independent_latents,0,public_residual_init_nll_best,-0.90781569480896
0.3,0.05,independent_latents,0,source_shuffle_initialization,-0.5906621813774109
0.3,0.05,independent_latents,0,no_staged_training,-0.8517622351646423
0.3,0.05,independent_latents,1,public_residual_init_nll_best,-0.961808443069458
0.3,0.05,independent_latents,1,source_shuffle_initialization,-0.6321032643318176
0.3,0.05,independent_latents,1,no_staged_training,-0.9074810147285461
0.3,0.05,independent_latents,2,public_residual_init_nll_best,-0.9406850337982178
0.3,0.05,independent_latents,2,source_shuffle_initialization,-0.5985828638076782
0.3,0.05,independent_latents,2,no_staged_training,-0.8241698145866394
0.3,0.05,independent_latents,3,public_residual_init_nll_best,-0.8853524923324585
0.3,0.05,independent_latents,3,source_shuffle_initialization,-0.5232424139976501
0.3,0.05,independent_latents,3,no_staged_training,-0.8493478894233704
0.3,0.05,independent_latents,4,public_residual_init_nll_best,-0.9339349865913391
0.3,0.05,independent_latents,4,source_shuffle_initialization,-0.597460150718689
0.3,0.05,independent_latents,4,no_staged_training,-0.9210973978042603
0.3,0.05,independent_latents,-1,public_residual_init_uniform_candidate_ensemble,-0.8323553228378296
0.3,0.05,independent_latents,0,public_residual_init_uniform_candidate_ensemble,-0.842023265361786
0.3,0.05,independent_latents,1,public_residual_init_uniform_candidate_ensemble,-0.8526908814907075
0.3,0.05,independent_latents,2,public_residual_init_uniform_candidate_ensemble,-0.8681577444076538
0.3,0.05,independent_latents,3,public_residual_init_uniform_candidate_ensemble,-0.8182577848434448
0.3,0.05,independent_latents,4,public_residual_init_uniform_candidate_ensemble,-0.7806469380855562
0.3,0.05,independent_latents,0,pooled_mlp,-1.2034902572631836
0.3,0.05,independent_latents,0,V0_random_init_mechanism,-0.558577299118042
0.3,0.05,independent_latents,0,V7_oracle_u_aware,
0.3,0.05,independent_latents,1,pooled_mlp,-1.2079110145568848
0.3,0.05,independent_latents,1,V0_random_init_mechanism,-0.544718325138092
0.3,0.05,independent_latents,1,V7_oracle_u_aware,
0.3,0.05,independent_latents,2,pooled_mlp,-1.1933811902999878
0.3,0.05,independent_latents,2,V0_random_init_mechanism,-0.5420923829078674
0.3,0.05,independent_latents,2,V7_oracle_u_aware,
0.3,0.05,independent_latents,3,pooled_mlp,-1.210574984550476
0.3,0.05,independent_latents,3,V0_random_init_mechanism,-0.5506967902183533
0.3,0.05,independent_latents,3,V7_oracle_u_aware,
0.3,0.05,independent_latents,4,pooled_mlp,-1.2049769163131714
0.3,0.05,independent_latents,4,V0_random_init_mechanism,-0.5657201409339905
0.3,0.05,independent_latents,4,V7_oracle_u_aware,
0.3,0.1,independent_latents,0,public_residual_init_nll_best,-0.8748303651809692
0.3,0.1,independent_latents,0,source_shuffle_initialization,-0.565365195274353
0.3,0.1,independent_latents,0,no_staged_training,-0.791733980178833
0.3,0.1,independent_latents,1,public_residual_init_nll_best,-0.8855839371681213
0.3,0.1,independent_latents,1,source_shuffle_initialization,-0.5763968825340271
0.3,0.1,independent_latents,1,no_staged_training,-0.7018447518348694
0.3,0.1,independent_latents,2,public_residual_init_nll_best,-0.9101604223251343
0.3,0.1,independent_latents,2,source_shuffle_initialization,-0.5806398391723633
0.3,0.1,independent_latents,2,no_staged_training,-0.7951706051826477
0.3,0.1,independent_latents,3,public_residual_init_nll_best,-0.8097237348556519
0.3,0.1,independent_latents,3,source_shuffle_initialization,-0.4747024178504944
0.3,0.1,independent_latents,3,no_staged_training,-0.8072277903556824
0.3,0.1,independent_latents,4,public_residual_init_nll_best,-0.8763044476509094
0.3,0.1,independent_latents,4,source_shuffle_initialization,-0.5428059697151184
0.3,0.1,independent_latents,4,no_staged_training,-0.7901150584220886
0.3,0.1,independent_latents,-1,public_residual_init_uniform_candidate_ensemble,-0.7638956242799759
0.3,0.1,independent_latents,0,public_residual_init_uniform_candidate_ensemble,-0.7820866584777832
0.3,0.1,independent_latents,1,public_residual_init_uniform_candidate_ensemble,-0.7856589198112489
0.3,0.1,independent_latents,2,public_residual_init_uniform_candidate_ensemble,-0.781131061911583
0.3,0.1,independent_latents,3,public_residual_init_uniform_candidate_ensemble,-0.7115961492061615
0.3,0.1,independent_latents,4,public_residual_init_uniform_candidate_ensemble,-0.7590053319931032
0.3,0.1,independent_latents,0,pooled_mlp,-0.553373396396637
0.3,0.1,independent_latents,0,V0_random_init_mechanism,0.09301651269197464
0.3,0.1,independent_latents,0,V7_oracle_u_aware,
0.3,0.1,independent_latents,1,pooled_mlp,-0.5623526573181152
0.3,0.1,independent_latents,1,V0_random_init_mechanism,0.08742203563451767
0.3,0.1,independent_latents,1,V7_oracle_u_aware,
0.3,0.1,independent_latents,2,pooled_mlp,-0.559464156627655
0.3,0.1,independent_latents,2,V0_random_init_mechanism,0.09419713914394379
0.3,0.1,independent_latents,2,V7_oracle_u_aware,
0.3,0.1,independent_latents,3,pooled_mlp,-0.559878408908844
0.3,0.1,independent_latents,3,V0_random_init_mechanism,0.09425156563520432
0.3,0.1,independent_latents,3,V7_oracle_u_aware,
0.3,0.1,independent_latents,4,pooled_mlp,-0.5567429065704346
0.3,0.1,independent_latents,4,V0_random_init_mechanism,0.08947129547595978
0.3,0.1,independent_latents,4,V7_oracle_u_aware,
