kappa,lambda_reward,condition,method,comparator,metric,n_model_seeds,paired_difference_mean,paired_difference_sd,ci95_low,ci95_high,exact_two_sided_sign_flip_p,inferential_unit
0.0,0.0,confounded,public_residual_init_nll_best,V0_random_init_mechanism,do_mae,5,0.004918948259275484,0.012389870497803768,-0.010462641588614768,0.020300538107165735,1.0,model_seed
0.0,0.0,confounded,public_residual_init_nll_best,V0_random_init_mechanism,top_set_disagreement,5,0.05889967637540454,0.029072226124887624,0.022807526881395868,0.09499182586941321,0.0625,model_seed
0.0,0.0,confounded,public_residual_init_nll_best,V0_random_init_mechanism,mean_regret,5,0.0003173442399609855,0.00016441106545007545,0.00011323366627452326,0.0005214548136474478,0.0625,model_seed
0.0,0.0,confounded,public_residual_init_nll_best,V6_oracle_initialized_joint,do_mae,5,0.005244857590582539,0.013572799938392603,-0.011605297685603113,0.022095012866768193,1.0,model_seed
0.0,0.0,confounded,public_residual_init_nll_best,V6_oracle_initialized_joint,top_set_disagreement,5,0.08543689320388351,0.030837875079796996,0.04715275243405108,0.12372103397371594,0.0625,model_seed
0.0,0.0,confounded,public_residual_init_nll_best,V6_oracle_initialized_joint,mean_regret,5,0.00040279300209365205,8.86656091939942e-05,0.0002927177567973355,0.0005128682473899686,0.0625,model_seed
0.0,0.0,independent_latents,public_residual_init_nll_best,V0_random_init_mechanism,do_mae,5,0.0005082886177602133,0.0013276396905970607,-0.0011399295125393547,0.0021565067480597815,0.5,model_seed
0.0,0.0,independent_latents,public_residual_init_nll_best,V0_random_init_mechanism,top_set_disagreement,5,0.08737864077669902,0.040550045586219,0.03703718082108168,0.13772010073231636,0.0625,model_seed
0.0,0.0,independent_latents,public_residual_init_nll_best,V0_random_init_mechanism,mean_regret,5,0.0004615211460385682,0.00010636109349406337,0.00032947757736779073,0.0005935647147093456,0.0625,model_seed
0.0,0.002,confounded,public_residual_init_nll_best,V0_random_init_mechanism,do_mae,5,0.004742763993787062,0.011422057755030843,-0.009437320264393144,0.018922848251967266,0.625,model_seed
0.0,0.002,confounded,public_residual_init_nll_best,V0_random_init_mechanism,top_set_disagreement,5,0.02783171521035597,0.03715345666942696,-0.01829299868570846,0.07395642910642039,0.1875,model_seed
0.0,0.002,confounded,public_residual_init_nll_best,V0_random_init_mechanism,mean_regret,5,0.0002322719397381311,0.00011491742226283887,8.960598887632613e-05,0.0003749378905999361,0.0625,model_seed
0.0,0.002,confounded,public_residual_init_nll_best,V6_oracle_initialized_joint,do_mae,5,0.00530128944357845,0.010841494397490695,-0.008158045760123779,0.01876062464728068,0.1875,model_seed
0.0,0.002,confounded,public_residual_init_nll_best,V6_oracle_initialized_joint,top_set_disagreement,5,0.08478964401294496,0.04697575711109841,0.02647088847751696,0.14310839954837296,0.0625,model_seed
0.0,0.002,confounded,public_residual_init_nll_best,V6_oracle_initialized_joint,mean_regret,5,0.00044783895527943167,0.0002680787417545642,0.00011502859593482626,0.0007806493146240371,0.0625,model_seed
0.0,0.002,independent_latents,public_residual_init_nll_best,V0_random_init_mechanism,do_mae,5,-0.00027218704949128516,0.0015346071497903287,-0.002177348024329472,0.0016329739253469016,0.6875,model_seed
0.0,0.002,independent_latents,public_residual_init_nll_best,V0_random_init_mechanism,top_set_disagreement,5,0.05436893203883495,0.031823999401785166,0.01486055249568042,0.09387731158198948,0.0625,model_seed
0.0,0.002,independent_latents,public_residual_init_nll_best,V0_random_init_mechanism,mean_regret,5,0.0003038679453895688,0.00015924527735809322,0.0001061705165124951,0.0005015653742666425,0.0625,model_seed
0.0,0.005,confounded,public_residual_init_nll_best,V0_random_init_mechanism,do_mae,5,0.004019731430802595,0.008626486563120112,-0.006689749202249259,0.01472921206385445,0.5,model_seed
0.0,0.005,confounded,public_residual_init_nll_best,V0_random_init_mechanism,top_set_disagreement,5,-0.0032362459546925737,0.05865556297861444,-0.07605507099358788,0.06958257908420273,0.75,model_seed
0.0,0.005,confounded,public_residual_init_nll_best,V0_random_init_mechanism,mean_regret,5,0.00013717072178949654,0.00040241606969648817,-0.00036241472047712,0.0006367561640561131,0.6875,model_seed
0.0,0.005,confounded,public_residual_init_nll_best,V6_oracle_initialized_joint,do_mae,5,0.003632633831066655,0.0071254794772519945,-0.005213399128525422,0.01247866679065873,0.25,model_seed
0.0,0.005,confounded,public_residual_init_nll_best,V6_oracle_initialized_joint,top_set_disagreement,5,0.1074433656957929,0.06766772835565113,0.02343625329784023,0.19145047809374555,0.0625,model_seed
0.0,0.005,confounded,public_residual_init_nll_best,V6_oracle_initialized_joint,mean_regret,5,0.0006902213652917671,0.0004475919872359619,0.00013455160521751337,0.0012458911253660208,0.0625,model_seed
0.0,0.005,independent_latents,public_residual_init_nll_best,V0_random_init_mechanism,do_mae,5,0.0028453634228379865,0.005494933246694868,-0.003976403556661807,0.009667130402337779,0.375,model_seed
0.0,0.005,independent_latents,public_residual_init_nll_best,V0_random_init_mechanism,top_set_disagreement,5,0.06731391585760516,0.03852356282188474,0.019488263207668187,0.11513956850754212,0.0625,model_seed
0.0,0.005,independent_latents,public_residual_init_nll_best,V0_random_init_mechanism,mean_regret,5,0.00039801159691092757,0.00011736188117692573,0.0002523109360073051,0.0005437122578145501,0.0625,model_seed
0.0,0.01,confounded,public_residual_init_nll_best,V0_random_init_mechanism,do_mae,5,-0.0004303938225477543,0.0008729747700104602,-0.001514161393987458,0.0006533737488919494,0.375,model_seed
0.0,0.01,confounded,public_residual_init_nll_best,V0_random_init_mechanism,top_set_disagreement,5,-0.06666666666666668,0.044172089965348854,-0.1215047677341106,-0.011828565599222754,0.0625,model_seed
0.0,0.01,confounded,public_residual_init_nll_best,V0_random_init_mechanism,mean_regret,5,-0.0004741450175035365,0.00042029140383817557,-0.0009959220604176468,4.7632025410573636e-05,0.0625,model_seed
0.0,0.01,confounded,public_residual_init_nll_best,V6_oracle_initialized_joint,do_mae,5,-0.0001463049872997075,0.0010314857293333638,-0.0014268583575201739,0.0011342483829207587,0.875,model_seed
0.0,0.01,confounded,public_residual_init_nll_best,V6_oracle_initialized_joint,top_set_disagreement,5,0.17864077669902909,0.08000795930284764,0.07931370021495743,0.27796785318310074,0.0625,model_seed
0.0,0.01,confounded,public_residual_init_nll_best,V6_oracle_initialized_joint,mean_regret,5,0.0013383934761867764,0.000613537829089636,0.0005767077713285531,0.0021000791810449997,0.0625,model_seed
0.0,0.01,independent_latents,public_residual_init_nll_best,V0_random_init_mechanism,do_mae,5,0.0007818936821166918,0.001792040392054373,-0.0014428616376680383,0.003006649001901422,0.3125,model_seed
0.0,0.01,independent_latents,public_residual_init_nll_best,V0_random_init_mechanism,top_set_disagreement,5,0.062135922330097106,0.0772778671338456,-0.03380184044016533,0.15807368510035955,0.1875,model_seed
0.0,0.01,independent_latents,public_residual_init_nll_best,V0_random_init_mechanism,mean_regret,5,0.00033743549410221875,0.000352271341225775,-9.989702578663297e-05,0.0007747680139910705,0.125,model_seed
0.0,0.02,confounded,public_residual_init_nll_best,V0_random_init_mechanism,do_mae,5,-0.0007596185405000375,0.0007028400303315945,-0.0016321697973639133,0.0001129327163638382,0.125,model_seed
0.0,0.02,confounded,public_residual_init_nll_best,V0_random_init_mechanism,top_set_disagreement,5,-0.05566343042071198,0.029072226124887655,-0.09175557991472069,-0.019571280926703266,0.0625,model_seed
0.0,0.02,confounded,public_residual_init_nll_best,V0_random_init_mechanism,mean_regret,5,-0.0005970374501393632,0.0003243354117416241,-0.0009996884929763796,-0.0001943864073023468,0.0625,model_seed
0.0,0.02,confounded,public_residual_init_nll_best,V6_oracle_initialized_joint,do_mae,5,0.0018516514078296422,0.0019896642360840823,-0.0006184469858449442,0.004321749801504229,0.125,model_seed
0.0,0.02,confounded,public_residual_init_nll_best,V6_oracle_initialized_joint,top_set_disagreement,5,0.35857605177993523,0.0853289501497838,0.2526431517074364,0.46450895185243407,0.0625,model_seed
0.0,0.02,confounded,public_residual_init_nll_best,V6_oracle_initialized_joint,mean_regret,5,0.0032689661777323665,0.0005523156133557798,0.0025832857073246687,0.003954646648140064,0.0625,model_seed
0.0,0.02,independent_latents,public_residual_init_nll_best,V0_random_init_mechanism,do_mae,5,-0.000422773680721367,0.001503566980476092,-0.002289399373589876,0.0014438520121471423,0.5625,model_seed
0.0,0.02,independent_latents,public_residual_init_nll_best,V0_random_init_mechanism,top_set_disagreement,5,0.05954692556634304,0.06487038669445597,-0.020987385230935338,0.1400812363636214,0.125,model_seed
0.0,0.02,independent_latents,public_residual_init_nll_best,V0_random_init_mechanism,mean_regret,5,0.000366628758198851,0.00027440568189702677,2.596372448289018e-05,0.0007072937919148118,0.125,model_seed
0.0,0.05,confounded,public_residual_init_nll_best,V0_random_init_mechanism,do_mae,5,-0.014575763460753519,0.0020417348919668007,-0.01711050574816699,-0.012041021173340044,0.0625,model_seed
0.0,0.05,confounded,public_residual_init_nll_best,V0_random_init_mechanism,top_set_disagreement,5,-0.6006472491909385,0.036870486391265,-0.6464206654072893,-0.5548738329745877,0.0625,model_seed
0.0,0.05,confounded,public_residual_init_nll_best,V0_random_init_mechanism,mean_regret,5,-0.005356997150775145,0.00018942652686828156,-0.005592163542797946,-0.005121830758752343,0.0625,model_seed
0.0,0.05,confounded,public_residual_init_nll_best,V6_oracle_initialized_joint,do_mae,5,0.0006186457815171274,0.0014582781219916775,-0.001191755381320185,0.00242904694435444,0.4375,model_seed
0.0,0.05,confounded,public_residual_init_nll_best,V6_oracle_initialized_joint,top_set_disagreement,5,0.07766990291262135,0.018163385372689047,0.05512069676059616,0.10021910906464654,0.0625,model_seed
0.0,0.05,confounded,public_residual_init_nll_best,V6_oracle_initialized_joint,mean_regret,5,0.00042375277028960077,7.778044845577645e-05,0.0003271910704281055,0.000520314470151096,0.0625,model_seed
0.0,0.05,independent_latents,public_residual_init_nll_best,V0_random_init_mechanism,do_mae,5,-0.0030845327877392107,0.0017580905637935202,-0.005267140585981458,-0.0009019249894969632,0.0625,model_seed
0.0,0.05,independent_latents,public_residual_init_nll_best,V0_random_init_mechanism,top_set_disagreement,5,0.025889967637540444,0.03268448200117177,-0.01468667088518593,0.06646660616026681,0.1875,model_seed
0.0,0.05,independent_latents,public_residual_init_nll_best,V0_random_init_mechanism,mean_regret,5,6.46739203668695e-05,0.00018384120791276303,-0.00016355849398775094,0.00029290633472148995,0.5,model_seed
0.0,0.1,confounded,public_residual_init_nll_best,V0_random_init_mechanism,do_mae,5,-0.03337798378883499,0.0014320421638676045,-0.03515581392946489,-0.03160015364820509,0.0625,model_seed
0.0,0.1,confounded,public_residual_init_nll_best,V0_random_init_mechanism,top_set_disagreement,5,-0.6297734627831715,0.03367873330937913,-0.6715844294476879,-0.587962496118655,0.0625,model_seed
0.0,0.1,confounded,public_residual_init_nll_best,V0_random_init_mechanism,mean_regret,5,-0.005493336806753289,0.00014032911606016543,-0.005667550484558644,-0.005319123128947934,0.0625,model_seed
0.0,0.1,confounded,public_residual_init_nll_best,V6_oracle_initialized_joint,do_mae,5,-0.00027573888171215124,0.0007625290367663085,-0.0012223919474342872,0.0006709141840099847,0.5,model_seed
0.0,0.1,confounded,public_residual_init_nll_best,V6_oracle_initialized_joint,top_set_disagreement,5,0.06278317152103559,0.03679940383741055,0.017098001803219486,0.10846834123885168,0.0625,model_seed
0.0,0.1,confounded,public_residual_init_nll_best,V6_oracle_initialized_joint,mean_regret,5,0.00031842362299810934,0.00019429677080770127,7.721099386987464e-05,0.0005596362521263441,0.125,model_seed
0.0,0.1,independent_latents,public_residual_init_nll_best,V0_random_init_mechanism,do_mae,5,-0.004220026797557361,0.0013168461663550437,-0.0058548451459194675,-0.002585208449195255,0.0625,model_seed
0.0,0.1,independent_latents,public_residual_init_nll_best,V0_random_init_mechanism,top_set_disagreement,5,0.0,0.09035445701173925,-0.11217189065291361,0.11217189065291361,1.0,model_seed
0.0,0.1,independent_latents,public_residual_init_nll_best,V0_random_init_mechanism,mean_regret,5,-7.100917234116458e-05,0.00033746131530689805,-0.0004899555642748315,0.00034793721959250237,0.625,model_seed
0.3,0.0,confounded,public_residual_init_nll_best,V0_random_init_mechanism,do_mae,5,0.0041166406104956215,0.009787684510528416,-0.008034426563950078,0.016267707784941323,0.6875,model_seed
0.3,0.0,confounded,public_residual_init_nll_best,V0_random_init_mechanism,top_set_disagreement,5,0.03754045307443365,0.03398828699835889,-0.0046548136423417985,0.0797357197912091,0.125,model_seed
0.3,0.0,confounded,public_residual_init_nll_best,V0_random_init_mechanism,mean_regret,5,0.0002491472543702941,0.0001258750997689223,9.287773104872007e-05,0.0004054167776918682,0.0625,model_seed
0.3,0.0,independent_latents,public_residual_init_nll_best,V0_random_init_mechanism,do_mae,5,0.000675430277248833,0.0023759348680120443,-0.0022742095637439054,0.0036250701182415717,0.5625,model_seed
0.3,0.0,independent_latents,public_residual_init_nll_best,V0_random_init_mechanism,top_set_disagreement,5,0.037540453074433655,0.048898380574779354,-0.023165172086105655,0.09824607823497297,0.1875,model_seed
0.3,0.0,independent_latents,public_residual_init_nll_best,V0_random_init_mechanism,mean_regret,5,0.0002987559841625018,0.00023136688956198765,1.152210223811476e-05,0.0005859898660868889,0.0625,model_seed
0.3,0.002,confounded,public_residual_init_nll_best,V0_random_init_mechanism,do_mae,5,0.005682091148164191,0.013117839825333693,-0.010603247098056346,0.02196742939438473,0.625,model_seed
0.3,0.002,confounded,public_residual_init_nll_best,V0_random_init_mechanism,top_set_disagreement,5,0.045307443365695796,0.06753604127737609,-0.03853618414138148,0.12915107087277305,0.25,model_seed
0.3,0.002,confounded,public_residual_init_nll_best,V0_random_init_mechanism,mean_regret,5,0.00027905425235110403,0.0002508705244316755,-3.239270848816973e-05,0.0005905012131903778,0.0625,model_seed
0.3,0.002,independent_latents,public_residual_init_nll_best,V0_random_init_mechanism,do_mae,5,-0.0004162158744933867,0.000575403663978909,-0.0011305593503082231,0.0002981276013214497,0.1875,model_seed
0.3,0.002,independent_latents,public_residual_init_nll_best,V0_random_init_mechanism,top_set_disagreement,5,0.017475728155339813,0.023066057839748168,-0.011159973982274172,0.046111430292953795,0.25,model_seed
0.3,0.002,independent_latents,public_residual_init_nll_best,V0_random_init_mechanism,mean_regret,5,0.00018241684018920908,0.00012527924824754774,2.6887045641527357e-05,0.0003379466347368908,0.0625,model_seed
0.3,0.005,confounded,public_residual_init_nll_best,V0_random_init_mechanism,do_mae,5,0.0028655162731476154,0.0073915428754685155,-0.006310825067442297,0.012041857613737529,0.625,model_seed
0.3,0.005,confounded,public_residual_init_nll_best,V0_random_init_mechanism,top_set_disagreement,5,0.03818770226537217,0.044866088868927824,-0.017511974110032358,0.0938873786407767,0.125,model_seed
0.3,0.005,confounded,public_residual_init_nll_best,V0_random_init_mechanism,mean_regret,5,0.00027467870576790434,0.00021713218272189307,5.116713332443241e-06,0.0005442406982033654,0.0625,model_seed
0.3,0.005,independent_latents,public_residual_init_nll_best,V0_random_init_mechanism,do_mae,5,-0.00026986311988685675,0.001510578554600981,-0.002145193436213395,0.0016054671964396815,0.75,model_seed
0.3,0.005,independent_latents,public_residual_init_nll_best,V0_random_init_mechanism,top_set_disagreement,5,0.03236245954692557,0.05914455301778986,-0.04106342948215699,0.10578834857600813,0.375,model_seed
0.3,0.005,independent_latents,public_residual_init_nll_best,V0_random_init_mechanism,mean_regret,5,0.00025153786840024936,0.00024767816905921957,-5.594589516456298e-05,0.0005590216319650617,0.125,model_seed
0.3,0.01,confounded,public_residual_init_nll_best,V0_random_init_mechanism,do_mae,5,0.0033863353608867023,0.009569200554653065,-0.008493491642145187,0.015266162363918593,0.8125,model_seed
0.3,0.01,confounded,public_residual_init_nll_best,V0_random_init_mechanism,top_set_disagreement,5,-0.012944983818770217,0.05623995856628726,-0.08276492066817581,0.05687495303063538,0.625,model_seed
0.3,0.01,confounded,public_residual_init_nll_best,V0_random_init_mechanism,mean_regret,5,2.0040993028130805e-05,0.00031484224130044205,-0.00037082461152619645,0.000410906597582458,0.9375,model_seed
0.3,0.01,independent_latents,public_residual_init_nll_best,V0_random_init_mechanism,do_mae,5,-0.0007970258276681696,0.00046132118343366664,-0.0013697399034914655,-0.00022431175184487373,0.0625,model_seed
0.3,0.01,independent_latents,public_residual_init_nll_best,V0_random_init_mechanism,top_set_disagreement,5,0.03365695792880259,0.04321327607197537,-0.019990809304971005,0.08730472516257619,0.25,model_seed
0.3,0.01,independent_latents,public_residual_init_nll_best,V0_random_init_mechanism,mean_regret,5,0.00024069520127251398,0.00018382935522249824,1.2477501617315064e-05,0.0004689129009277129,0.0625,model_seed
0.3,0.02,confounded,public_residual_init_nll_best,V0_random_init_mechanism,do_mae,5,-0.0011567468419381999,0.0006823360284701409,-0.00200384309933867,-0.0003096505845377295,0.0625,model_seed
0.3,0.02,confounded,public_residual_init_nll_best,V0_random_init_mechanism,top_set_disagreement,5,-0.034304207119741095,0.03352288456331021,-0.07592169302989736,0.00731327879041517,0.125,model_seed
0.3,0.02,confounded,public_residual_init_nll_best,V0_random_init_mechanism,mean_regret,5,-0.00027049781815757817,0.00019333021919921777,-0.0005105105073501092,-3.0485128965047128e-05,0.0625,model_seed
0.3,0.02,independent_latents,public_residual_init_nll_best,V0_random_init_mechanism,do_mae,5,-0.0006364064700023975,0.0014566950144099448,-0.0024448422602789868,0.0011720293202741915,0.4375,model_seed
0.3,0.02,independent_latents,public_residual_init_nll_best,V0_random_init_mechanism,top_set_disagreement,5,0.026537216828478948,0.056490802940051425,-0.04359413451662903,0.09666856817358693,0.3125,model_seed
0.3,0.02,independent_latents,public_residual_init_nll_best,V0_random_init_mechanism,mean_regret,5,0.00019617059116716325,0.0002394998475242816,-0.00010116007293491601,0.0004935012552692425,0.0625,model_seed
0.3,0.05,confounded,public_residual_init_nll_best,V0_random_init_mechanism,do_mae,5,-0.012436337817589151,0.001380489807622347,-0.014150167515309061,-0.010722508119869242,0.0625,model_seed
0.3,0.05,confounded,public_residual_init_nll_best,V0_random_init_mechanism,top_set_disagreement,5,-0.5262135922330097,0.034750109244132354,-0.5693546345592689,-0.4830725499067504,0.0625,model_seed
0.3,0.05,confounded,public_residual_init_nll_best,V0_random_init_mechanism,mean_regret,5,-0.004895185940718316,0.00018582537093884854,-0.005125881623907265,-0.004664490257529368,0.0625,model_seed
0.3,0.05,independent_latents,public_residual_init_nll_best,V0_random_init_mechanism,do_mae,5,-0.003648096438006011,0.0018011366301718434,-0.00588414441850955,-0.0014120484575024725,0.0625,model_seed
0.3,0.05,independent_latents,public_residual_init_nll_best,V0_random_init_mechanism,top_set_disagreement,5,0.012944983818770217,0.04268901604619068,-0.04005193297296737,0.06594190061050781,0.75,model_seed
0.3,0.05,independent_latents,public_residual_init_nll_best,V0_random_init_mechanism,mean_regret,5,1.3962887238364225e-05,0.0001885856988556919,-0.00022015964628530627,0.0002480854207620347,0.875,model_seed
0.3,0.1,confounded,public_residual_init_nll_best,V0_random_init_mechanism,do_mae,5,-0.03209061940897669,0.0021466022517634396,-0.034755550847044236,-0.02942568797090914,0.0625,model_seed
0.3,0.1,confounded,public_residual_init_nll_best,V0_random_init_mechanism,top_set_disagreement,5,-0.5773462783171521,0.03665682521590711,-0.6228544416750202,-0.531838114959284,0.0625,model_seed
0.3,0.1,confounded,public_residual_init_nll_best,V0_random_init_mechanism,mean_regret,5,-0.005148949973310839,0.0001605682918018054,-0.00534828987823636,-0.0049496100683853175,0.0625,model_seed
0.3,0.1,independent_latents,public_residual_init_nll_best,V0_random_init_mechanism,do_mae,5,-0.00415866570640186,0.0006551209796606053,-0.004971975434834752,-0.0033453559779689683,0.0625,model_seed
0.3,0.1,independent_latents,public_residual_init_nll_best,V0_random_init_mechanism,top_set_disagreement,5,-0.057605177993527525,0.0488340828736283,-0.11823097981229397,0.003020623825238919,0.125,model_seed
0.3,0.1,independent_latents,public_residual_init_nll_best,V0_random_init_mechanism,mean_regret,5,-0.00036518507651885974,0.00019323684580411807,-0.0006050818459149422,-0.00012528830712277723,0.0625,model_seed
