bootstrap_repetitions,bootstrap_unit,ci_high,ci_low,condition,kappa,lambda_reward,max,max_abs,mean,median,metric,mixture,n_anchors,p10,p25,p75,p90,std
2000,anchor_id,0.0,0.0,confounded,0.0,0.0,0.0,0.0,0.0,0.0,ranking_disagreement,logger1_heavy,512,0.0,0.0,0.0,0.0,0.0
2000,anchor_id,0.0,0.0,confounded,0.0,0.0,0.0,0.0,0.0,0.0,true_decision_regret,logger1_heavy,512,0.0,0.0,0.0,0.0,0.0
2000,anchor_id,0.0,0.0,confounded,0.0,0.0,0.0,0.0,0.0,0.0,ranking_disagreement,logger12_balanced,512,0.0,0.0,0.0,0.0,0.0
2000,anchor_id,0.0,0.0,confounded,0.0,0.0,0.0,0.0,0.0,0.0,true_decision_regret,logger12_balanced,512,0.0,0.0,0.0,0.0,0.0
2000,anchor_id,0.0,0.0,confounded,0.0,0.0,0.0,0.0,0.0,0.0,ranking_disagreement,logger2_heavy,512,0.0,0.0,0.0,0.0,0.0
2000,anchor_id,0.0,0.0,confounded,0.0,0.0,0.0,0.0,0.0,0.0,true_decision_regret,logger2_heavy,512,0.0,0.0,0.0,0.0,0.0
2000,anchor_id,0.0,0.0,independent_latents,0.0,0.0,0.0,0.0,0.0,0.0,ranking_disagreement,logger1_heavy,512,0.0,0.0,0.0,0.0,0.0
2000,anchor_id,0.0,0.0,independent_latents,0.0,0.0,0.0,0.0,0.0,0.0,true_decision_regret,logger1_heavy,512,0.0,0.0,0.0,0.0,0.0
2000,anchor_id,0.0,0.0,independent_latents,0.0,0.0,0.0,0.0,0.0,0.0,ranking_disagreement,logger12_balanced,512,0.0,0.0,0.0,0.0,0.0
2000,anchor_id,0.0,0.0,independent_latents,0.0,0.0,0.0,0.0,0.0,0.0,true_decision_regret,logger12_balanced,512,0.0,0.0,0.0,0.0,0.0
2000,anchor_id,0.0,0.0,independent_latents,0.0,0.0,0.0,0.0,0.0,0.0,ranking_disagreement,logger2_heavy,512,0.0,0.0,0.0,0.0,0.0
2000,anchor_id,0.0,0.0,independent_latents,0.0,0.0,0.0,0.0,0.0,0.0,true_decision_regret,logger2_heavy,512,0.0,0.0,0.0,0.0,0.0
2000,anchor_id,0.95703125,0.916015625,confounded,0.0,0.05,1.0,1.0,0.9375,1.0,ranking_disagreement,logger1_heavy,512,1.0,1.0,1.0,1.0,0.24229819411790596
2000,anchor_id,0.006301714255544352,0.00561850268363878,confounded,0.0,0.05,0.015318793659484076,0.015318793659484076,0.005954499135319631,0.0051582413307760255,true_decision_regret,logger1_heavy,512,0.0013880081661602262,0.0034485554834223775,0.006879838610890587,0.012631964115964857,0.003978222762339509
2000,anchor_id,0.95703125,0.9140625,confounded,0.0,0.05,1.0,1.0,0.9375,1.0,ranking_disagreement,logger12_balanced,512,1.0,1.0,1.0,1.0,0.24229819411790596
2000,anchor_id,0.006307036992813369,0.005622967012866951,confounded,0.0,0.05,0.015318793659484076,0.015318793659484076,0.005954499135319631,0.0051582413307760255,true_decision_regret,logger12_balanced,512,0.0013880081661602262,0.0034485554834223775,0.006879838610890587,0.012631964115964857,0.003978222762339509
2000,anchor_id,0.95703125,0.916015625,confounded,0.0,0.05,1.0,1.0,0.9375,1.0,ranking_disagreement,logger2_heavy,512,1.0,1.0,1.0,1.0,0.24229819411790596
2000,anchor_id,0.00629550658491595,0.0056236614497253675,confounded,0.0,0.05,0.015318793659484076,0.015318793659484076,0.005954499135319631,0.0051582413307760255,true_decision_regret,logger2_heavy,512,0.0013880081661602262,0.0034485554834223775,0.006879838610890587,0.012631964115964857,0.003978222762339509
2000,anchor_id,0.0,0.0,independent_latents,0.0,0.05,0.0,0.0,0.0,0.0,ranking_disagreement,logger1_heavy,512,0.0,0.0,0.0,0.0,0.0
2000,anchor_id,0.0,0.0,independent_latents,0.0,0.05,0.0,0.0,0.0,0.0,true_decision_regret,logger1_heavy,512,0.0,0.0,0.0,0.0,0.0
2000,anchor_id,0.0,0.0,independent_latents,0.0,0.05,0.0,0.0,0.0,0.0,ranking_disagreement,logger12_balanced,512,0.0,0.0,0.0,0.0,0.0
2000,anchor_id,0.0,0.0,independent_latents,0.0,0.05,0.0,0.0,0.0,0.0,true_decision_regret,logger12_balanced,512,0.0,0.0,0.0,0.0,0.0
2000,anchor_id,0.0,0.0,independent_latents,0.0,0.05,0.0,0.0,0.0,0.0,ranking_disagreement,logger2_heavy,512,0.0,0.0,0.0,0.0,0.0
2000,anchor_id,0.0,0.0,independent_latents,0.0,0.05,0.0,0.0,0.0,0.0,true_decision_regret,logger2_heavy,512,0.0,0.0,0.0,0.0,0.0
2000,anchor_id,0.95703125,0.916015625,confounded,0.0,0.1,1.0,1.0,0.9375,1.0,ranking_disagreement,logger1_heavy,512,1.0,1.0,1.0,1.0,0.24229819411790596
2000,anchor_id,0.006310324234690662,0.005621197499373918,confounded,0.0,0.1,0.015318793659484076,0.015318793659484076,0.005954499135319631,0.0051582413307760255,true_decision_regret,logger1_heavy,512,0.0013880081661602262,0.0034485554834223775,0.006879838610890587,0.012631964115964857,0.003978222762339509
2000,anchor_id,0.95703125,0.916015625,confounded,0.0,0.1,1.0,1.0,0.9375,1.0,ranking_disagreement,logger12_balanced,512,1.0,1.0,1.0,1.0,0.24229819411790596
2000,anchor_id,0.006303806644373643,0.005620788779216586,confounded,0.0,0.1,0.015318793659484076,0.015318793659484076,0.005954499135319631,0.0051582413307760255,true_decision_regret,logger12_balanced,512,0.0013880081661602262,0.0034485554834223775,0.006879838610890587,0.012631964115964857,0.003978222762339509
2000,anchor_id,0.95703125,0.916015625,confounded,0.0,0.1,1.0,1.0,0.9375,1.0,ranking_disagreement,logger2_heavy,512,1.0,1.0,1.0,1.0,0.24229819411790596
2000,anchor_id,0.006298747133575144,0.005637408528791918,confounded,0.0,0.1,0.015318793659484076,0.015318793659484076,0.005954499135319631,0.0051582413307760255,true_decision_regret,logger2_heavy,512,0.0013880081661602262,0.0034485554834223775,0.006879838610890587,0.012631964115964857,0.003978222762339509
2000,anchor_id,0.0,0.0,independent_latents,0.0,0.1,0.0,0.0,0.0,0.0,ranking_disagreement,logger1_heavy,512,0.0,0.0,0.0,0.0,0.0
2000,anchor_id,0.0,0.0,independent_latents,0.0,0.1,0.0,0.0,0.0,0.0,true_decision_regret,logger1_heavy,512,0.0,0.0,0.0,0.0,0.0
2000,anchor_id,0.0,0.0,independent_latents,0.0,0.1,0.0,0.0,0.0,0.0,ranking_disagreement,logger12_balanced,512,0.0,0.0,0.0,0.0,0.0
2000,anchor_id,0.0,0.0,independent_latents,0.0,0.1,0.0,0.0,0.0,0.0,true_decision_regret,logger12_balanced,512,0.0,0.0,0.0,0.0,0.0
2000,anchor_id,0.0,0.0,independent_latents,0.0,0.1,0.0,0.0,0.0,0.0,ranking_disagreement,logger2_heavy,512,0.0,0.0,0.0,0.0,0.0
2000,anchor_id,0.0,0.0,independent_latents,0.0,0.1,0.0,0.0,0.0,0.0,true_decision_regret,logger2_heavy,512,0.0,0.0,0.0,0.0,0.0
2000,anchor_id,0.958984375,0.916015625,confounded,0.0,0.2,1.0,1.0,0.9375,1.0,ranking_disagreement,logger1_heavy,512,1.0,1.0,1.0,1.0,0.24229819411790596
2000,anchor_id,0.0063008775468315435,0.00560330511360665,confounded,0.0,0.2,0.015318793659484076,0.015318793659484076,0.005954499135319631,0.0051582413307760255,true_decision_regret,logger1_heavy,512,0.0013880081661602262,0.0034485554834223775,0.006879838610890587,0.012631964115964857,0.003978222762339509
2000,anchor_id,0.958984375,0.916015625,confounded,0.0,0.2,1.0,1.0,0.9375,1.0,ranking_disagreement,logger12_balanced,512,1.0,1.0,1.0,1.0,0.24229819411790596
2000,anchor_id,0.0062801127652608296,0.0056170114969433214,confounded,0.0,0.2,0.015318793659484076,0.015318793659484076,0.005954499135319631,0.0051582413307760255,true_decision_regret,logger12_balanced,512,0.0013880081661602262,0.0034485554834223775,0.006879838610890587,0.012631964115964857,0.003978222762339509
2000,anchor_id,0.95703125,0.91796875,confounded,0.0,0.2,1.0,1.0,0.9375,1.0,ranking_disagreement,logger2_heavy,512,1.0,1.0,1.0,1.0,0.24229819411790596
2000,anchor_id,0.006299486097935593,0.005615293654368884,confounded,0.0,0.2,0.015318793659484076,0.015318793659484076,0.005954499135319631,0.0051582413307760255,true_decision_regret,logger2_heavy,512,0.0013880081661602262,0.0034485554834223775,0.006879838610890587,0.012631964115964857,0.003978222762339509
2000,anchor_id,0.0,0.0,independent_latents,0.0,0.2,0.0,0.0,0.0,0.0,ranking_disagreement,logger1_heavy,512,0.0,0.0,0.0,0.0,0.0
2000,anchor_id,0.0,0.0,independent_latents,0.0,0.2,0.0,0.0,0.0,0.0,true_decision_regret,logger1_heavy,512,0.0,0.0,0.0,0.0,0.0
2000,anchor_id,0.0,0.0,independent_latents,0.0,0.2,0.0,0.0,0.0,0.0,ranking_disagreement,logger12_balanced,512,0.0,0.0,0.0,0.0,0.0
2000,anchor_id,0.0,0.0,independent_latents,0.0,0.2,0.0,0.0,0.0,0.0,true_decision_regret,logger12_balanced,512,0.0,0.0,0.0,0.0,0.0
2000,anchor_id,0.0,0.0,independent_latents,0.0,0.2,0.0,0.0,0.0,0.0,ranking_disagreement,logger2_heavy,512,0.0,0.0,0.0,0.0,0.0
2000,anchor_id,0.0,0.0,independent_latents,0.0,0.2,0.0,0.0,0.0,0.0,true_decision_regret,logger2_heavy,512,0.0,0.0,0.0,0.0,0.0
2000,anchor_id,0.037109375,0.01171875,confounded,0.3,0.0,1.0,1.0,0.0234375,0.0,ranking_disagreement,logger1_heavy,512,0.0,0.0,0.0,0.0,0.15143637132369123
2000,anchor_id,9.454730906640345e-06,1.9774983130850347e-06,confounded,0.3,0.0,0.0006926539511105112,0.0006926539511105112,5.3795066745502065e-06,0.0,true_decision_regret,logger1_heavy,512,0.0,0.0,0.0,0.0,4.440994375380148e-05
2000,anchor_id,0.037109375,0.01171875,confounded,0.3,0.0,1.0,1.0,0.0234375,0.0,ranking_disagreement,logger12_balanced,512,0.0,0.0,0.0,0.0,0.15143637132369123
2000,anchor_id,9.468537427422224e-06,2.091700240318688e-06,confounded,0.3,0.0,0.0006926539511105112,0.0006926539511105112,5.3795066745502065e-06,0.0,true_decision_regret,logger12_balanced,512,0.0,0.0,0.0,0.0,4.440994375380148e-05
2000,anchor_id,0.03515625,0.009765625,confounded,0.3,0.0,1.0,1.0,0.021484375,0.0,ranking_disagreement,logger2_heavy,512,0.0,0.0,0.0,0.0,0.14513420387032275
2000,anchor_id,7.17957871347765e-06,1.5202715528398436e-06,confounded,0.3,0.0,0.0003932257953080942,0.0003932257953080942,4.026666926287489e-06,0.0,true_decision_regret,logger2_heavy,512,0.0,0.0,0.0,0.0,3.234361603453288e-05
2000,anchor_id,0.0,0.0,independent_latents,0.3,0.0,0.0,0.0,0.0,0.0,ranking_disagreement,logger1_heavy,512,0.0,0.0,0.0,0.0,0.0
2000,anchor_id,0.0,0.0,independent_latents,0.3,0.0,0.0,0.0,0.0,0.0,true_decision_regret,logger1_heavy,512,0.0,0.0,0.0,0.0,0.0
2000,anchor_id,0.0,0.0,independent_latents,0.3,0.0,0.0,0.0,0.0,0.0,ranking_disagreement,logger12_balanced,512,0.0,0.0,0.0,0.0,0.0
2000,anchor_id,0.0,0.0,independent_latents,0.3,0.0,0.0,0.0,0.0,0.0,true_decision_regret,logger12_balanced,512,0.0,0.0,0.0,0.0,0.0
2000,anchor_id,0.0,0.0,independent_latents,0.3,0.0,0.0,0.0,0.0,0.0,ranking_disagreement,logger2_heavy,512,0.0,0.0,0.0,0.0,0.0
2000,anchor_id,0.0,0.0,independent_latents,0.3,0.0,0.0,0.0,0.0,0.0,true_decision_regret,logger2_heavy,512,0.0,0.0,0.0,0.0,0.0
2000,anchor_id,0.953125,0.91015625,confounded,0.3,0.05,1.0,1.0,0.93359375,1.0,ranking_disagreement,logger1_heavy,512,1.0,1.0,1.0,1.0,0.24923439521329827
2000,anchor_id,0.005804660242417325,0.005154544165600048,confounded,0.3,0.05,0.015270264769398523,0.015270264769398523,0.00547333961073496,0.004877140102116151,true_decision_regret,logger1_heavy,512,0.0011896071958128474,0.002902106628801304,0.006933916598502399,0.01162364902805111,0.003664663900332304
2000,anchor_id,0.953125,0.912109375,confounded,0.3,0.05,1.0,1.0,0.93359375,1.0,ranking_disagreement,logger12_balanced,512,1.0,1.0,1.0,1.0,0.24923439521329827
2000,anchor_id,0.005796961864030953,0.005155133657218556,confounded,0.3,0.05,0.015270264769398523,0.015270264769398523,0.00547333961073496,0.004877140102116151,true_decision_regret,logger12_balanced,512,0.0011896071958128474,0.002902106628801304,0.006933916598502399,0.01162364902805111,0.003664663900332304
2000,anchor_id,0.953125,0.912109375,confounded,0.3,0.05,1.0,1.0,0.93359375,1.0,ranking_disagreement,logger2_heavy,512,1.0,1.0,1.0,1.0,0.24923439521329827
2000,anchor_id,0.00578268852764814,0.005165362682996673,confounded,0.3,0.05,0.015270264769398523,0.015270264769398523,0.00547333961073496,0.004877140102116151,true_decision_regret,logger2_heavy,512,0.0011896071958128474,0.002902106628801304,0.006933916598502399,0.01162364902805111,0.003664663900332304
2000,anchor_id,0.0,0.0,independent_latents,0.3,0.05,0.0,0.0,0.0,0.0,ranking_disagreement,logger1_heavy,512,0.0,0.0,0.0,0.0,0.0
2000,anchor_id,0.0,0.0,independent_latents,0.3,0.05,0.0,0.0,0.0,0.0,true_decision_regret,logger1_heavy,512,0.0,0.0,0.0,0.0,0.0
2000,anchor_id,0.0,0.0,independent_latents,0.3,0.05,0.0,0.0,0.0,0.0,ranking_disagreement,logger12_balanced,512,0.0,0.0,0.0,0.0,0.0
2000,anchor_id,0.0,0.0,independent_latents,0.3,0.05,0.0,0.0,0.0,0.0,true_decision_regret,logger12_balanced,512,0.0,0.0,0.0,0.0,0.0
2000,anchor_id,0.0,0.0,independent_latents,0.3,0.05,0.0,0.0,0.0,0.0,ranking_disagreement,logger2_heavy,512,0.0,0.0,0.0,0.0,0.0
2000,anchor_id,0.0,0.0,independent_latents,0.3,0.05,0.0,0.0,0.0,0.0,true_decision_regret,logger2_heavy,512,0.0,0.0,0.0,0.0,0.0
2000,anchor_id,0.955078125,0.91015625,confounded,0.3,0.1,1.0,1.0,0.93359375,1.0,ranking_disagreement,logger1_heavy,512,1.0,1.0,1.0,1.0,0.24923439521329827
2000,anchor_id,0.005798436825721857,0.005161085379039523,confounded,0.3,0.1,0.015270264769398523,0.015270264769398523,0.00547333961073496,0.004877140102116151,true_decision_regret,logger1_heavy,512,0.0011896071958128474,0.002902106628801304,0.006933916598502399,0.01162364902805111,0.003664663900332304
2000,anchor_id,0.955078125,0.91015625,confounded,0.3,0.1,1.0,1.0,0.93359375,1.0,ranking_disagreement,logger12_balanced,512,1.0,1.0,1.0,1.0,0.24923439521329827
2000,anchor_id,0.005792323791256755,0.0051680344180207675,confounded,0.3,0.1,0.015270264769398523,0.015270264769398523,0.00547333961073496,0.004877140102116151,true_decision_regret,logger12_balanced,512,0.0011896071958128474,0.002902106628801304,0.006933916598502399,0.01162364902805111,0.003664663900332304
2000,anchor_id,0.955078125,0.912109375,confounded,0.3,0.1,1.0,1.0,0.93359375,1.0,ranking_disagreement,logger2_heavy,512,1.0,1.0,1.0,1.0,0.24923439521329827
2000,anchor_id,0.005816441829285023,0.0051472130749064225,confounded,0.3,0.1,0.015270264769398523,0.015270264769398523,0.00547333961073496,0.004877140102116151,true_decision_regret,logger2_heavy,512,0.0011896071958128474,0.002902106628801304,0.006933916598502399,0.01162364902805111,0.003664663900332304
2000,anchor_id,0.0,0.0,independent_latents,0.3,0.1,0.0,0.0,0.0,0.0,ranking_disagreement,logger1_heavy,512,0.0,0.0,0.0,0.0,0.0
2000,anchor_id,0.0,0.0,independent_latents,0.3,0.1,0.0,0.0,0.0,0.0,true_decision_regret,logger1_heavy,512,0.0,0.0,0.0,0.0,0.0
2000,anchor_id,0.0,0.0,independent_latents,0.3,0.1,0.0,0.0,0.0,0.0,ranking_disagreement,logger12_balanced,512,0.0,0.0,0.0,0.0,0.0
2000,anchor_id,0.0,0.0,independent_latents,0.3,0.1,0.0,0.0,0.0,0.0,true_decision_regret,logger12_balanced,512,0.0,0.0,0.0,0.0,0.0
2000,anchor_id,0.0,0.0,independent_latents,0.3,0.1,0.0,0.0,0.0,0.0,ranking_disagreement,logger2_heavy,512,0.0,0.0,0.0,0.0,0.0
2000,anchor_id,0.0,0.0,independent_latents,0.3,0.1,0.0,0.0,0.0,0.0,true_decision_regret,logger2_heavy,512,0.0,0.0,0.0,0.0,0.0
2000,anchor_id,0.955078125,0.912109375,confounded,0.3,0.2,1.0,1.0,0.93359375,1.0,ranking_disagreement,logger1_heavy,512,1.0,1.0,1.0,1.0,0.24923439521329827
2000,anchor_id,0.005807898055468622,0.005167133930910363,confounded,0.3,0.2,0.015270264769398523,0.015270264769398523,0.00547333961073496,0.004877140102116151,true_decision_regret,logger1_heavy,512,0.0011896071958128474,0.002902106628801304,0.006933916598502399,0.01162364902805111,0.003664663900332304
2000,anchor_id,0.953125,0.91015625,confounded,0.3,0.2,1.0,1.0,0.93359375,1.0,ranking_disagreement,logger12_balanced,512,1.0,1.0,1.0,1.0,0.24923439521329827
2000,anchor_id,0.005797235011823372,0.005157843397861951,confounded,0.3,0.2,0.015270264769398523,0.015270264769398523,0.00547333961073496,0.004877140102116151,true_decision_regret,logger12_balanced,512,0.0011896071958128474,0.002902106628801304,0.006933916598502399,0.01162364902805111,0.003664663900332304
2000,anchor_id,0.955078125,0.912109375,confounded,0.3,0.2,1.0,1.0,0.93359375,1.0,ranking_disagreement,logger2_heavy,512,1.0,1.0,1.0,1.0,0.24923439521329827
2000,anchor_id,0.005788091526102105,0.00517084607572912,confounded,0.3,0.2,0.015270264769398523,0.015270264769398523,0.00547333961073496,0.004877140102116151,true_decision_regret,logger2_heavy,512,0.0011896071958128474,0.002902106628801304,0.006933916598502399,0.01162364902805111,0.003664663900332304
2000,anchor_id,0.0,0.0,independent_latents,0.3,0.2,0.0,0.0,0.0,0.0,ranking_disagreement,logger1_heavy,512,0.0,0.0,0.0,0.0,0.0
2000,anchor_id,0.0,0.0,independent_latents,0.3,0.2,0.0,0.0,0.0,0.0,true_decision_regret,logger1_heavy,512,0.0,0.0,0.0,0.0,0.0
2000,anchor_id,0.0,0.0,independent_latents,0.3,0.2,0.0,0.0,0.0,0.0,ranking_disagreement,logger12_balanced,512,0.0,0.0,0.0,0.0,0.0
2000,anchor_id,0.0,0.0,independent_latents,0.3,0.2,0.0,0.0,0.0,0.0,true_decision_regret,logger12_balanced,512,0.0,0.0,0.0,0.0,0.0
2000,anchor_id,0.0,0.0,independent_latents,0.3,0.2,0.0,0.0,0.0,0.0,ranking_disagreement,logger2_heavy,512,0.0,0.0,0.0,0.0,0.0
2000,anchor_id,0.0,0.0,independent_latents,0.3,0.2,0.0,0.0,0.0,0.0,true_decision_regret,logger2_heavy,512,0.0,0.0,0.0,0.0,0.0
